player_id,gp_crucible,min_crucible,pts_crucible,ts_crucible,gp_reg,min_reg,pts_reg,ts_reg,pts36_crucible,pts36_reg,ts_delta,pts36_delta,crucible_resilience_score,player_name
1630544,9,270.79333333333335,117,0.6951045627376427,41,24.1,9.3,0.5591630591630592,15.554297250055392,13.892116182572614,0.13594150357458346,1.662181067482777,100.0,Tre Mann
203493,13,107.63666666666667,29,0.7093933463796477,44,9.5,2.2,0.5789473684210527,9.699297017744883,8.336842105263159,0.13044597795859503,1.3624549124817236,99.76525821596243,Reggie Bullock Jr.
1641733,16,243.17166666666668,133,0.6203358208955224,51,14.3,5.9,0.5058299039780522,19.689793904169207,14.853146853146853,0.11450591691747025,4.836647051022354,99.53051643192488,Nick Smith Jr.
1629656,15,307.395,123,0.6189613526570048,51,20.1,7.0,0.5150088287227781,14.40491875274484,12.53731343283582,0.10395252393422671,1.8676053199090195,99.29577464788733,Quentin Grimes
1631230,10,120.64999999999999,45,0.6517960602549246,33,12.7,4.4,0.5538771399798591,13.427268959801077,12.472440944881892,0.09791892027506555,0.954828014919185,99.06103286384976,Dominick Barlow
1626196,12,293.8516666666667,126,0.6642766765078026,43,25.6,9.9,0.5708025830258302,15.436359614544752,13.921875,0.09347409348197244,1.5144846145447524,98.82629107981221,Josh Richardson
1626166,18,238.01166666666666,99,0.6516587677725119,78,16.7,7.4,0.5609460278956944,14.974055893618662,15.952095808383236,0.0907127398768175,-0.9780399147645742,98.59154929577466,Cameron Payne
203496,9,194.98333333333332,77,0.6697981906750173,29,16.8,4.4,0.5795574288724974,14.21659970937687,9.428571428571429,0.09024076180251994,4.788028280805442,98.35680751173709,Robert Covington
1630692,8,125.81666666666666,37,0.5441176470588235,57,18.5,6.5,0.4551820728291316,10.58683269307193,12.64864864864865,0.0889355742296919,-2.0618159555767193,98.12206572769952,Jordan Goodwin
1630551,6,100.95333333333333,50,0.6103515625,15,15.7,5.9,0.5230496453900709,17.830020471504987,13.528662420382167,0.08730191710992907,4.30135805112282,97.88732394366197,Justin Champagnie
1631119,21,289.49666666666667,90,0.646551724137931,69,13.0,4.0,0.5611672278338945,11.191838708563138,11.076923076923077,0.08538449630403655,0.11491563164006102,97.65258215962442,Jaylin Williams
202397,18,305.1816666666667,69,0.5091499409681227,43,17.2,3.2,0.42735042735042733,8.139414228683462,6.697674418604652,0.08179951361769539,1.4417398100788095,97.41784037558685,Ish Smith
203486,18,283.1116666666667,111,0.7018209408194234,46,14.7,5.3,0.6208997188378632,14.114571988673491,12.979591836734695,0.08092122198156015,1.1349801519387963,97.1830985915493,Mason Plumlee
1629731,17,359.495,122,0.6756756756756757,54,20.5,5.4,0.5973451327433629,12.217137929595683,9.482926829268294,0.07833054293231279,2.7342111003273892,96.94835680751174,Dean Wade
1626192,29,600.7483333333333,158,0.64374185136897,76,22.1,5.6,0.5654281098546041,9.468191061703596,9.122171945701357,0.07831374151436588,0.346019116002239,96.71361502347418,Pat Connaughton
1630194,29,613.2766666666666,265,0.6536108918705604,82,19.4,7.3,0.5757097791798107,15.555785045357453,13.54639175257732,0.07790111269074973,2.0093932927801337,96.47887323943662,Paul Reed
203995,9,249.555,106,0.5915178571428572,60,19.6,7.0,0.5168340224453633,15.29121836869628,12.857142857142856,0.07468383469749396,2.4340755115534236,96.24413145539906,Vasilije Micic
1629684,7,224.33166666666668,102,0.6592554291623578,76,28.0,10.3,0.5857597816196543,16.368620866425456,13.242857142857144,0.07349564754270355,3.125763723568312,96.0093896713615,Grant Williams
1631303,19,186.23,40,0.458295142071494,34,11.2,1.8,0.385934819897084,7.732373946195565,5.7857142857142865,0.07236032217441002,1.946659660481279,95.77464788732394,Justin Minaya
1629312,20,410.2316666666667,131,0.6552621048419368,66,20.7,6.1,0.5842911877394636,11.495943349083241,10.608695652173912,0.07097091710247316,0.8872476969093288,95.53990610328638,Haywood Highsmith
204060,19,313.5933333333333,96,0.6952491309385863,68,17.2,4.4,0.625,11.020642445630223,9.209302325581396,0.07024913093858631,1.8113401200488273,95.30516431924883,Joe Ingles
1628964,19,256.48333333333335,96,0.634920634920635,57,13.0,4.4,0.564681724845996,13.474559750471116,12.184615384615386,0.070238910074639,1.28994436585573,95.07042253521126,Mo Bamba
1630647,18,170.03166666666667,103,0.6169142309535218,43,9.1,4.8,0.5474452554744524,21.807702486791676,18.98901098901099,0.06946897547906938,2.818691497780687,94.83568075117371,Eugene Omoruyi
1641726,18,437.275,157,0.7942128692836908,55,23.5,8.8,0.7260726072607261,12.925504545194672,13.480851063829789,0.06814026202296475,-0.5553465186351172,94.60093896713614,Dereck Lively II
201976,16,343.10333333333335,125,0.6037480680061824,73,20.0,6.2,0.5412011173184358,13.115582283277147,11.16,0.06254695068774663,1.9555822832771472,94.36619718309859,Patrick Beverley
1641738,14,152.155,36,0.5625,44,9.0,2.0,0.5,8.517630048306003,8.0,0.0625,0.5176300483060032,94.13145539906104,Kobe Brown
1630543,19,210.68,109,0.7490379329301814,60,12.8,6.4,0.6884681583476765,18.6254034554775,18.0,0.0605697745825049,0.6254034554774996,93.89671361502347,Isaiah Jackson
1641706,24,750.1183333333333,436,0.6142921550946799,74,32.2,17.3,0.5540609787343069,20.924698547562496,19.341614906832298,0.06023117636037301,1.583083640730198,93.66197183098592,Brandon Miller
201976,10,199.51166666666666,63,0.5997715156130997,73,20.0,6.2,0.5412011173184358,11.367756271563067,11.16,0.05857039829466393,0.20775627156306697,93.42723004694837,Patrick Beverley
203937,25,573.0316666666666,180,0.5699088145896656,79,22.6,6.4,0.5121638924455826,11.308275575229992,10.194690265486726,0.057744922144083,1.1135853097432662,93.1924882629108,Kyle Anderson
202692,14,309.33,159,0.5929295942720764,66,18.4,10.4,0.5360824742268042,18.504509746872273,20.347826086956523,0.05684712004527215,-1.8433163400842503,92.95774647887323,Alec Burks
1629677,15,195.89166666666665,100,0.5360205831903945,43,9.4,4.1,0.4798689138576778,18.377504573105885,15.702127659574467,0.05615166933271665,2.6753769135314176,92.72300469483568,Luka Samanic
1629162,20,249.54833333333332,95,0.6932282545242265,56,11.2,3.5,0.6405563689604685,13.704759932945523,11.25,0.052671885563758014,2.4547599329455227,92.48826291079813,Jordan McLaughlin
1628470,22,416.995,132,0.6217030896759609,53,19.8,5.7,0.5690894568690096,11.395820093766114,10.363636363636365,0.052613632806951305,1.0321837301297485,92.25352112676056,Torrey Craig
1629637,24,314.21833333333336,113,0.7622773880194279,70,12.5,4.3,0.7100396301188904,12.946411995905182,12.383999999999999,0.05223775790053753,0.5624119959051832,92.01877934272301,Jaxson Hayes
200768,10,284.15500000000003,88,0.641399416909621,60,28.2,8.1,0.5893480791618161,11.148844820608469,10.340425531914892,0.052051337747804904,0.8084192886935764,91.78403755868545,Kyle Lowry
1641778,11,113.375,39,0.6482712765957447,26,10.9,2.7,0.5962897526501767,12.383682469680265,8.917431192660551,0.05198152394556799,3.4662512770197136,91.54929577464789,Leaky Black
1628384,6,210.74166666666667,106,0.6495098039215687,50,34.0,14.7,0.5979498861047836,18.107477559413184,15.56470588235294,0.05155991781678504,2.5427716770602444,91.31455399061032,OG Anunoby
203109,19,420.12,125,0.5936550151975684,50,23.1,6.2,0.5430974071478627,10.711225364181661,9.662337662337663,0.05055760804970566,1.0488877018439986,91.07981220657277,Jae Crowder
1630548,7,148.99166666666667,54,0.6696428571428571,20,18.6,7.2,0.6198347107438017,13.047709603445382,13.935483870967742,0.0498081463990554,-0.8877742675223601,90.84507042253522,Johnny Juzang
1630201,8,127.38666666666667,72,0.5832793259883344,69,12.7,5.5,0.5350194552529183,20.347498429976973,15.590551181102363,0.048259870735416155,4.75694724887461,90.61032863849765,Malachi Flynn
1629008,25,815.0433333333333,479,0.6477875148761224,81,31.7,16.7,0.600028743891923,21.157157288160548,18.965299684542586,0.04775877098419945,2.1918576036179616,90.3755868544601,Michael Porter Jr.
1630197,8,161.31666666666666,67,0.5716723549488054,28,14.5,5.2,0.5241935483870968,14.951957846885009,12.910344827586206,0.047478806561708664,2.0416130192988025,90.14084507042254,Aleksej Pokusevski
1629006,16,215.72,77,0.6019387116948093,60,16.0,4.6,0.5544840887174542,12.84999072872242,10.35,0.04745462297735503,2.4999907287224197,89.90610328638498,Josh Okogie
1630552,19,620.945,312,0.6331168831168831,56,33.7,16.0,0.5863383172090296,18.08855856798911,17.0919881305638,0.04677856590785345,0.9965704374253122,89.67136150234741,Jalen Johnson
1626179,10,360.6,231,0.6013119533527697,61,33.4,19.8,0.5559299191374664,23.061564059900167,21.34131736526946,0.04538203421530329,1.7202466946307062,89.43661971830986,Terry Rozier
1631222,13,266.905,125,0.5793474230626623,35,23.0,10.8,0.5365659777424484,16.859931436278828,16.90434782608696,0.042781445320213884,-0.044416389808130674,89.2018779342723,Jake LaRavia
1630243,8,109.49166666666666,31,0.5098684210526316,14,11.8,2.9,0.46834625322997414,10.192556511150013,8.847457627118644,0.041522167822657496,1.3450988840313691,88.96713615023474,Trevelin Queen
1631165,23,392.875,148,0.6597717546362339,57,17.2,5.4,0.618698441796517,13.561565383391663,11.302325581395351,0.041073312839716936,2.259239801996312,88.73239436619718,Keon Ellis
1630590,8,206.81666666666666,111,0.6353021978021978,21,25.1,12.9,0.5947989671707857,19.321460230477882,18.50199203187251,0.040503230631412035,0.8194681986053709,88.49765258215963,Scotty Pippen Jr.
1630209,16,233.10166666666666,94,0.6047349459598559,48,11.4,4.6,0.5659448818897638,14.51727071878508,14.526315789473683,0.03879006407009211,-0.009045070688603829,88.26291079812206,Omer Yurtseven
1641739,22,558.3983333333333,184,0.5803684077718899,70,24.8,7.5,0.5422209369577791,11.862499589600018,10.887096774193548,0.03814747081411085,0.9754028154064702,88.02816901408451,Toumani Camara
1629655,9,164.89,86,0.7656695156695157,74,24.5,11.0,0.7278983589200635,18.7761537995027,16.163265306122447,0.037771156749452195,2.612888493380254,87.79342723004694,Daniel Gafford
1630526,15,158.26833333333335,56,0.6003430531732419,39,8.6,2.9,0.562888198757764,12.7378608060151,12.13953488372093,0.03745485441547791,0.598325922294169,87.55868544600939,Jeremiah Robinson-Earl
202687,10,251.545,59,0.59910641754671,40,19.8,4.4,0.5617977528089888,8.443817209644397,8.0,0.03730866473772121,0.4438172096443971,87.32394366197182,Bismack Biyombo
1630165,14,348.855,113,0.5140101892285298,42,24.0,6.9,0.47731045932484784,11.661005288730275,10.350000000000001,0.03669972990368198,1.3110052887302732,87.08920187793427,Killian Hayes
203915,6,135.495,36,0.5813953488372093,76,28.3,10.5,0.5450581395348837,9.564928595151112,13.356890459363957,0.036337209302325646,-3.791961864212844,86.85446009389672,Spencer Dinwiddie
1641748,23,233.75166666666667,46,0.6162915326902465,57,10.0,2.2,0.5826271186440678,7.084441465657998,7.920000000000001,0.0336644140461787,-0.8355585343420024,86.61971830985915,Andre Jackson Jr.
203957,15,293.095,138,0.680205047318612,55,19.8,7.8,0.6469807564698075,16.95013562155615,14.181818181818182,0.033224290848804516,2.7683174397379684,86.3849765258216,Danté Exum
1630201,10,142.50666666666666,48,0.5671077504725898,69,12.7,5.5,0.5350194552529183,12.125748502994012,15.590551181102363,0.03208829521967149,-3.4648026781083505,86.15023474178403,Malachi Flynn
1630241,18,385.6333333333333,173,0.6362165342747866,61,17.5,8.0,0.6042296072507553,16.150056184631342,16.457142857142856,0.031986927024031386,-0.3070866725115131,85.91549295774648,Sam Merrill
201145,23,426.16333333333336,145,0.6175468483816013,78,16.8,6.5,0.5870664739884393,12.248824785489132,13.928571428571427,0.03048037439316209,-1.6797466430822947,85.68075117370893,Jeff Green
1630559,29,916.245,485,0.6437141643661074,82,32.1,15.9,0.6138048177887585,19.05603850498502,17.83177570093458,0.029909346577348894,1.22426280405044,85.44600938967136,Austin Reaves
1628995,11,209.63166666666666,85,0.5999435347261434,31,18.1,7.2,0.570703868103995,14.597031300932588,14.320441988950275,0.029239666622148386,0.2765893119823133,85.2112676056338,Kevin Knox II
1631099,27,904.9266666666667,432,0.5957634598411298,77,33.6,15.2,0.5669949268874962,17.185922984551233,16.285714285714285,0.028768532953633574,0.9002086988369484,84.97652582159625,Keegan Murray
1629029,21,791.365,752,0.6459593183067619,70,37.5,33.9,0.6179816246171794,34.2092460495473,32.544,0.027977693689582472,1.6652460495473065,84.74178403755869,Luka Dončić
1630699,20,225.44166666666666,79,0.6122132672039678,48,12.7,4.4,0.5844845908607864,12.615236757476065,12.472440944881892,0.027728676343181435,0.14279581259417284,84.50704225352112,MarJon Beauchamp
1630264,19,180.92666666666668,94,0.5692829457364341,50,9.3,3.8,0.5416191562143672,18.70371052728546,14.709677419354838,0.02766378952206694,3.994033107930621,84.27230046948357,Anthony Gill
204456,23,441.25666666666666,264,0.6072874493927125,71,18.2,10.2,0.5798090040927694,21.53848478209961,20.175824175824175,0.027478445299943144,1.3626606062754334,84.03755868544602,T.J. McConnell
1627751,16,434.4866666666667,174,0.6782039289055192,50,26.4,11.1,0.6511027686532145,14.417013180304728,15.136363636363637,0.02710116025230469,-0.7193504560589083,83.80281690140845,Jakob Poeltl
1630556,19,105.86666666666667,49,0.5614115490375802,54,5.1,1.7,0.535264483627204,16.662468513853902,12.000000000000002,0.026147065410376147,4.6624685138539,83.56807511737088,Kessler Edwards
1630193,10,245.19666666666666,163,0.604958432304038,68,29.2,17.0,0.5788613456823754,23.931809839720497,20.958904109589042,0.026097086621662657,2.9729057301314548,83.33333333333334,Immanuel Quickley
1631103,28,581.9533333333334,250,0.5514381506970178,75,21.3,9.2,0.5255941499085922,15.465157572772158,15.549295774647886,0.025844000788425636,-0.08413820187572796,83.09859154929578,Malaki Branham
1628365,12,253.61166666666665,93,0.5162078152753109,43,21.2,7.8,0.49044265593561365,13.201285429823812,13.245283018867926,0.025765159339697252,-0.043997589044113994,82.86384976525821,Markelle Fultz
203992,28,873.4566666666667,501,0.5955211106884747,79,30.4,16.9,0.5700215866162979,20.648992317878772,20.01315789473684,0.025499524072176816,0.6358344231419331,82.62910798122066,Bogdan Bogdanović
201580,17,126.56,68,0.6240822320117474,46,7.4,4.0,0.5988023952095809,19.34260429835651,19.459459459459456,0.0252798368021665,-0.11685516110294714,82.3943661971831,JaVale McGee
1630592,16,234.30833333333334,72,0.5590062111801242,43,15.5,5.0,0.533731853116994,11.062346623039442,11.612903225806452,0.025274358063130165,-0.5505566027670099,82.15962441314554,Jalen Wilson
1627936,25,695.375,270,0.6395679363274588,71,28.7,10.1,0.6146543330087634,13.97806938702139,12.668989547038327,0.02491360331869541,1.3090798399830632,81.92488262910797,Alex Caruso
1629628,10,345.18833333333333,223,0.6047949663701453,58,31.7,20.2,0.5804597701149425,23.256869438422502,22.94006309148265,0.02433519625520275,0.31680634693985255,81.69014084507043,RJ Barrett
1628418,9,137.68,73,0.6675201170446232,38,11.6,5.7,0.6436314363143631,19.087739686228936,17.689655172413794,0.02388868073026007,1.3980845138151423,81.45539906103286,Thomas Bryant
1641765,14,154.9,65,0.5168575063613231,40,8.4,3.0,0.4934210526315789,15.10652033570045,12.857142857142858,0.023436453729744178,2.2493774785575926,81.2206572769953,Olivier-Maxence Prosper
1631117,25,582.7083333333334,191,0.679618559635639,64,23.3,8.1,0.6574675324675324,11.800071505184127,12.515021459227468,0.022151027168106574,-0.714949954043341,80.98591549295774,Walker Kessler
1629670,14,226.21333333333334,111,0.5824937027707808,52,13.7,7.0,0.5608974358974359,17.664741247200283,18.394160583941606,0.021596266873344927,-0.7294193367413229,80.75117370892019,Jordan Nwora
203095,12,235.33333333333334,103,0.4888003037205771,32,18.1,6.9,0.46722643553629467,15.756373937677054,13.723756906077346,0.02157386818428242,2.032617031599708,80.51643192488262,Evan Fournier
1630204,12,177.68166666666667,39,0.5339539978094194,19,16.6,4.2,0.5126953125,7.901771895430967,9.108433734939759,0.021258685309419434,-1.2066618395087918,80.28169014084507,Ashton Hagans
1631109,8,210.875,90,0.6970260223048327,19,26.8,12.7,0.6758194976585781,15.364552459988143,17.059701492537314,0.02120652464625461,-1.6951490325491712,80.04694835680752,Mark Williams
203501,28,767.84,432,0.5612138848472251,79,26.8,14.4,0.5403782647853498,20.254219629089395,19.34328358208955,0.020835620061875337,0.9109360469998435,79.81220657276995,Tim Hardaway Jr.
203083,28,502.095,207,0.5935994494150034,79,17.1,8.4,0.5728314238952538,14.841812804349773,17.684210526315788,0.020768025519749655,-2.842397721966014,79.5774647887324,Andre Drummond
204001,21,650.9616666666667,450,0.6677350427350428,57,29.6,20.1,0.6470512490342519,24.886258023385913,24.445945945945947,0.020683793700790876,0.44031207743996603,79.34272300469483,Kristaps Porziņģis
1626162,23,724.635,343,0.5547289429421658,68,30.2,15.4,0.5348707974437343,17.04030304912128,18.357615894039736,0.019858145498431456,-1.3173128449184546,79.10798122065728,Kelly Oubre Jr.
1629643,18,201.44666666666666,61,0.4894094993581515,47,9.2,2.3,0.47054009819967263,10.901148360194593,9.0,0.01886940115847885,1.9011483601945933,78.87323943661971,Chuma Okeke
1630170,26,869.1766666666666,519,0.5984226547366479,68,33.1,19.5,0.579667063020214,21.496205221032934,21.20845921450151,0.018755591716433928,0.28774600653142457,78.63849765258216,Devin Vassell
1628415,23,728.455,301,0.5660448322551527,72,30.9,12.7,0.5483592400690845,14.875318310671215,14.79611650485437,0.017685592186068133,0.07920180581684555,78.40375586854461,Dillon Brooks
1630167,28,585.4766666666667,281,0.6926641688029974,82,21.1,10.3,0.6751442055584689,17.27822913523454,17.57345971563981,0.017519963244528536,-0.2952305804052706,78.16901408450704,Obi Toppin
1630183,23,691.5383333333333,269,0.5887760462265803,72,29.2,10.5,0.5716463414634146,14.003562106704138,12.945205479452055,0.017129704763165665,1.058356627252083,77.93427230046949,Jaden McDaniels
1628971,10,298.1766666666667,139,0.5782029950083195,67,27.8,10.8,0.5610972568578555,16.78199724995249,13.985611510791369,0.01710573815046401,2.7963857391611207,77.69953051643192,Bruce Brown
1630570,21,277.57,150,0.6375382522951377,63,13.6,6.9,0.6205035971223022,19.454552004899668,18.264705882352946,0.017034655172835533,1.1898461225467223,77.46478873239437,Trendon Watford
1627747,17,503.4166666666667,238,0.5385590152063722,68,28.8,14.0,0.5216095380029806,17.019698725376593,17.5,0.016949477203391572,-0.48030127462340744,77.23004694835682,Caris LeVert
1628976,14,366.01,172,0.6450645064506451,55,25.6,11.0,0.6281407035175879,16.91757055818147,15.46875,0.016923802933057175,1.4488205581814704,76.99530516431925,Wendell Carter Jr.
1629048,20,323.235,97,0.6391671059567738,62,15.4,5.0,0.6225099601593626,10.80328553529166,11.688311688311689,0.016657145797411288,-0.8850261530200285,76.76056338028168,Goga Bitadze
1630163,10,317.20666666666665,239,0.5783004258614015,22,32.3,23.9,0.5618769983073161,27.12427229356256,26.637770897832816,0.016423427554085435,0.4865013957297428,76.52582159624414,LaMelo Ball
1629636,18,626.4833333333333,359,0.5731162196679438,57,33.3,18.0,0.5567928730512249,20.62943946367288,19.45945945945946,0.01632334661671886,1.1699800042134214,76.29107981220658,Darius Garland
1630202,24,434.8666666666667,147,0.6155778894472361,82,22.3,9.6,0.5994005994005993,12.16924727885942,15.49775784753363,0.016177290046636816,-3.3285105686742114,76.05633802816901,Payton Pritchard
1631323,7,220.20000000000002,110,0.6160394265232975,66,24.9,10.5,0.6006864988558352,17.983651226158035,15.180722891566266,0.015352927667462213,2.802928334591769,75.82159624413146,Simone Fontecchio
1630557,27,679.68,371,0.6368442735512223,80,25.8,13.4,0.62152133580705,19.650423728813557,18.697674418604652,0.01532293774417226,0.9527493102089046,75.5868544600939,Corey Kispert
1631323,17,421.98333333333335,171,0.615639400921659,66,24.9,10.5,0.6006864988558352,14.588253880485011,15.180722891566266,0.014952902065823781,-0.5924690110812545,75.35211267605634,Simone Fontecchio
203991,26,676.8466666666667,265,0.6052439247213593,73,25.8,11.5,0.5908343608713523,14.094772819053059,16.046511627906977,0.014409563850007023,-1.9517388088539178,75.11737089201877,Clint Capela
1628371,19,301.3466666666667,135,0.6303698169592827,58,15.8,6.8,0.6163886874546772,16.12760497323127,15.493670886075948,0.013981129504605505,0.633934087155323,74.88262910798123,Jonathan Isaac
1630175,25,519.0883333333334,262,0.5617495711835335,81,22.4,11.6,0.5477899508877975,18.170317832867234,18.642857142857146,0.013959620295736053,-0.4725393099899122,74.64788732394366,Cole Anthony
200768,8,218.38,82,0.6032960565038258,60,28.2,8.1,0.5893480791618161,13.51772140305889,10.340425531914892,0.013947977342009699,3.177295871143997,74.4131455399061,Kyle Lowry
202681,20,734.0783333333334,569,0.6196097221012283,58,35.0,25.6,0.6070954278125593,27.904378960465163,26.33142857142857,0.012514294288669014,1.572950389036592,74.17840375586854,Kyrie Irving
1641854,16,237.705,103,0.5742640499553969,51,12.7,5.6,0.5617977528089887,15.599167034769987,15.874015748031496,0.012466297146408234,-0.27484871326150895,73.94366197183099,Craig Porter Jr.
1629234,23,391.2133333333333,118,0.6614349775784754,75,15.6,5.1,0.6491853360488798,10.858525612623975,11.76923076923077,0.012249641529595512,-0.9107051566067952,73.70892018779342,Drew Eubanks
203915,19,549.9883333333333,220,0.5572441742654508,76,28.3,10.5,0.5450581395348837,14.400305461024931,13.356890459363957,0.012186034730567119,1.043415001660975,73.47417840375586,Spencer Dinwiddie
203076,27,936.4833333333333,662,0.6327903953506155,76,35.5,24.7,0.6208526040619344,25.44839737315133,25.047887323943662,0.01193779128868111,0.40051004920766786,73.23943661971832,Anthony Davis
1628404,25,826.12,228,0.5327102803738317,81,33.4,9.4,0.5212954747116239,9.935602575896963,10.131736526946108,0.011414805662207872,-0.19613395104914488,73.00469483568075,Josh Hart
1630573,24,441.89666666666665,164,0.6374378109452737,79,22.0,9.0,0.6260434056761269,13.360589579766009,14.727272727272728,0.011394405269146812,-1.3666831475067198,72.76995305164318,Sam Hauser
1627752,28,802.0083333333333,259,0.589171974522293,78,27.0,8.9,0.5782224532224532,11.625814361862407,11.866666666666667,0.010949521299839726,-0.24085230480426034,72.53521126760563,Taurean Prince
1630700,17,397.19666666666666,113,0.5380952380952381,61,22.3,5.8,0.5276564774381368,10.241777792697153,9.363228699551568,0.010438760657101254,0.878549093145585,72.30046948356808,Dyson Daniels
203484,24,761.395,234,0.6144957983193277,76,31.6,10.1,0.6040669856459331,11.063902442227754,11.50632911392405,0.010428812673394572,-0.4424266716962961,72.06572769953051,Kentavious Caldwell-Pope
1628963,10,160.90833333333333,83,0.6384615384615384,50,21.1,11.7,0.6290322580645161,18.569578952819928,19.96208530805687,0.009429280397022288,-1.392506355236943,71.83098591549296,Marvin Bagley III
1629011,10,232.76666666666668,58,0.5659640905542545,31,24.8,5.6,0.5573248407643312,8.97035658026636,8.129032258064514,0.008639249789923253,0.8413243222018458,71.59624413145539,Mitchell Robinson
1641707,13,321.20666666666665,109,0.5870314519603619,40,21.4,7.3,0.5786303107165505,12.216433863971275,12.280373831775702,0.008401141243811416,-0.06393996780442635,71.36150234741784,Taylor Hendricks
1641712,17,312.335,82,0.46612096407457937,39,16.2,4.0,0.4582951420714941,9.451390334096404,8.88888888888889,0.007825822003085292,0.5625014452075145,71.12676056338029,Rayan Rupert
1629028,21,650.6716666666666,344,0.595073346249654,55,32.4,16.7,0.5873663477771525,19.03264063032303,18.555555555555554,0.007706998472501558,0.4770850747674764,70.89201877934272,Deandre Ayton
203078,20,652.455,365,0.6141472607349575,53,33.3,18.2,0.6066666666666667,20.139319953100213,19.675675675675677,0.0074805940682908245,0.4636442774245353,70.65727699530517,Bradley Beal
1628401,23,764.6716666666666,321,0.6188309685379395,73,32.6,15.2,0.6117192530585963,15.112368489308048,16.78527607361963,0.007111715479343195,-1.6729075843115826,70.4225352112676,Derrick White
1629002,4,107.60333333333332,33,0.6120178041543026,51,16.8,6.5,0.6049888309754281,11.040550168829963,13.928571428571427,0.00702897317887452,-2.888021259741464,70.18779342723005,Chimezie Metu
202684,18,251.85333333333332,70,0.5790866975512906,49,11.2,3.3,0.5721220527045769,10.005823495155912,10.607142857142858,0.0069646448467136635,-0.6013193619869455,69.95305164319248,Tristan Thompson
1641718,29,776.73,392,0.5379295202546931,75,27.0,13.0,0.5319148936170213,18.16847553203816,17.333333333333332,0.006014626637671827,0.8351421987048262,69.71830985915493,Keyonte George
1630166,25,748.6516666666666,378,0.6039882398057012,75,30.1,14.7,0.5983393031585803,18.176677627111854,17.58139534883721,0.00564893664712085,0.5952822782746452,69.48356807511738,Deni Avdija
1631093,27,743.18,391,0.5433574207893274,77,28.8,15.4,0.5378597373568036,18.94022982319223,19.25,0.00549768343252377,-0.3097701768077705,69.24882629107981,Jaden Ivey
1630550,24,281.42333333333335,76,0.5331088664421998,63,12.4,3.2,0.5277044854881267,9.722008362253781,9.29032258064516,0.00540438095407314,0.43168578160862126,69.01408450704226,JT Thor
1630174,26,779.61,357,0.6383206980403376,72,27.7,12.2,0.6330427563304275,16.48516565975295,15.855595667870036,0.005277941709910139,0.6295699918829154,68.7793427230047,Aaron Nesmith
203110,17,406.07166666666666,115,0.5879345603271984,55,27.1,8.6,0.583288117200217,10.195244681767997,11.424354243542435,0.00464644312698137,-1.2291095617744379,68.54460093896714,Draymond Green
1628398,23,752.5466666666666,489,0.5513710986830236,70,32.6,22.2,0.5469057942451715,23.392569231586968,24.515337423312882,0.004465304437852091,-1.122768191725914,68.30985915492957,Kyle Kuzma
202691,26,767.965,428,0.5821545157780196,77,29.7,17.9,0.577717531629228,20.063414348310143,21.696969696969695,0.004436984148791567,-1.6335553486595522,68.07511737089203,Klay Thompson
1629639,13,437.64,267,0.5619632934837515,42,33.5,20.8,0.55782021025531,21.963257471894707,22.35223880597015,0.00414308322844148,-0.3889813340754422,67.84037558685446,Tyler Herro
1641767,19,255.86833333333334,70,0.5252100840336135,57,14.3,4.4,0.5213270142180095,9.848815471499012,11.076923076923077,0.0038830698156039345,-1.2281076054240643,67.6056338028169,Ben Sheppard
1631105,22,647.94,300,0.659746657283603,61,29.1,13.8,0.6558935361216731,16.668210019446242,17.072164948453608,0.003853121161929929,-0.40395492900736585,67.37089201877934,Jalen Duren
1631098,20,264.0,69,0.45562599049128366,50,12.3,3.0,0.4518072289156626,9.409090909090908,8.78048780487805,0.0038187615756210547,0.6286031042128588,67.13615023474179,Johnny Davis
1629611,26,601.49,189,0.6171630094043887,75,25.0,8.8,0.6134969325153375,11.311908759912884,12.672,0.003666076889051184,-1.360091240087117,66.90140845070422,Terance Mann
203200,22,255.85666666666665,71,0.6016949152542372,58,14.9,4.0,0.5980861244019139,9.989968341649622,9.664429530201343,0.0036087908523233514,0.3255388114482791,66.66666666666666,Justin Holiday
1629723,18,397.75166666666667,77,0.5383109619686801,55,21.3,4.3,0.5348258706467662,6.969172557416479,7.267605633802816,0.00348509132191388,-0.2984330763863374,66.43192488262912,John Konchar
1629632,29,1057.32,541,0.5728990172822772,79,36.5,19.1,0.5700811843361986,18.420156622403816,18.838356164383566,0.0028178329460786244,-0.4181995419797495,66.19718309859155,Coby White
1631241,9,167.995,67,0.5579613590939374,22,18.3,7.0,0.5552030456852792,14.357570165778743,13.770491803278688,0.002758313408658175,0.5870783625000549,65.96244131455398,Javon Freeman-Liberty
202722,8,163.88333333333333,63,0.5846325167037861,43,15.7,6.7,0.5824061196105702,13.839113190277637,15.363057324840765,0.002226397093215926,-1.5239441345631288,65.72769953051643,Dāvis Bertāns
1630191,17,522.7633333333333,183,0.6014988167236393,46,30.9,10.9,0.5994280686317641,12.602261061410838,12.699029126213594,0.0020707480918751298,-0.09676806480275602,65.49295774647888,Isaiah Stewart
1629675,24,593.6716666666666,340,0.5996895724566107,81,24.2,13.5,0.5977683315621679,20.617456899576926,20.082644628099175,0.0019212408944427883,0.534812271477751,65.25821596244131,Naz Reid
203081,27,922.8616666666667,635,0.5922181601134074,73,35.3,24.3,0.5903790087463557,24.770776407442792,24.78186968838527,0.0018391513670517057,-0.011093280942478856,65.02347417840375,Damian Lillard
1628983,23,812.43,719,0.638770433546553,75,34.0,30.1,0.6369561537159303,31.859975628669552,31.87058823529412,0.001814279830622767,-0.01061260662456931,64.7887323943662,Shai Gilgeous-Alexander
1626145,24,710.9616666666667,258,0.5806625855239467,66,29.3,12.0,0.578927055191046,13.063995480300157,14.744027303754265,0.0017355303329006366,-1.680031823454108,64.55399061032864,Tyus Jones
1630164,19,331.12166666666667,134,0.6467181467181468,63,17.3,7.1,0.6449854651162791,14.5686630795327,14.774566473988438,0.0017326816018676805,-0.20590339445573846,64.31924882629107,James Wiseman
201572,30,902.8199999999999,377,0.6056419483356895,79,30.5,12.5,0.6039814456899885,15.032896922974679,14.754098360655739,0.0016605026457010563,0.27879856231893996,64.08450704225352,Brook Lopez
201939,25,814.2583333333333,660,0.6174225415356982,74,32.7,26.4,0.6157865273371897,29.1799285648494,29.064220183486235,0.0016360141985084509,0.11570838136316652,63.84976525821596,Stephen Curry
202066,12,144.26666666666668,55,0.5088823094004441,27,10.7,3.3,0.507380073800738,13.724584103512013,11.102803738317757,0.001502235599706081,2.6217803651942564,63.6150234741784,Garrett Temple
1627741,13,338.26666666666665,149,0.5827596996245307,84,25.7,12.1,0.5812836279784781,15.857311785573513,16.94941634241245,0.001476071646052568,-1.0921045568389385,63.38028169014085,Buddy Hield
1629631,21,646.765,333,0.5970309810671257,57,29.5,15.6,0.5956017104459377,18.5353258138582,19.03728813559322,0.001429270621188028,-0.501962321735018,63.14553990610329,De'Andre Hunter
1628379,12,327.1383333333333,138,0.638652350981118,39,25.6,11.0,0.6374594343996292,15.186236199772777,15.46875,0.001192916581488901,-0.28251380022722294,62.91079812206573,Luke Kennard
201950,22,743.8983333333333,271,0.5997698300283286,69,32.8,12.5,0.5986590038314177,13.114695332471507,13.71951219512195,0.0011108261969109412,-0.6048168626504431,62.676056338028175,Jrue Holiday
201144,23,671.785,269,0.6233778272154246,76,28.9,11.4,0.6222707423580787,14.415326332085415,14.200692041522494,0.001107084857345897,0.2146342905629215,62.441314553990615,Mike Conley
1628381,24,642.9533333333334,366,0.6204231082180635,68,28.0,15.1,0.6194617656711519,20.492933649927938,19.414285714285715,0.0009613425469116033,1.0786479356422234,62.20657276995305,John Collins
1626179,12,370.9,193,0.5567735979690746,61,33.4,19.8,0.5559299191374664,18.732812078727424,21.34131736526946,0.0008436788316081856,-2.6085052865420373,61.97183098591549,Terry Rozier
1630529,21,662.985,224,0.6382493731479372,76,30.5,11.0,0.6377551020408163,12.163171112468609,12.98360655737705,0.0004942711071208583,-0.8204354449084406,61.737089201877936,Herbert Jones
1626171,30,723.5566666666667,405,0.5822311673375503,82,24.5,13.8,0.581787521079258,20.150460456909617,20.27755102040816,0.0004436462582922962,-0.12709056349854464,61.502347417840376,Bobby Portis
1630245,26,764.7416666666667,320,0.6026819346090101,76,29.1,12.2,0.6030051403716884,15.063910470856172,15.092783505154637,-0.0003232057626783025,-0.028873034298465328,61.267605633802816,Ayo Dosunmu
1641716,10,104.75833333333333,34,0.5240443896424168,33,10.3,3.6,0.5244755244755245,11.684034683000558,12.58252427184466,-0.0004311348331076381,-0.898489588844102,61.03286384976526,Jarace Walker
1629013,19,278.66,119,0.5505181347150259,46,15.8,7.1,0.5512422360248447,15.373573530467235,16.177215189873415,-0.0007241013098188143,-0.8036416594061802,60.798122065727696,Landry Shamet
1628370,24,632.4449999999999,379,0.5639880952380952,72,26.0,15.4,0.5648474178403756,21.573417451319877,21.323076923076922,-0.0008593226022803879,0.2503405282429547,60.56338028169014,Malik Monk
1626181,27,713.135,386,0.6244338035460075,76,26.2,13.9,0.6254499640028798,19.485791610284167,19.099236641221374,-0.0010161604568722504,0.38655496906279296,60.328638497652584,Norman Powell
203935,5,147.40666666666667,78,0.5508474576271186,20,30.2,14.5,0.5520865062442888,19.049341956492245,17.28476821192053,-0.0012390486171701687,1.7645737445717167,60.093896713615024,Marcus Smart
1628998,7,163.68333333333334,45,0.4543618739903069,28,26.9,7.5,0.4557608167233836,9.897159148762855,10.037174721189592,-0.001398942733076669,-0.14001557242673712,59.859154929577464,Cody Martin
1628984,11,148.16833333333332,60,0.49767750497677504,23,13.6,5.0,0.4992012779552716,14.57801374562716,13.23529411764706,-0.0015237729784965404,1.3427196279801006,59.624413145539904,Devonte' Graham
203471,17,507.3,222,0.5458300550747442,80,31.1,14.0,0.5473881764153894,15.75399172087522,16.205787781350484,-0.0015581213406451466,-0.45179606047526377,59.38967136150235,Dennis Schröder
1630639,12,128.41666666666666,54,0.5109765329295988,42,7.4,3.2,0.5128205128205129,15.138221933809216,15.567567567567568,-0.0018439798909141158,-0.4293456337583521,59.154929577464785,A.J. Lawson
1630579,13,207.34666666666666,26,0.7019438444924406,45,13.0,2.0,0.7042253521126761,4.514179152466079,5.538461538461538,-0.00228150762023549,-1.024282385995459,58.920187793427225,Jericho Sims
1641764,24,539.8783333333333,166,0.5331449126413155,74,26.6,9.2,0.5358807082945014,11.069160644219222,12.451127819548871,-0.002735795653185935,-1.381967175329649,58.68544600938967,Brandin Podziemski
1630578,20,664.49,410,0.5808681854244587,63,32.5,21.1,0.5840345438441099,22.212523890502492,23.372307692307693,-0.003166358419651183,-1.159783801805201,58.45070422535211,Alperen Sengun
202711,9,182.375,107,0.579255088783023,57,25.9,15.2,0.5826433609322293,21.121315969842357,21.127413127413128,-0.0033882721492063395,-0.006097157570771117,58.21596244131455,Bojan Bogdanović
1629014,16,553.11,343,0.5637738330046023,46,34.4,22.6,0.5673830086362723,22.324673211476924,23.651162790697676,-0.0036091756316700696,-1.3264895792207518,57.981220657277,Anfernee Simons
1630581,25,633.205,285,0.5399363443467717,80,25.1,12.3,0.5440552016985138,16.203283296878578,17.64143426294821,-0.004118857351742111,-1.4381509660696317,57.74647887323944,Josh Giddey
1630180,24,781.2466666666667,298,0.5431612715077282,63,32.7,13.7,0.547649504317237,13.731898589433982,15.082568807339447,-0.00448823280950883,-1.3506702179054653,57.51173708920187,Saddiq Bey
1630200,27,766.8333333333334,296,0.5861850443599493,77,27.8,10.0,0.591016548463357,13.896109541404043,12.949640287769784,-0.004831504103407713,0.9464692536342589,57.27699530516433,Tre Jones
1628372,24,466.68666666666667,154,0.5072463768115941,56,18.9,6.6,0.5124223602484471,11.87949087896233,12.571428571428571,-0.005175983436852993,-0.6919376924662419,57.04225352112676,Dennis Smith Jr.
203507,25,871.4116666666666,741,0.64126973137635,73,35.2,30.4,0.6465883954398502,30.612397125736592,31.090909090909086,-0.005318664063500234,-0.47851196517249406,56.8075117370892,Giannis Antetokounmpo
1628436,16,202.67666666666668,69,0.7315521628498728,63,15.6,5.3,0.7369299221357063,12.25597421179876,12.230769230769232,-0.0053777592858335055,0.025204981029528284,56.57276995305164,Luke Kornet
1629018,23,622.5366666666666,278,0.5418680804615625,71,28.1,13.7,0.5472994566954298,16.076161511236286,17.551601423487543,-0.005431376233867247,-1.4754399122512574,56.33802816901409,Gary Trent Jr.
1641871,27,502.57666666666665,247,0.5693343167988199,68,17.9,9.1,0.5747852450732693,17.69282298554781,18.301675977653634,-0.005450928274449485,-0.6088529921058239,56.10328638497653,Duop Reath
1631200,25,639.5166666666667,176,0.478885502829778,62,21.7,6.1,0.48443456162642945,9.907482213129708,10.119815668202765,-0.005549058796651463,-0.21233345507305756,55.86854460093896,Kris Murray
1629021,24,442.23833333333334,274,0.6718320910160847,80,17.7,10.9,0.6775236200895077,22.304715029226323,22.169491525423734,-0.005691529073423074,0.13522350380258885,55.633802816901415,Moritz Wagner
1641711,21,446.04833333333335,196,0.539409951563188,60,21.1,8.5,0.5451513596716264,15.818913495921592,14.502369668246445,-0.005741408108438373,1.3165438276751473,55.39906103286385,Gradey Dick
1630346,14,192.775,67,0.6339894019682059,28,13.9,5.4,0.6398104265402844,12.511995850084295,13.985611510791369,-0.005821024572078559,-1.4736156607070736,55.16431924882629,Matt Ryan
1628991,24,778.8,499,0.5462387249321307,66,32.2,22.5,0.5522285489888081,23.066255778120187,25.15527950310559,-0.005989824056677473,-2.0890237249854025,54.929577464788736,Jaren Jackson Jr.
1641713,17,440.7216666666667,270,0.5508405418638812,48,25.7,14.6,0.5569118095819348,22.0547359822715,20.45136186770428,-0.006071267718053552,1.6033741145672202,54.694835680751176,GG Jackson
203999,24,849.6666666666666,681,0.6432295602236663,79,34.6,26.4,0.6496062992125984,28.853668105139274,27.468208092485547,-0.006376738988932096,1.385460012653727,54.460093896713616,Nikola Jokić
1630162,24,858.705,596,0.5684419349916069,79,35.1,25.9,0.5751465624444839,24.98646217269027,26.564102564102562,-0.006704627452877032,-1.5776403914122916,54.22535211267606,Anthony Edwards
1641717,25,478.7,146,0.5981645362176335,82,20.6,6.8,0.6049822064056939,10.979736787131817,11.883495145631066,-0.006817670188060343,-0.9037583584992497,53.990610328638496,Cason Wallace
1629680,21,433.975,111,0.5249716231555052,65,22.9,5.4,0.5319148936170213,9.20790368108762,8.489082969432316,-0.0069432704615161045,0.7188207116553045,53.755868544600936,Matisse Thybulle
1630649,8,102.99166666666667,40,0.6435006435006435,24,12.8,5.3,0.6507858546168959,13.981713730884374,14.906249999999998,-0.007285211116252355,-0.9245362691156238,53.52112676056338,Stanley Umude
1626172,25,462.67333333333335,123,0.6202097620008068,74,16.1,4.5,0.6277901785714286,9.570467284333079,10.062111801242235,-0.007580416570621806,-0.49164451690915634,53.286384976525824,Kevon Looney
1627783,14,443.8933333333333,280,0.5916159567275187,80,33.2,21.7,0.5994475138121547,22.70815811606392,23.530120481927707,-0.00783155708463601,-0.8219623658637865,53.051643192488264,Pascal Siakam
1629012,28,801.4966666666667,549,0.6005513258072985,78,26.6,18.7,0.6084070796460177,24.658867368963897,25.308270676691727,-0.00785575383871917,-0.6494033077278303,52.816901408450704,Collin Sexton
1630625,18,543.8033333333333,307,0.4933787606068398,54,19.4,10.3,0.5015582391897156,20.3235238229507,19.113402061855673,-0.008179478582875876,1.210121761095028,52.58215962441315,Dalano Banton
1631108,20,343.365,109,0.5289208074534161,67,14.1,4.2,0.5373592630501536,11.428072168101,10.723404255319151,-0.008438455596737504,0.7046679127818489,52.347417840375584,Max Christie
1629003,14,145.13333333333333,55,0.4868980169971671,48,12.1,4.5,0.4955947136563877,13.642627468994029,13.388429752066116,-0.00869669665922057,0.25419771692791215,52.112676056338024,Shake Milton
1630598,24,360.85,141,0.6552044609665428,78,15.7,6.9,0.663972286374134,14.066786753498683,15.821656050955417,-0.008767825407591134,-1.7548692974567341,51.87793427230047,Aaron Wiggins
1628972,15,129.41666666666666,46,0.5079505300353356,59,14.0,4.2,0.5167322834645669,12.795878943979396,10.799999999999999,-0.008781753429231265,1.9958789439793971,51.64319248826291,Troy Brown Jr.
1630703,21,636.095,311,0.478815125015396,62,28.5,14.0,0.487736900780379,17.60114448313538,17.684210526315788,-0.008921775764982987,-0.08306604318040911,51.40845070422535,Scoot Henderson
1631367,16,313.9216666666667,77,0.5579710144927537,41,17.0,4.2,0.5675675675675675,8.830228347836243,8.894117647058824,-0.009596553074813885,-0.06388929922258058,51.173708920187785,Jacob Gilyard
1631094,25,867.2716666666666,575,0.5367811799850635,80,35.0,22.6,0.5464216634429401,23.867953716924532,23.24571428571429,-0.009640483457876603,0.622239431210243,50.93896713615024,Paolo Banchero
1630549,23,357.76666666666665,152,0.5887821506042764,61,15.1,6.8,0.5985915492957746,15.29488493431473,16.211920529801326,-0.009809398691498217,-0.9170355954865954,50.70422535211267,Day'Ron Sharpe
1630205,7,167.885,79,0.5105997931747673,38,14.7,7.2,0.520532099479468,16.940167376477948,17.63265306122449,-0.009932306304700655,-0.6924856847465435,50.46948356807511,Lamar Stevens
1627739,25,474.95666666666665,127,0.5386834068544283,66,18.9,5.4,0.5487804878048781,9.626141332191708,10.285714285714286,-0.01009708095044981,-0.6595729535225789,50.23474178403756,Kris Dunn
1629667,18,215.48166666666665,72,0.4032258064516129,50,10.8,3.4,0.41382667964946446,12.028865564742553,11.333333333333332,-0.010600873197851579,0.6955322314092207,50.0,Jalen McDaniels
1629673,28,822.2766666666666,462,0.5187281056319052,78,30.1,17.4,0.5294547224926972,20.22676876801401,20.810631229235877,-0.010726616860792015,-0.5838624612218659,49.76525821596244,Jordan Poole
1628960,24,808.1816666666666,318,0.6654947262682069,75,33.5,13.5,0.6763527054108216,14.165132014460445,14.507462686567164,-0.01085797914261466,-0.3423306721067192,49.53051643192488,Grayson Allen
1629022,21,346.78833333333336,178,0.5315336837075968,58,17.4,9.7,0.5425055928411633,18.478130271587375,20.06896551724138,-0.010971909133566493,-1.5908352456540058,49.29577464788733,Lonnie Walker IV
201942,28,1083.61,652,0.571849564973337,79,37.8,24.0,0.5828638041577617,21.660929670268825,22.85714285714286,-0.011014239184424679,-1.1962131868740364,49.06103286384976,DeMar DeRozan
1630527,12,106.98833333333333,57,0.46690694626474444,32,10.8,5.2,0.4779411764705882,19.17966133379029,17.333333333333332,-0.011034230205843765,1.8463280004569569,48.82629107981221,Brandon Boston
1631110,26,724.2966666666666,274,0.5005114715767938,74,29.6,11.6,0.5116443189837685,13.618728973855097,14.108108108108109,-0.011132847406974733,-0.4893791342530118,48.59154929577465,Jeremy Sochan
1630583,20,522.025,214,0.5283428797155836,61,26.5,10.7,0.5395320693828156,14.757913893012788,14.535849056603773,-0.011189189667232036,0.22206483640901453,48.35680751173709,Santi Aldama
203954,12,416.78166666666664,398,0.6332739307535641,39,33.6,34.7,0.6448855188819507,34.377711751556575,37.17857142857143,-0.011611588128386585,-2.8008596770148557,48.12206572769953,Joel Embiid
1630541,24,389.885,190,0.5652070442646359,66,17.5,8.1,0.5772519954389965,17.54363466150275,16.662857142857142,-0.012044951174360663,0.8807775186456084,47.88732394366197,Moses Moody
1630596,12,359.27166666666665,170,0.616120614670919,50,30.6,15.7,0.6282010243277848,17.034463242764296,18.470588235294116,-0.012080409656865743,-1.4361249925298196,47.652582159624416,Evan Mobley
1630178,24,931.2983333333333,646,0.5587461942983669,70,37.5,25.9,0.5710883753748456,24.9715898414221,24.864,-0.012342181076478664,0.10758984142210082,47.417840375586856,Tyrese Maxey
1630214,11,281.8,90,0.46106557377049184,54,18.0,5.3,0.4735525375268048,11.497515968772179,10.6,-0.012486963756312974,0.8975159687721792,47.183098591549296,Xavier Tillman
1631116,14,210.80333333333334,71,0.4865679824561404,38,13.0,4.4,0.49909255898366617,12.125045461014214,12.184615384615386,-0.012524576527525755,-0.05956992360117219,46.948356807511736,Patrick Baldwin Jr.
200782,9,138.78,14,0.5043227665706052,31,15.7,1.7,0.5170316301703163,3.6316472114137484,3.8980891719745223,-0.012708863599711129,-0.26644196056077396,46.71361502347418,P.J. Tucker
1628389,21,697.7733333333333,392,0.5643210871818496,71,34.0,19.3,0.577153110047847,20.224332639061398,20.435294117647057,-0.012832022865997383,-0.21096147858565928,46.478873239436616,Bam Adebayo
1631095,24,738.2933333333333,306,0.5548302872062664,76,31.9,13.7,0.5681818181818181,14.920898649136749,15.460815047021944,-0.01335153097555175,-0.5399163978851949,46.244131455399064,Jabari Smith Jr.
1628384,9,306.13,132,0.5842776203966006,50,34.0,14.7,0.5979498861047836,15.522817103844773,15.56470588235294,-0.013672265708183029,-0.041888778508166524,46.009389671361504,OG Anunoby
1626157,19,626.4833333333333,375,0.6138685175484547,62,32.7,21.8,0.6275909719023491,21.54885737848839,24.0,-0.013722454353894409,-2.451142621511611,45.774647887323944,Karl-Anthony Towns
202695,23,778.1783333333334,508,0.611517719568567,68,34.3,23.7,0.6253958201393287,23.501039821634713,24.87463556851312,-0.013878100570761664,-1.373595746878408,45.539906103286384,Kawhi Leonard
203897,9,302.6666666666667,151,0.5663066306630663,25,34.9,19.5,0.5802189954772674,17.960352422907487,20.11461318051576,-0.013912364814201106,-2.1542607576082737,45.305164319248824,Zach LaVine
1631128,25,488.76,188,0.5387436955524989,82,20.2,7.3,0.5526953361599031,13.847287012030446,13.009900990099009,-0.01395164060740417,0.8373860219314366,45.07042253521127,Christian Braun
1631260,19,182.96166666666667,77,0.6049654305468259,56,11.0,4.5,0.6194933920704846,15.150714630569246,14.727272727272728,-0.01452796152365865,0.4234419032965171,44.835680751173705,AJ Green
1629001,14,386.69666666666666,166,0.5178437733965561,38,26.9,11.1,0.5324251726784344,15.453973398615624,14.855018587360595,-0.014581399281878293,0.5989548112550285,44.60093896713615,De'Anthony Melton
1631101,6,174.8,87,0.5074661689220719,32,33.1,15.9,0.5220646178092987,17.91762013729977,17.293051359516618,-0.014598448887226834,0.6245687777831535,44.36619718309859,Shaedon Sharpe
1631170,21,569.405,223,0.5616562562965948,75,28.2,11.9,0.5769976726144297,14.098927828171513,15.191489361702128,-0.015341416317834922,-1.0925615335306151,44.13145539906103,Jaime Jaquez Jr.
1627742,17,563.3033333333333,360,0.561938061938062,64,32.9,20.8,0.5773928492116367,23.007142392198404,22.75987841945289,-0.015454787273574744,0.2472639727455146,43.89671361502347,Brandon Ingram
1629659,20,395.07,210,0.4880089235917457,51,19.8,10.1,0.5037909018355946,19.135849343154376,18.363636363636363,-0.015781978243848915,0.772212979518013,43.66197183098591,Talen Horton-Tucker
1631204,24,427.14,171,0.5302654428181592,71,19.0,8.3,0.5463401790416009,14.412136536030342,15.726315789473684,-0.016074736223441688,-1.314179253443342,43.42723004694836,Marcus Sasser
101108,24,642.6483333333333,210,0.5253151891134681,58,26.4,9.2,0.5414312617702447,11.763821063360211,12.545454545454545,-0.016116072656776614,-0.7816334820943336,43.1924882629108,Chris Paul
1631097,18,433.9116666666667,224,0.5458089668615985,59,26.1,14.5,0.5632380360472343,18.584427706099934,20.0,-0.017429069185635804,-1.4155722939000661,42.95774647887324,Bennedict Mathurin
1630595,22,711.4983333333333,454,0.5298291476052657,62,33.5,22.7,0.5473572530864197,22.97124144118398,24.394029850746268,-0.01752810548115402,-1.422788409562287,42.72300469483568,Cade Cunningham
1630198,24,434.415,181,0.6123139377537212,78,18.5,8.2,0.6299938537185003,14.99948206208349,15.956756756756755,-0.017679915964779025,-0.9572746946732646,42.48826291079813,Isaiah Joe
1628369,24,894.2283333333334,626,0.5868456577171142,74,35.7,26.9,0.6045487234807623,25.201617036662892,27.126050420168063,-0.017703065763648107,-1.9244333835051712,42.25352112676056,Jayson Tatum
1628378,14,489.83666666666664,365,0.5773124130077186,55,35.3,26.6,0.5950250536864711,26.825268286707814,27.12747875354108,-0.017712640678752445,-0.3022104668332659,42.01877934272301,Donovan Mitchell
202696,28,981.375,492,0.5227813668820129,76,34.3,18.0,0.5406054781355117,18.048146732900268,18.892128279883384,-0.01782411125349881,-0.843981546983116,41.78403755868544,Nikola Vučević
1630168,20,520.6283333333333,196,0.6598437920818745,55,25.5,10.2,0.6778309409888357,13.552854403493214,14.399999999999999,-0.01798714890696118,-0.8471455965067847,41.54929577464789,Onyeka Okongwu
1631133,24,590.825,212,0.5275731634481385,72,23.6,8.9,0.5456105934281511,12.917530571658274,13.576271186440678,-0.018037429980012565,-0.6587406147824044,41.31455399061033,Jabari Walker
201142,24,901.5166666666667,644,0.6101258147642868,75,37.2,27.1,0.6283620849564089,25.716662661071158,26.225806451612904,-0.01823627019212204,-0.5091437905417457,41.07981220657277,Kevin Durant
1641705,28,852.3633333333333,563,0.544782474067193,71,29.7,21.4,0.5635137981883295,23.778592071456224,25.939393939393938,-0.018731324121136428,-2.160801867937714,40.845070422535215,Victor Wembanyama
1629599,23,482.7883333333333,142,0.5871650678134304,70,20.9,6.6,0.6066176470588235,10.588491160722608,11.368421052631579,-0.01945257924539312,-0.7799298919089708,40.61032863849765,Amir Coffey
1629642,12,111.07333333333334,38,0.5516840882694541,45,10.2,3.4,0.5712365591397849,12.316187503751275,12.000000000000002,-0.01955247087033074,0.3161875037512729,40.375586854460096,Nassir Little
1629614,25,667.1416666666667,221,0.5516174121405751,68,25.0,9.2,0.5712866368604074,11.925503079056172,13.248,-0.019669224719832235,-1.322496920943827,40.140845070422536,Andrew Nembhard
202330,11,355.0833333333333,132,0.5271565495207667,51,24.4,9.8,0.5471192496650291,13.382773996714388,14.459016393442624,-0.01996270014426238,-1.0762423967282366,39.906103286384976,Gordon Hayward
201565,10,168.73666666666668,88,0.5215742057847321,24,16.6,8.0,0.5417118093174431,18.774816775646467,17.349397590361445,-0.02013760353271099,1.4254191852850226,39.671361502347416,Derrick Rose
1629027,20,704.135,474,0.5636415525114155,54,36.0,25.7,0.5840909090909091,24.23398922081703,25.7,-0.02044935657949365,-1.4660107791829695,39.436619718309856,Trae Young
1627759,24,834.26,532,0.5605664671668212,70,33.5,23.0,0.5810428455941795,22.95687195838228,24.71641791044776,-0.020476378427358277,-1.75954595206548,39.201877934272304,Jaylen Brown
203497,23,773.705,295,0.6556721194879089,76,34.1,14.0,0.6767208043310132,13.72616178000659,14.780058651026392,-0.021048684843104293,-1.053896871019802,38.967136150234744,Rudy Gobert
203468,18,593.0633333333334,347,0.5693004331277071,66,32.7,20.0,0.590876861262113,21.063517668152357,22.01834862385321,-0.021576428134405967,-0.954830955700853,38.732394366197184,CJ McCollum
1631218,22,394.5683333333333,175,0.6667174641877476,68,16.6,7.9,0.6886331938633193,15.966816056365396,17.132530120481928,-0.02191572967557176,-1.165714064116532,38.497652582159624,Trayce Jackson-Davis
1627783,12,418.5083333333333,258,0.5773361976369495,80,33.2,21.7,0.5994475138121547,22.193106469405226,23.530120481927707,-0.02211131617520512,-1.3370140125224808,38.26291079812207,Pascal Siakam
1629661,23,617.2783333333333,285,0.5584731149082929,58,27.6,13.4,0.5807905686546464,16.621351254296414,17.47826086956522,-0.02231745374635352,-0.8569096152688047,38.028169014084504,Cameron Johnson
1631114,23,763.6366666666667,457,0.5991085474567384,71,31.3,19.1,0.6215829211142931,21.54427716496938,21.968051118210866,-0.02247437365755478,-0.42377395324148637,37.79342723004695,Jalen Williams
1630534,17,312.5133333333333,73,0.4681888147768087,78,21.0,5.8,0.49085985104942453,8.409241205708557,9.942857142857143,-0.022671036272615852,-1.5336159371485856,37.558685446009385,Ochai Agbaji
2544,26,924.9633333333334,635,0.6068889058796545,71,35.3,25.7,0.6296550372402979,24.714493187117327,26.20963172804533,-0.022766131360643427,-1.4951385409280036,37.32394366197183,LeBron James
201569,18,478.28,175,0.5563326551373347,68,27.8,11.0,0.5791912384161753,13.172200384711886,14.244604316546763,-0.022858583278840605,-1.0724039318348773,37.08920187793427,Eric Gordon
1631124,15,150.07333333333332,60,0.45955882352941174,50,10.9,4.5,0.482418524871355,14.392963440095954,14.862385321100916,-0.02285970134194326,-0.46942188100496196,36.85446009389671,Julian Strawther
1641787,7,131.03,40,0.5834305717619603,17,21.6,5.9,0.6069958847736625,10.989849652751278,9.833333333333332,-0.02356531301170217,1.1565163194179462,36.61971830985916,Tosan Evbuomwan
1628981,15,226.60999999999999,99,0.5909742120343839,45,15.2,6.3,0.6147540983606556,15.727461277083979,14.921052631578949,-0.023779886326271704,0.8064086455050301,36.38497652582159,Bruno Fernando
1629627,19,622.5316666666666,458,0.5872397168940404,70,31.5,22.9,0.6115146336252937,26.485399671770377,26.17142857142857,-0.02427491673125326,0.3139711003418064,36.15023474178404,Zion Williamson
1630577,27,575.7466666666667,188,0.5491937368544052,74,19.8,6.8,0.5735492577597839,11.75517009795975,12.363636363636363,-0.024355520905378736,-0.6084662656766131,35.91549295774648,Julian Champagnie
1627832,22,813.8483333333334,376,0.5451803735065538,73,36.8,17.4,0.5699685534591195,16.63209156497218,17.02173913043478,-0.02478817995256566,-0.38964756546260304,35.68075117370892,Fred VanVleet
1626164,21,760.3483333333334,584,0.5867695522867937,68,36.0,27.1,0.6117933899223407,27.65048475589039,27.1,-0.02502383763554694,0.5504847558903876,35.44600938967136,Devin Booker
203952,25,684.7283333333334,322,0.5162904053360697,71,27.0,13.2,0.5415162454873645,16.929341807091376,17.599999999999998,-0.02522584015129481,-0.6706581929086219,35.2112676056338,Andrew Wiggins
1630169,23,738.1433333333333,428,0.5780034572169404,69,32.2,20.1,0.6035311073744896,20.873994662283298,22.472049689440993,-0.02552765015754921,-1.5980550271576952,34.97652582159624,Tyrese Haliburton
1629626,18,211.52166666666668,101,0.681695464362851,43,10.9,5.2,0.7072905331882481,17.189728396618154,17.174311926605505,-0.025595068825397083,0.015416470012649341,34.74178403755869,Bol Bol
202685,24,563.225,289,0.5898922273024167,82,23.5,12.2,0.6161616161616161,18.472191397754003,18.68936170212766,-0.026269388859199383,-0.21717030437365636,34.50704225352113,Jonas Valančiūnas
203939,22,333.8016666666667,82,0.6860776439089692,63,13.3,3.3,0.7124352331606217,8.8435747774377,8.932330827067668,-0.026357589251652547,-0.08875604962996775,34.27230046948357,Dwight Powell
1629651,27,782.9433333333334,282,0.5989804587935429,71,29.8,11.8,0.6255301102629348,12.96645563961632,14.255033557046982,-0.02654965146939192,-1.2885779174306613,34.037558685446015,Nic Claxton
1627884,25,628.7516666666667,228,0.5631298162418494,76,23.5,8.6,0.589687328579265,13.05443855682291,13.174468085106382,-0.026557512337415545,-0.12002952828347091,33.80281690140845,Derrick Jones Jr.
1630558,24,398.54833333333335,124,0.5291908501194947,72,15.3,5.3,0.5562552476910159,11.20064902207595,12.470588235294118,-0.027064397571521126,-1.2699392132181675,33.568075117370896,Davion Mitchell
1629026,20,297.1516666666667,81,0.5337374802319452,69,14.9,4.7,0.561127029608405,9.81317060311513,11.355704697986576,-0.027389549376459765,-1.5425340948714457,33.33333333333333,Kenrich Williams
1628969,30,1014.2733333333333,577,0.5320914791589819,82,34.8,19.6,0.5594884676866865,20.47968660650318,20.27586206896552,-0.027396988527704558,0.20382453753765972,33.098591549295776,Mikal Bridges
1630230,19,379.72833333333335,119,0.5474788369525211,66,19.0,7.1,0.5751782242384964,11.28174967191457,13.452631578947368,-0.02769938728597532,-2.1708819070327987,32.863849765258216,Naji Marshall
1627827,27,705.37,212,0.5164685246540636,68,28.4,8.5,0.5443135245901639,10.819853410266953,10.774647887323944,-0.027844999936100345,0.04520552294300906,32.629107981220656,Dorian Finney-Smith
1641998,8,203.47333333333333,49,0.5542986425339366,25,23.0,6.8,0.5821917808219177,8.669440712951738,10.643478260869566,-0.027893138287981123,-1.9740375479178276,32.3943661971831,Trey Jemison III
1627749,28,1039.75,623,0.5263246823465801,78,35.7,22.5,0.5542964130863225,21.57056984852128,22.6890756302521,-0.02797173073974235,-1.1185057817308177,32.159624413145536,Dejounte Murray
1630530,16,501.25,223,0.5863483382414809,57,29.7,14.8,0.6144138160079707,16.01596009975062,17.93939393939394,-0.02806547776648982,-1.9234338396433195,31.92488262910798,Trey Murphy III
1630215,16,210.00333333333333,96,0.5555555555555555,40,14.1,6.3,0.583765752409192,16.456881636799416,16.085106382978722,-0.02821019685363657,0.37177525382069376,31.690140845070424,Jared Butler
203994,23,642.24,231,0.5278793418647166,76,27.3,10.9,0.5563495304205798,12.948430493273541,14.373626373626374,-0.02847018855586314,-1.4251958803528328,31.455399061032864,Jusuf Nurkić
1629060,22,576.8116666666667,287,0.6012233953410424,68,26.8,13.6,0.6307977736549164,17.91225905624886,18.26865671641791,-0.029574378313873995,-0.3563976601690513,31.220657276995308,Rui Hachimura
203967,21,405.49333333333334,180,0.561938061938062,64,17.2,8.0,0.591715976331361,15.980533999736945,16.74418604651163,-0.02977791439329902,-0.7636520467746841,30.985915492957744,Dario Šarić
1630591,23,598.4816666666667,275,0.5744485294117647,75,27.0,12.6,0.6043745203376822,16.541860095965067,16.8,-0.029925990925917523,-0.2581399040349339,30.751173708920188,Jalen Suggs
1628380,25,539.6766666666666,258,0.5350033178500332,69,22.1,11.2,0.5649717514124293,17.21030493567136,18.244343891402714,-0.02996843356239609,-1.0340389557313543,30.51643192488263,Zach Collins
1630224,25,801.23,444,0.5114735969035111,82,31.7,19.6,0.5416758788414769,19.949327908340926,22.258675078864353,-0.030202281937965814,-2.309347170523427,30.28169014084507,Jalen Green
1630188,20,377.09,206,0.6522289766970617,61,17.2,9.9,0.6829470198675497,19.666392638362193,20.72093023255814,-0.030718043170487985,-1.0545375941959456,30.046948356807512,Jalen Smith
1629023,18,504.8183333333333,217,0.5076735916151974,73,30.4,12.9,0.5383973288814691,15.474873799485625,15.276315789473685,-0.030723737266271645,0.19855801001193996,29.812206572769952,P.J. Washington
202694,15,279.74,111,0.5212246431254696,49,16.7,6.4,0.5521048999309869,14.284692929148495,13.796407185628743,-0.030880256805517314,0.48828574351975185,29.577464788732392,Marcus Morris Sr.
1626167,28,779.2683333333333,463,0.5975735673722251,77,27.0,17.1,0.6284916201117319,21.389294658878736,22.800000000000004,-0.030918052739506763,-1.4107053411212682,29.342723004694836,Myles Turner
1630567,19,660.7266666666667,351,0.5359105899596922,60,34.9,19.9,0.5670161841805335,19.124398389651798,20.52722063037249,-0.03110559422084125,-1.4028222407206918,29.107981220657276,Scottie Barnes
1626204,19,360.34999999999997,80,0.6105006105006106,61,19.9,5.7,0.6418918918918919,7.992229776606078,10.311557788944725,-0.031391281391281334,-2.319328012338647,28.87323943661972,Larry Nance Jr.
1630171,20,576.5783333333334,169,0.5646885859395884,69,27.3,9.4,0.5964467005076143,10.551905349663388,12.395604395604396,-0.03175811456802591,-1.8436990459410083,28.638497652582164,Isaac Okoro
1630534,9,223.60333333333332,65,0.45878035008469786,78,21.0,5.8,0.49085985104942453,10.46496027191008,9.942857142857143,-0.03207950096472667,0.5221031290529368,28.4037558685446,Ochai Agbaji
1631096,25,761.1949999999999,382,0.5977716574862294,82,29.4,16.5,0.6299633475870495,18.066329915461875,20.204081632653065,-0.032191690100820125,-2.1377517171911897,28.169014084507044,Chet Holmgren
1630560,25,775.175,521,0.5232604852964807,66,31.4,22.5,0.555720213396562,24.19582674879866,25.796178343949048,-0.03245972810008124,-1.6003515951503893,27.93427230046948,Cam Thomas
1641731,24,668.065,194,0.5039484621778887,63,27.2,8.4,0.5368098159509203,10.454072582757664,11.117647058823529,-0.032861353773031565,-0.6635744760658646,27.699530516431924,Bilal Coulibaly
1629655,14,375.7316666666667,143,0.6944444444444444,74,24.5,11.0,0.7278983589200635,13.701267305124667,16.163265306122447,-0.03345391447561907,-2.461998000997781,27.464788732394368,Daniel Gafford
1626224,25,461.8466666666667,164,0.5724657916783021,72,17.6,6.8,0.6062767475035663,12.78346348716024,13.909090909090907,-0.033810955825264166,-1.1256274219306661,27.230046948356808,Cedi Osman
203084,29,832.8833333333333,326,0.5783423218847572,82,29.0,12.2,0.6126958617918843,14.090809036879916,15.144827586206894,-0.034353539907127084,-1.0540185493269778,26.995305164319248,Harrison Barnes
1628970,24,872.6866666666667,442,0.5220143613000756,69,37.4,21.0,0.5566157760814249,18.233348357180507,20.21390374331551,-0.03460141478134926,-1.980555386135002,26.76056338028169,Miles Bridges
1628989,24,596.3683333333333,233,0.5249639509733237,64,24.4,10.2,0.5599472990777338,14.065133125221829,15.049180327868854,-0.03498334810441006,-0.9840472026470248,26.525821596244132,Kevin Huerter
1628973,23,767.7983333333334,548,0.5564581640942323,77,35.4,28.7,0.5915086562242374,25.694246970233067,29.186440677966104,-0.035050492130005106,-3.492193707733037,26.291079812206576,Jalen Brunson
1630631,13,235.72,82,0.5029440628066733,56,18.4,7.1,0.5382049727107338,12.52333276769048,13.891304347826086,-0.0352609099040605,-1.367971580135606,26.056338028169012,Jose Alvarado
1631223,20,467.505,156,0.44632639047837036,65,18.1,6.5,0.4821958456973294,12.012705746462604,12.928176795580109,-0.03586945521895901,-0.9154710491175049,25.821596244131456,David Roddy
1627734,29,1045.0866666666666,500,0.6004419252569891,82,35.7,19.4,0.6363159275780634,17.223451962516666,19.56302521008403,-0.035874002321074294,-2.3395732475673654,25.586854460093893,Domantas Sabonis
1630217,14,469.75333333333333,296,0.5510872803098004,42,34.4,23.7,0.5874479476502081,22.68424563245959,24.802325581395348,-0.03636066734040777,-2.1180799489357582,25.352112676056336,Desmond Bane
201935,25,850.5233333333333,385,0.5775924147863659,72,34.3,16.6,0.6142687981053878,16.29584922224356,17.422740524781343,-0.0366763833190219,-1.126891302537782,25.11737089201878,James Harden
1630540,20,423.7783333333333,169,0.5546075085324231,68,19.5,8.3,0.5921803652968037,14.35656219643131,15.323076923076925,-0.0375728567643806,-0.9665147266456149,24.88262910798122,Miles McBride
1628368,24,873.9683333333334,598,0.5298036714154086,74,35.9,26.6,0.5681818181818182,24.63247142821727,26.674094707520894,-0.038378146766409604,-2.041623279303625,24.647887323943664,De'Aaron Fox
203482,9,233.11,119,0.6218645484949832,78,22.5,9.8,0.6610901241230437,18.377589978979877,15.680000000000001,-0.039225575628060505,2.6975899789798756,24.413145539906104,Kelly Olynyk
1626156,26,810.3783333333333,409,0.5489638140234082,76,32.7,18.0,0.5882352941176471,18.16929129809739,19.81651376146789,-0.039271480094238864,-1.6472224633704968,24.178403755868544,D'Angelo Russell
1641729,13,273.48333333333335,106,0.46935883811547996,32,18.3,7.5,0.5086814975583288,13.953318300932413,14.754098360655739,-0.03932265944284885,-0.8007800597233263,23.943661971830984,Brice Sensabaugh
1631246,19,527.38,190,0.5556855404773046,52,27.6,10.0,0.5952380952380952,12.96977511471804,13.043478260869565,-0.03955255476079067,-0.07370314615152473,23.708920187793428,Vince Williams Jr.
202710,18,603.1116666666667,341,0.587202093952335,60,34.0,20.8,0.6269592476489028,20.35443961455452,22.023529411764706,-0.03975715369656774,-1.6690897972101872,23.474178403755868,Jimmy Butler III
1630182,22,581.2716666666666,162,0.5423138725227638,57,26.4,8.2,0.5823863636363635,10.033174390632034,11.181818181818182,-0.040072491113599784,-1.1486437911861476,23.239436619718308,Josh Green
202699,24,824.0733333333334,366,0.5359025418765374,70,33.8,17.2,0.5764075067024128,15.988868304600723,18.319526627218938,-0.0405049648258754,-2.3306583226182145,23.004694835680752,Tobias Harris
1626168,21,435.4816666666667,144,0.5562422744128553,58,20.0,7.2,0.59721300597213,11.90406025511981,12.959999999999999,-0.040970731559274665,-1.05593974488019,22.769953051643192,Trey Lyles
1641708,17,398.51166666666666,171,0.5307921529674695,62,22.4,9.5,0.5722891566265059,15.447477489157574,15.267857142857144,-0.04149700365903641,0.17962034630043,22.535211267605636,Amen Thompson
1627777,24,589.2533333333333,212,0.5453797077587981,82,22.3,9.4,0.5869130869130869,12.951984432275875,15.174887892376681,-0.041533379154288785,-2.222903460100806,22.300469483568076,Georges Niang
1628386,21,626.4683333333334,296,0.6220578345662408,77,31.7,16.5,0.6651080296678491,17.00963868884035,18.738170347003155,-0.043050195101608346,-1.7285316581628045,22.065727699530516,Jarrett Allen
1630532,19,624.1016666666667,341,0.5310203064656783,72,32.5,19.7,0.574813258636788,19.669872162922175,21.821538461538463,-0.04379295217110968,-2.1516662986162878,21.830985915492956,Franz Wagner
1627741,18,477.24333333333334,187,0.5374798804322832,84,25.7,12.1,0.5812836279784781,14.106011608333974,16.94941634241245,-0.04380374754619487,-2.8434047340784776,21.5962441314554,Buddy Hield
1641715,15,257.76,150,0.5173841059602649,47,18.7,12.3,0.5613362541073385,20.949720670391063,23.679144385026742,-0.0439521481470736,-2.7294237146356792,21.36150234741784,Cam Whitmore
203924,16,542.5133333333333,280,0.5312689738919247,54,33.9,21.0,0.5752794214332676,18.580188505351636,22.300884955752217,-0.04401044754134287,-3.720696450400581,21.12676056338028,Jerami Grant
1630172,15,417.015,137,0.5138013801380138,43,27.3,10.0,0.5580357142857142,11.826912700981978,13.186813186813186,-0.044234334147700394,-1.3599004858312078,20.89201877934272,Patrick Williams
201143,22,562.7433333333333,149,0.6052973675658109,65,26.8,8.6,0.6495468277945619,9.53187658079764,11.552238805970148,-0.04424946022875098,-2.0203622251725086,20.657276995305164,Al Horford
1627780,17,262.95,90,0.577219086711134,44,15.5,5.5,0.6221719457013575,12.321734169994297,12.774193548387098,-0.0449528589902235,-0.4524593783928008,20.422535211267608,Gary Payton II
201567,14,254.79833333333335,111,0.5512514898688915,55,16.8,8.8,0.5962059620596206,15.682991123699134,18.857142857142858,-0.04495447219072912,-3.1741517334437237,20.187793427230048,Kevin Love
1629007,10,176.05333333333334,51,0.4656683710737765,26,13.8,4.4,0.5106778087279481,10.428657982429566,11.478260869565219,-0.04500943765417159,-1.0496028871356522,19.953051643192488,Jontay Porter
1629726,23,333.0933333333333,91,0.6236293859649124,66,15.0,4.9,0.6686681222707425,9.835081258506124,11.760000000000002,-0.04503873630583011,-1.9249187414938778,19.718309859154928,Garrison Mathews
1627736,29,792.175,252,0.5637079455977093,79,29.6,11.3,0.6090987494609746,11.452015021933285,13.743243243243242,-0.04539080386326533,-2.2912282213099573,19.483568075117372,Malik Beasley
1628392,21,526.14,143,0.6239092495636999,75,25.3,7.8,0.6696428571428571,9.784468012316115,11.098814229249012,-0.04573360757915723,-1.314346216932897,19.248826291079812,Isaiah Hartenstein
1629640,21,635.2216666666667,276,0.5186410102224895,69,29.5,15.7,0.5644233534656313,15.64178383923722,19.159322033898302,-0.04578234324314179,-3.517538194661082,19.014084507042252,Keldon Johnson
1641722,23,377.87333333333333,151,0.48634372584385466,67,17.3,7.8,0.5322052401746725,14.385773010356203,16.23121387283237,-0.045861514330817865,-1.845440862476167,18.779342723004692,Jordan Hawkins
1628971,13,314.15,107,0.5148190916089299,67,27.8,10.8,0.5610972568578555,12.26165844341875,13.985611510791369,-0.046278165248925585,-1.7239530673726193,18.544600938967136,Bruce Brown
1630572,14,178.13333333333333,72,0.5064715813168261,46,9.8,4.1,0.5528586839266451,14.550898203592816,15.061224489795915,-0.04638710260981893,-0.5103262862030995,18.30985915492958,Sandro Mamukelashvili
1626166,13,231.84333333333333,104,0.5140371688414394,78,16.7,7.4,0.5609460278956944,16.148836139346972,15.952095808383236,-0.046908859054255014,0.19674033096373655,18.07511737089202,Cameron Payne
1628374,17,560.2016666666667,370,0.583522583901085,55,33.1,23.2,0.6304347826086957,23.77715168049601,25.23262839879154,-0.04691219870761065,-1.4554767182955288,17.84037558685446,Lauri Markkanen
1641710,22,338.71999999999997,88,0.5102040816326531,69,16.9,4.6,0.5571705426356589,9.352857817666509,9.798816568047338,-0.04696646100300583,-0.44595875038082866,17.6056338028169,Anthony Black
1641709,21,494.56166666666667,164,0.474537037037037,63,25.1,8.8,0.5215742057847321,11.937843949355827,12.621513944223109,-0.047037168747695146,-0.683669994867282,17.370892018779344,Ausar Thompson
1630208,19,511.51666666666665,172,0.6668734491315136,67,26.2,9.7,0.7144961697112551,12.105177413574012,13.32824427480916,-0.047622720579741484,-1.2230668612351483,17.136150234741784,Nick Richards
1627826,23,599.445,239,0.628021862518394,68,26.4,11.7,0.6758317929759705,14.353276781022444,15.954545454545455,-0.04780993045757653,-1.6012686735230108,16.901408450704224,Ivica Zubac
1631212,23,395.5316666666667,142,0.4945667316801337,80,18.6,6.7,0.5427738172391445,12.92437605080082,12.96774193548387,-0.04820708555901082,-0.04336588468305003,16.666666666666664,Peyton Watson
203114,24,657.02,322,0.5473956208350333,55,27.0,15.1,0.595989895800442,17.643298529725122,20.133333333333333,-0.04859427496540869,-2.4900348036082107,16.431924882629108,Khris Middleton
1630228,23,556.8333333333334,330,0.5532457081545065,74,26.3,16.1,0.6025449101796408,21.33492966177791,22.038022813688215,-0.04929920202513438,-0.7030931519103056,16.19718309859155,Jonathan Kuminga
1628997,20,508.965,168,0.48465266558966075,64,27.4,10.0,0.5341880341880342,11.882938905425716,13.138686131386862,-0.04953536859837343,-1.2557472259611462,15.96244131455399,Caleb Martin
1630173,15,395.58666666666664,116,0.4962354551676934,74,21.9,7.6,0.5459770114942528,10.556473086386465,12.493150684931507,-0.04974155632655941,-1.9366775985450424,15.727699530516432,Precious Achiuwa
203944,15,518.255,312,0.5188239989357456,46,35.4,24.0,0.5686125852918879,21.672728676037856,24.40677966101695,-0.04978858635614225,-2.7340509849790955,15.492957746478872,Julius Randle
1628988,24,374.185,151,0.5324400564174894,78,16.3,6.6,0.583864118895966,14.527573259216698,14.576687116564415,-0.05142406247847664,-0.04911385734771656,15.258215962441316,Aaron Holiday
202711,9,280.12833333333333,141,0.5305538832028899,57,25.9,15.2,0.5826433609322293,18.120266306514274,21.127413127413128,-0.05208947772933947,-3.0071468208988534,15.023474178403756,Bojan Bogdanović
1630692,4,118.63333333333333,39,0.40289256198347106,57,18.5,6.5,0.4551820728291316,11.834785051980894,12.64864864864865,-0.052289510845660525,-0.8138635966677548,14.788732394366196,Jordan Goodwin
1630702,27,386.695,179,0.4661458333333333,73,13.6,7.3,0.5184659090909091,16.664296150713096,19.323529411764707,-0.052320075757575746,-2.659233261051611,14.553990610328638,Jaden Hardy
203926,17,271.235,97,0.5534002738475582,64,14.1,5.5,0.6067961165048543,12.874444669751322,14.042553191489361,-0.05339584265729613,-1.1681085217380396,14.319248826291082,Doug McDermott
202331,27,932.3233333333334,576,0.5601369223587989,74,33.8,22.6,0.6135968722849696,22.24121102478754,24.071005917159766,-0.05345994992617076,-1.8297948923722274,14.084507042253522,Paul George
1631121,22,332.83,106,0.5107941403238242,59,14.9,5.1,0.5646589902568644,11.46531262205931,12.32214765100671,-0.05386484993304019,-0.8568350289473994,13.849765258215962,Bryce McGowens
201566,23,501.52833333333336,217,0.4571886061014664,68,22.5,11.1,0.5112380250552688,15.576388173483052,17.759999999999998,-0.05404941895380244,-2.1836118265169464,13.615023474178404,Russell Westbrook
1629628,8,244.57333333333332,146,0.5241240666283745,58,31.7,20.2,0.5804597701149425,21.490486834214686,22.94006309148265,-0.05633570348656802,-1.4495762572679638,13.380281690140844,RJ Barrett
1630533,19,400.215,143,0.4519595448798989,51,20.3,8.2,0.5086848635235731,12.863086091225968,14.541871921182263,-0.056725318643674194,-1.6787858299562952,13.145539906103288,Ziaire Williams
1629002,10,102.55833333333334,34,0.546975546975547,51,16.8,6.5,0.6049888309754281,11.934671325262045,13.928571428571427,-0.05801328399988115,-1.9939001033093824,12.910798122065728,Chimezie Metu
1627750,17,528.145,294,0.528320874065555,59,31.5,21.2,0.5868024800708591,20.039951149778943,24.228571428571428,-0.058481606005304165,-4.188620278792484,12.676056338028168,Jamal Murray
203903,17,505.9083333333333,238,0.4615265280794291,55,30.6,17.1,0.5204528853177502,16.935874417302212,20.11764705882353,-0.058926357238321125,-3.1817726415213166,12.44131455399061,Jordan Clarkson
1630231,20,246.25833333333333,63,0.5003176620076238,60,12.4,3.7,0.5592503022974608,9.209840614530812,10.741935483870968,-0.05893264028983691,-1.5320948693401562,12.206572769953052,KJ Martin
1627763,7,212.59,88,0.49931911030413073,39,28.7,15.7,0.5599144079885877,14.901923891057905,19.693379790940764,-0.060595297684456984,-4.791455899882859,11.971830985915492,Malcolm Brogdon
1626174,20,338.595,111,0.5016268980477223,50,17.4,6.9,0.5622555410691004,11.80171000753112,14.27586206896552,-0.06062864302137805,-2.474152061434399,11.737089201877934,Christian Wood
202704,25,575.89,210,0.4636170964323561,82,22.2,10.2,0.5242598684210527,13.127506989181963,16.54054054054054,-0.06064277198869655,-3.413033551358577,11.502347417840376,Reggie Jackson
201568,7,106.98166666666667,47,0.535063752276867,49,12.8,5.7,0.5962343096234309,15.815793983392792,16.03125,-0.06117055734656396,-0.2154560166072077,11.267605633802818,Danilo Gallinari
1630537,20,231.79166666666666,58,0.4434250764525994,59,12.2,3.9,0.5046583850931677,9.008089160524898,11.508196721311476,-0.06123330864056836,-2.500107560786578,11.032863849765258,Chris Duarte
1629629,17,392.6433333333333,83,0.43980500211954215,48,20.5,5.4,0.5014858841010401,7.6099598448125105,9.482926829268294,-0.06168088198149796,-1.8729669844557835,10.7981220657277,Cam Reddish
1629622,17,538.4616666666667,181,0.49110049924028654,70,32.0,12.2,0.5537400145243282,12.101139975919054,13.725,-0.06263951528404166,-1.6238600240809458,10.56338028169014,Max Strus
201152,8,124.28333333333333,30,0.5319148936170213,33,13.3,4.2,0.5965909090909091,8.689821644092799,11.368421052631579,-0.0646760154738878,-2.67859940853878,10.328638497652582,Thaddeus Young
1630192,18,153.09166666666667,40,0.4528985507246377,58,9.9,3.2,0.5188067444876784,9.406129225409613,11.636363636363637,-0.06590819376304069,-2.230234410954024,10.093896713615024,Zeke Nnaji
1629023,9,296.81166666666667,100,0.47205438066465255,73,30.4,12.9,0.5383973288814691,12.128903288841972,15.276315789473685,-0.06634294821681652,-3.147412500631713,9.859154929577464,P.J. Washington
1628978,24,653.46,299,0.5289414095669404,81,29.1,15.5,0.5954210202827289,16.472316591681206,19.175257731958762,-0.06647961071578856,-2.702941140277556,9.624413145539906,Donte DiVincenzo
1631207,22,254.70166666666665,59,0.448055893074119,59,11.5,3.1,0.5152925531914894,8.339168046276363,9.704347826086956,-0.06723666011737034,-1.3651797798105925,9.389671361502346,Dalen Terry
1629638,25,567.295,151,0.5080753701211306,82,23.4,8.0,0.5753739930955121,9.582316078936005,12.307692307692308,-0.0672986229743815,-2.7253762287563035,9.15492957746479,Nickeil Alexander-Walker
1629111,17,191.51833333333335,55,0.5119136262099777,56,13.6,4.9,0.5794701986754968,10.338435832948978,12.97058823529412,-0.06755657246551905,-2.6321524023451417,8.92018779342723,Jock Landale
203471,8,233.20833333333331,88,0.47909407665505227,80,31.1,14.0,0.5473881764153894,13.584420225120601,16.205787781350484,-0.06829409976033712,-2.621367556229883,8.685446009389672,Dennis Schröder
1626220,20,502.8466666666667,123,0.48227728983688833,79,24.7,7.7,0.5518922018348624,8.805865273708353,11.222672064777328,-0.0696149119979741,-2.416806791068975,8.450704225352112,Royce O'Neale
203914,16,366.7033333333333,72,0.5196304849884527,54,24.0,6.9,0.5895420369104579,7.068384070683841,10.350000000000001,-0.06991155192200527,-3.2816159293161604,8.215962441314554,Gary Harris
1629130,20,538.7983333333333,210,0.5458515283842794,68,28.0,12.9,0.6159281894576012,14.031223803587613,16.585714285714285,-0.07007666107332178,-2.5544904821266723,7.981220657276995,Duncan Robinson
1629020,12,206.95333333333335,44,0.5159474671669794,29,20.0,5.2,0.5871725383920506,7.653899429823148,9.36,-0.07122507122507127,-1.7061005701768517,7.746478873239436,Jarred Vanderbilt
203995,11,131.4,38,0.4455909943714822,60,19.6,7.0,0.5168340224453633,10.410958904109588,12.857142857142856,-0.07124302807388105,-2.446183953033268,7.511737089201878,Vasilije Micic
1629750,5,138.95,63,0.6128404669260701,9,25.6,12.2,0.6841633019291161,16.322418136020154,17.156249999999996,-0.07132283500304604,-0.8338318639798423,7.276995305164319,Javonte Green
1628963,8,209.98333333333335,109,0.5568042501021659,50,21.1,11.7,0.6290322580645161,18.687197396618778,19.96208530805687,-0.07222800796235018,-1.2748879114380927,7.042253521126761,Marvin Bagley III
1631107,16,324.77166666666665,103,0.5164460489370237,46,19.5,7.7,0.5886850152905199,11.417252120720711,14.215384615384615,-0.07223896635349614,-2.7981324946639035,6.807511737089202,Nikola Jović
203482,18,345.495,121,0.5869227784245247,78,22.5,9.8,0.6610901241230437,12.607997221378023,15.680000000000001,-0.07416734569851902,-3.072002778621979,6.572769953051644,Kelly Olynyk
1630193,14,451.74,219,0.5037725432462274,68,29.2,17.0,0.5788613456823754,17.452516934519856,20.958904109589042,-0.0750888024361479,-3.506387175069186,6.338028169014084,Immanuel Quickley
1630256,20,286.83166666666665,60,0.46816479400749067,65,15.9,4.1,0.5446333687566418,7.530549276869709,9.283018867924529,-0.07646857474915114,-1.7524695910548198,6.103286384976526,Jae'Sean Tate
1630587,8,158.57833333333332,37,0.3876781223805532,23,20.4,5.0,0.4671150971599402,8.399634250160279,8.823529411764707,-0.07943697477938699,-0.42389516160442753,5.868544600938967,Isaiah Livers
1626153,14,172.88166666666666,47,0.42665214233841686,47,15.8,4.5,0.5067567567567567,9.787041232442231,10.253164556962023,-0.08010461441833983,-0.466123324519792,5.633802816901409,Delon Wright
1630173,10,173.23166666666668,63,0.46432783018867924,74,21.9,7.6,0.5459770114942528,13.092294518900509,12.493150684931507,-0.08164918130557358,0.5991438339690021,5.39906103286385,Precious Achiuwa
201587,20,505.40166666666664,74,0.5085211654755359,60,25.5,5.3,0.5920464700625558,5.2710550354338634,7.48235294117647,-0.0835253045870199,-2.2112979057426063,5.164319248826291,Nicolas Batum
1629652,25,740.0216666666666,238,0.5074194098584343,79,28.4,10.9,0.5936819172113289,11.578039381729814,13.816901408450706,-0.08626250735289465,-2.2388620267208914,4.929577464788732,Luguentz Dort
202083,13,152.97,28,0.42892156862745096,36,11.5,3.1,0.5152925531914894,6.58952735830555,9.704347826086956,-0.08637098456403841,-3.1148204677814055,4.694835680751173,Wesley Matthews
1628426,15,184.21166666666667,71,0.49087389380530977,42,12.2,5.4,0.5774165953806673,13.8753426764501,15.934426229508198,-0.08654270157535748,-2.059083553058098,4.460093896713615,Sasha Vezenkov
1631104,22,313.75333333333333,78,0.4524361948955916,61,14.4,4.4,0.5402750491159136,8.949705713617917,11.0,-0.087838854220322,-2.0502942863820834,4.225352112676056,Blake Wesley
203458,18,139.48666666666668,34,0.5319148936170213,48,9.3,2.5,0.6225099601593626,8.775032261148018,9.677419354838708,-0.09059506654234128,-0.9023870936906899,3.9906103286384975,Alex Len
1631106,8,160.57166666666666,55,0.43845663265306123,22,21.8,9.8,0.5291576673866091,12.330942569776736,16.18348623853211,-0.09070103473354785,-3.8525436687553754,3.755868544600939,Tari Eason
1630249,7,158.79833333333335,29,0.5370370370370371,22,24.6,6.1,0.6312086092715231,6.57437630537684,8.926829268292682,-0.09417157223448602,-2.3524529629158417,3.5211267605633805,Vít Krejčí
1631216,20,321.61333333333334,88,0.4820333041191937,59,13.8,4.3,0.5848748639825897,9.850337879855728,11.217391304347826,-0.10284155986339599,-1.3670534244920987,3.286384976525822,Caleb Houstan
203932,23,755.23,265,0.5028081360048573,73,31.5,13.9,0.6081554077703885,12.631913456827721,15.885714285714286,-0.10534727176553116,-3.2538008288865647,3.051643192488263,Aaron Gordon
1628975,22,293.8833333333333,85,0.37464739069111425,72,13.9,5.0,0.48600311041990674,10.412295128452335,12.949640287769784,-0.11135571972879249,-2.5373451593174483,2.8169014084507045,Jevon Carter
203552,15,204.87833333333333,57,0.4055207740466705,44,14.0,5.1,0.519559902200489,10.015700375019321,13.114285714285714,-0.1140391281538185,-3.0985853392663927,2.5821596244131455,Seth Curry
1626220,15,394.1066666666667,88,0.43341213553979513,79,24.7,7.7,0.5518922018348624,8.038432911563705,11.222672064777328,-0.1184800662950673,-3.184239153213623,2.3474178403755865,Royce O'Neale
1630538,10,155.14166666666665,51,0.365538990825688,37,14.6,6.9,0.488391845979615,11.83434495353709,17.01369863013699,-0.12285285515392697,-5.179353676599899,2.112676056338028,Bones Hyland
202330,7,109.855,26,0.4166666666666667,51,24.4,9.8,0.5471192496650291,8.520322242956624,14.459016393442624,-0.13045258299836243,-5.9386941504860005,1.8779342723004695,Gordon Hayward
1628449,14,193.17333333333335,66,0.48500881834215165,50,14.1,6.4,0.6284367635506678,12.299834345665376,16.340425531914896,-0.14342794520851615,-4.04059118624952,1.643192488262911,Chris Boucher
1628972,7,125.15666666666667,29,0.3710337768679632,59,14.0,4.2,0.5167322834645669,8.341545263270035,10.799999999999999,-0.14569850659660372,-2.458454736729964,1.4084507042253522,Troy Brown Jr.
202692,9,134.88333333333333,58,0.3785900783289817,66,18.4,10.4,0.5360824742268042,15.480044482886447,20.347826086956523,-0.1574923958978225,-4.8677816040700765,1.1737089201877933,Alec Burks
1628966,9,146.295,33,0.3669928825622776,53,12.5,3.7,0.5359212050984936,8.120578283605045,10.656000000000002,-0.16892832253621604,-2.535421716394957,0.9389671361502347,Keita Bates-Diop
1629684,18,460.71,99,0.4056047197640118,76,28.0,10.3,0.5857597816196543,7.735885915217817,13.242857142857144,-0.18015506185564245,-5.506971227639327,0.7042253521126761,Grant Williams
1627732,5,116.11166666666666,23,0.3895663956639566,15,23.9,6.1,0.5711610486891384,7.13106635853417,9.188284518828452,-0.1815946530251818,-2.0572181602942816,0.4694835680751174,Ben Simmons
1627863,11,153.33833333333334,25,0.3729116945107398,34,15.0,4.2,0.5651237890204521,5.869373824766583,10.080000000000002,-0.19221209450971233,-4.210626175233418,0.2347417840375587,Danuel House Jr.
