PLAYER_ID,PLAYER_NAME,SEASON,ZONE_DISPLACEMENT,RAW_COUNTER_PUNCH,COUNTER_PUNCH_EFF,ADJ_COUNTER_PUNCH,PRODUCTION_RESILIENCE,SQ_DELTA,COMPRESSION_SCORE,RIM_DETERRENCE,RS_SHOTS,PO_SHOTS,RESILIENCE_SCORE,USG_PCT,USAGE_TIER,Z_EFF,Z_PROD,ARCHETYPE
1641726,Dereck Lively II,2023-24,0.0661,-0.0521,-0.0362,-0.0099,-0.4781,0.0351,-0.7699,0.0649,321,95,2.0297410502999815,0.124,Low Usage (<20%),-0.02276930945441552,-0.7777367887882839,The Abdicator
1629614,Andrew Nembhard,2023-24,0.031,0.1307,0.1296,0.1613,1.3288,0.0422,0.1518,0.0209,552,182,1.7189312829312504,0.161,Low Usage (<20%),1.5407347034583494,1.4113908920376548,True Resilience
1628401,Derrick White,2023-24,0.1235,0.0286,0.0288,-0.0028,0.8878,-0.0422,-0.52,-0.043,839,241,1.1605287000453015,0.183,Low Usage (<20%),0.590184615993894,0.8771027149142729,True Resilience
203932,Aaron Gordon,2023-24,0.0987,0.0741,0.055,-0.0127,0.4042,-0.0903,0.4201,-0.0543,715,118,1.1336071185299188,0.174,Low Usage (<20%),0.8372521982515203,0.2912030268034621,The Sniper
1630573,Sam Hauser,2023-24,0.1613,-0.0072,0.0032,-0.0005,0.7118,-0.0048,-1.444,-0.0232,556,84,1.0729077976540826,0.146,Low Usage (<20%),0.3487750699711752,0.6638720591915626,The Engine
1630167,Obi Toppin,2023-24,0.1021,0.0229,0.0219,0.0142,1.0411,-0.0103,-0.1205,-0.0559,576,134,0.981370661095571,0.16,Low Usage (<20%),0.5251171992924581,1.06283146220002,True Resilience
201950,Jrue Holiday,2023-24,0.0854,0.1167,0.1114,0.1611,0.6886,0.0663,0.7748,0.0854,688,193,0.8975566833341497,0.161,Low Usage (<20%),1.3691076043328227,0.6357643818462962,True Resilience
1628384,OG Anunoby,2023-24,0.1114,-0.0251,-0.0235,0.0125,0.6327,0.048,-0.227,0.0279,577,111,0.8418043172895996,0.173,Low Usage (<20%),0.09699245751779267,0.5680394178980036,The Engine
1630162,Anthony Edwards,2023-24,0.044,0.0373,0.0368,0.0312,0.1013,-0.0075,0.2143,0.0248,1553,323,0.8243622163915474,0.314,High Usage (>30%),0.8951795085171037,-0.8297012705306184,The Abdicator
1630182,Josh Green,2023-24,0.1941,0.0048,0.0054,-0.079,0.4559,-0.1125,-0.9245,-0.0775,374,85,0.8084094673451483,0.129,Low Usage (<20%),0.3695212028325026,0.3538395319220083,Average
201572,Brook Lopez,2023-24,0.2284,0.0328,0.0369,0.1357,2.8507,0.1317,-0.3879,0.0673,755,75,0.8011365130325884,0.156,Low Usage (<20%),0.6665681051651449,3.255230295130796,True Resilience
1630202,Payton Pritchard,2023-24,0.0507,-0.2252,-0.222,-0.2081,-0.5263,0.0186,0.4999,-0.0111,630,102,0.7701764627200711,0.168,Low Usage (<20%),-1.7748745301974296,-0.836132911548708,The Crumble
1628392,Isaiah Hartenstein,2023-24,0.2421,0.0609,0.0753,-0.0207,1.0797,-0.1281,1.055,-0.2339,365,74,0.7093786776842312,0.116,Low Usage (<20%),1.0286824241992232,1.1095968219210235,True Resilience
1630596,Evan Mobley,2023-24,0.04,-0.0819,-0.0787,-0.0235,-0.2808,0.0735,0.21,-0.0102,552,146,0.7015589129203915,0.2,Mid Usage (20-30%),-0.7774719113265718,-0.8009326961717083,The Crumble
1628973,Jalen Brunson,2023-24,0.0717,-0.0278,-0.0287,0.0055,1.0504,0.0456,-0.2163,0.0276,1647,340,0.6963744214705483,0.311,High Usage (>30%),-0.2491268499503103,0.45684538327380264,Average
1630178,Tyrese Maxey,2023-24,0.1479,-0.0873,-0.0863,-0.1068,0.8163,-0.0273,0.6069,0.1362,1416,138,0.686863210362314,0.273,Mid Usage (20-30%),-0.8771851767858411,0.4784258633851988,The Crumble
1629655,Daniel Gafford,2023-24,0.0336,-0.0755,-0.0687,-0.024,-0.1657,0.0596,0.1985,0.0336,480,123,0.6851575615926385,0.145,Low Usage (<20%),-0.3292462721785702,-0.39925237488047305,Average
1629008,Michael Porter Jr.,2023-24,0.0759,0.016,0.0153,0.0128,-0.166,-0.0034,0.3139,-0.0045,1078,146,0.6421606958017541,0.202,Mid Usage (20-30%),0.45582374040649604,-0.6670612508730729,The Abdicator
1626157,Karl-Anthony Towns,2023-24,0.0749,-0.0692,-0.0671,-0.0569,-0.0626,0.0136,0.1598,-0.0263,950,231,0.5950552582516405,0.268,Mid Usage (20-30%),-0.6252779798361081,-0.5464836598985179,The Crumble
201935,James Harden,2023-24,0.1492,0.2542,0.2369,0.391,1.8313,0.2054,-0.2091,-0.064,822,89,0.5787728585458013,0.202,Mid Usage (20-30%),3.3632526385346644,1.6620453492572802,True Resilience
1629023,P.J. Washington,2023-24,0.1785,0.1453,0.1164,0.0976,0.8687,-0.0252,-0.3444,-0.0307,809,233,0.5569986896213323,0.185,Low Usage (<20%),1.416257906290385,0.8539623426170924,True Resilience
1626167,Myles Turner,2023-24,0.1121,0.0357,0.0367,-0.0161,0.455,-0.0704,0.1072,-0.0442,908,205,0.5380517523739478,0.234,Mid Usage (20-30%),0.736595303673386,0.05710397151762932,The Sniper
1629652,Luguentz Dort,2023-24,0.1006,-0.0033,-0.0025,-0.0164,0.0683,-0.0185,-0.3001,-0.0238,657,91,0.5344572846656237,0.152,Low Usage (<20%),0.29502372573955415,-0.11575252579459692,Average
203497,Rudy Gobert,2023-24,0.0116,0.096,0.0634,0.052,0.0884,-0.0153,-0.2735,-0.0083,613,104,0.5327265710951377,0.152,Low Usage (<20%),0.9164647055402249,-0.09140061568081012,The Sniper
202685,Jonas Valančiūnas,2023-24,0.1981,-0.1199,-0.1178,0.0371,1.8239,0.2066,-3.3563,0.1822,719,42,0.5034608707347571,0.207,Mid Usage (20-30%),-1.2904704217814968,1.653416005222351,The Engine
1629638,Nickeil Alexander-Walker,2023-24,0.1043,-0.1092,-0.1129,-0.1217,-0.0395,-0.0117,-0.6077,-0.0441,536,112,0.4946782224743687,0.143,Low Usage (<20%),-0.7460549414834207,-0.24635630242475698,The Crumble
1628378,Donovan Mitchell,2023-24,0.0969,0.0463,0.0451,0.1245,1.8454,0.1059,0.0721,0.0386,1088,224,0.49237726936524,0.301,High Usage (>30%),1.040183215009921,1.534502732103762,True Resilience
203081,Damian Lillard,2023-24,0.1323,0.0004,-0.0003,-0.0141,1.1243,-0.0185,-0.4668,-0.0505,1270,81,0.4777535948767831,0.274,Mid Usage (20-30%),0.251149142884838,0.8375931556498305,The Engine
203076,Anthony Davis,2023-24,0.0729,0.058,0.059,0.0314,1.0208,-0.0368,-1.1767,0.0134,1283,93,0.476596981450298,0.261,Mid Usage (20-30%),1.0291750167972944,0.7168989519180466,True Resilience
1630183,Jaden McDaniels,2023-24,0.0943,0.0256,0.0222,0.0092,0.2474,-0.0173,0.4854,0.0768,626,140,0.4640725795786675,0.156,Low Usage (<20%),0.5279462174099118,0.10123389715959293,The Sniper
1628983,Shai Gilgeous-Alexander,2023-24,0.1022,-0.0325,-0.0305,-0.0929,0.4263,-0.0833,-0.784,-0.0667,1487,224,0.4409878502172507,0.317,High Usage (>30%),-0.2805734369005598,-0.3891495241535908,Average
203999,Nikola Jokić,2023-24,0.0688,-0.0203,-0.0175,-0.0904,0.4166,-0.0973,0.5107,0.0154,1403,242,0.4187163644375068,0.288,Mid Usage (20-30%),0.025482278950702174,0.012324672741779154,Average
1627759,Jaylen Brown,2023-24,0.0538,0.0291,0.0298,0.0413,0.1471,0.0154,0.1203,0.0263,1256,338,0.4158570192006127,0.283,Mid Usage (20-30%),0.6460661547695757,-0.3019467079897735,The Sniper
1627884,Derrick Jones Jr.,2023-24,0.0803,-0.0554,-0.0506,-0.0168,-0.2569,0.045,-0.1959,0.0479,495,159,0.4036470638984255,0.146,Low Usage (<20%),-0.1585621790921948,-0.5097446237549684,The Abdicator
2544,LeBron James,2023-24,0.1057,-0.0358,-0.0332,0.0106,0.3284,0.0584,0.1119,0.104,1268,99,0.399305622208655,0.285,Mid Usage (20-30%),-0.18050433522173573,-0.09052777913400173,Average
201143,Al Horford,2023-24,0.0704,-0.0463,-0.0429,-0.081,-0.0433,-0.0508,-0.5527,-0.0391,419,137,0.3963342631233714,0.119,Low Usage (<20%),-0.08595071407754894,-0.25096014612786094,Average
1628369,Jayson Tatum,2023-24,0.0562,-0.0381,-0.0383,-0.0555,-0.5527,-0.023,-0.2322,0.0193,1426,372,0.365932916694186,0.296,Mid Usage (20-30%),-0.24741718441150853,-1.1180027830767516,The Abdicator
202681,Kyrie Irving,2023-24,0.0816,-0.0718,-0.0664,-0.0431,-0.1578,0.031,-0.1253,-0.0292,1130,398,0.3630478142258799,0.274,Mid Usage (20-30%),-0.6160938632806491,-0.6574990047803132,The Crumble
1627826,Ivica Zubac,2023-24,0.0822,-0.0734,-0.0552,-0.1588,0.8683,-0.1381,0.4313,-0.0822,519,70,0.3439597236040647,0.165,Low Usage (<20%),-0.2019404568931521,0.8534777274904498,The Engine
1627736,Malik Beasley,2023-24,0.1616,0.0968,0.0937,0.104,1.6442,0.0137,1.1993,0.0503,722,40,0.3434033396580183,0.142,Low Usage (<20%),1.2021955354030525,1.7935099193952848,True Resilience
1626164,Devin Booker,2023-24,0.1837,-0.085,-0.0835,-0.0896,0.7714,-0.0082,0.975,0.1837,1305,65,0.2967634691582086,0.289,Mid Usage (20-30%),-0.840448710564005,0.42606673538947815,The Crumble
1628386,Jarrett Allen,2023-24,0.0644,-0.0181,-0.0142,-0.0684,-0.4314,-0.0722,0.3722,0.0493,819,37,0.2861963483200992,0.191,Low Usage (<20%),0.1846920191588585,-0.7211579727527693,The Abdicator
1631114,Jalen Williams,2023-24,0.0562,-0.0694,-0.0679,-0.0359,-0.5631,0.0427,0.3871,0.0432,1007,158,0.2718312579674172,0.232,Mid Usage (20-30%),-0.635774113042347,-1.1301305098285443,The Crumble
1628404,Josh Hart,2023-24,0.0811,-0.0178,-0.0193,-0.0007,0.5298,0.0248,0.4781,0.0668,678,150,0.2653921457711951,0.133,Low Usage (<20%),0.13659871116214498,0.4433721765692145,Average
1627783,Pascal Siakam,2023-24,0.1034,0.0741,0.0716,0.0314,1.058,-0.0535,-0.4914,-0.0334,1271,289,0.2639693683658626,0.25,Mid Usage (20-30%),1.1944891147955568,0.7602788976071517,True Resilience
203937,Kyle Anderson,2023-24,0.0531,0.0735,0.0743,-0.0859,0.3503,-0.2136,0.5882,-0.0173,432,57,0.2634009940367817,0.14,Low Usage (<20%),1.0192523638077107,0.22590113848838206,The Sniper
1630174,Aaron Nesmith,2023-24,0.1122,-0.0536,-0.0498,-0.1104,-0.1339,-0.0809,-0.2936,-0.0305,635,141,0.2497098291189973,0.158,Low Usage (<20%),-0.15101813077898482,-0.36072547231239255,Average
1628978,Donte DiVincenzo,2023-24,0.1487,-0.13,-0.1314,-0.049,0.2331,0.1098,1.0054,0.0944,1001,190,0.2273325847478421,0.209,Mid Usage (20-30%),-1.4689046862875574,-0.20165973677302576,The Crumble
1631094,Paolo Banchero,2023-24,0.0635,0.1057,0.1049,0.0407,2.0957,-0.0855,0.2138,-0.0298,1405,149,0.225636871083069,0.292,Mid Usage (20-30%),1.6313906595052499,1.9703694793701654,True Resilience
202331,Paul George,2023-24,0.0405,-0.0466,-0.0452,0.0338,-0.5865,0.1054,-0.2358,-0.0146,1235,95,0.2158354529731637,0.264,Mid Usage (20-30%),-0.3379463333153188,-1.157417895020078,The Abdicator
1628389,Bam Adebayo,2023-24,0.1809,-0.0356,-0.0318,-0.102,1.8971,-0.0936,0.9755,-0.1428,1017,97,0.2052624465778264,0.247,Mid Usage (20-30%),-0.16213610211081772,1.7387765435138154,The Engine
201144,Mike Conley,2023-24,0.117,-0.0848,-0.0931,0.0079,0.3356,0.1347,1.0887,0.0888,644,144,0.1769969805122712,0.157,Low Usage (<20%),-0.5593397457314742,0.20809153258426935,The Crumble
1630591,Jalen Suggs,2023-24,0.1195,-0.0976,-0.0948,-0.0849,-0.0129,0.0132,0.6568,-0.0006,713,82,0.1681764058992844,0.191,Low Usage (<20%),-0.5753708483970452,-0.21412939650302917,The Crumble
203114,Khris Middleton,2023-24,0.1122,-0.033,-0.0328,-0.0064,1.4869,0.0351,-0.2892,0.0015,643,114,0.1473499132922031,0.23,Mid Usage (20-30%),-0.17525626861861632,1.260431013361374,The Engine
203484,Kentavious Caldwell-Pope,2023-24,0.1295,-0.0763,-0.0762,-0.1539,-0.3736,-0.1037,-1.3138,-0.0967,587,86,0.1279595791696031,0.126,Low Usage (<20%),-0.3999717251149137,-0.6511310869529245,The Abdicator
1629029,Luka Dončić,2023-24,0.093,-0.1007,-0.0949,-0.0941,0.1435,0.0011,-0.2879,-0.0482,1647,503,0.1219973468714038,0.355,High Usage (>30%),-1.4056624366761548,-0.7724973206933551,The Crumble
1629675,Naz Reid,2023-24,0.0677,-0.0609,-0.0617,-0.0938,-0.2567,-0.0428,0.0347,0.0084,849,142,0.1217093338959671,0.223,Mid Usage (20-30%),-0.5544290806939955,-0.7728290216795731,The Crumble
1631170,Jaime Jaquez Jr.,2023-24,0.2483,-0.0782,-0.0778,-0.1593,1.4196,-0.1086,-0.8703,-0.1657,715,52,0.1091090751636067,0.181,Low Usage (<20%),-0.4150598217413335,1.5213985257855076,The Engine
1628997,Caleb Martin,2023-24,0.1617,0.1057,0.1015,0.0335,0.734,-0.0906,-1.0356,-0.1281,557,45,0.0997300084741089,0.168,Low Usage (<20%),1.2757500064568492,0.6907681987202227,True Resilience
1630169,Tyrese Haliburton,2023-24,0.155,0.004,0.004,-0.0591,0.5317,-0.0841,-0.5039,-0.0429,1044,215,0.0947755146026547,0.239,Mid Usage (20-30%),0.30756585886837196,0.14654595631210082,Average
1630529,Herbert Jones,2023-24,0.146,-0.1298,-0.1285,-0.2036,0.0306,-0.1001,0.3845,0.0257,587,41,0.0659939346003209,0.141,Low Usage (<20%),-0.893163883591015,-0.16142750148065477,The Crumble
204001,Kristaps Porziņģis,2023-24,0.1933,0.0278,0.0282,-0.0478,0.7118,-0.1012,-1.1109,-0.1673,750,60,0.0465624383608763,0.247,Mid Usage (20-30%),0.6250738883570979,0.35656553208112735,The Sniper
201587,Nicolas Batum,2023-24,0.0617,0.1874,0.184,0.2309,0.5538,0.0624,0.0882,-0.0009,255,29,0.0404473565362701,0.085,Low Usage (<20%),2.053729988756627,0.47244908416776576,The Sniper
1631128,Christian Braun,2023-24,0.1201,-0.0839,-0.0828,-0.1183,-0.3418,-0.0474,0.4688,0.0972,482,54,0.0268049645499639,0.152,Low Usage (<20%),-0.4622101236988958,-0.612604184384844,The Abdicator
1629611,Terance Mann,2023-24,0.1025,0.0758,0.0733,0.0454,0.5206,-0.0373,0.0859,-0.0119,492,46,0.0164170192862371,0.135,Low Usage (<20%),1.0098223034161982,0.43222602865643633,The Sniper
1630532,Franz Wagner,2023-24,0.0626,-0.0238,-0.0263,-0.0387,-0.366,-0.0166,0.2409,-0.0584,1092,103,-0.0080036700501214,0.25,Mid Usage (20-30%),-0.08997518631792542,-0.9002867653306258,The Abdicator
1626192,Pat Connaughton,2023-24,0.2488,-0.0582,-0.0508,0.1116,0.822,0.2165,1.3437,0.2437,347,25,-0.023687055514417,0.106,Low Usage (<20%),-0.1604481911704973,0.7973835265815777,The Engine
1630581,Josh Giddey,2023-24,0.1866,-0.0079,-0.0095,-0.1228,0.9396,-0.1511,0.5623,-0.0954,847,75,-0.0566276956695392,0.223,Mid Usage (20-30%),0.13044361101309093,0.6222093930482803,The Engine
201142,Kevin Durant,2023-24,0.1951,-0.0143,-0.0137,-0.1212,0.1664,-0.1434,-0.298,0.0728,1436,67,-0.0623086071265067,0.283,Mid Usage (20-30%),0.07533891168033685,-0.2794404458446197,Average
1627752,Taurean Prince,2023-24,0.0908,-0.0244,-0.0261,-0.0554,0.1321,-0.0391,1.3731,0.0329,569,29,-0.0710498813031765,0.134,Low Usage (<20%),0.07247430049986027,-0.03845641309511445,Average
1626162,Kelly Oubre Jr.,2023-24,0.0537,0.0743,0.0713,0.0433,-0.6684,-0.0374,0.3403,0.0483,878,64,-0.0718345477373557,0.22,Mid Usage (20-30%),1.1905530648432172,-1.2529237431904459,The Abdicator
1631096,Chet Holmgren,2023-24,0.0653,-0.0888,-0.09,-0.1266,-0.5469,-0.0489,0.2835,-0.0216,998,119,-0.0738246123391173,0.21,Mid Usage (20-30%),-0.9257297928646958,-1.1112392431574825,The Crumble
201976,Patrick Beverley,2023-24,0.1955,-0.0613,-0.0691,0.0173,-0.3287,0.1151,-1.0295,0.0329,379,39,-0.0751598555922676,0.141,Low Usage (<20%),-0.33301829633517516,-0.5967330389873013,The Abdicator
1626171,Bobby Portis,2023-24,0.1361,-0.0257,-0.0262,-0.0157,1.3515,0.0139,-0.8927,0.0593,918,91,-0.1365907965578797,0.224,Mid Usage (20-30%),-0.08866316966714557,1.1025373400736105,The Engine
200768,Kyle Lowry,2023-24,0.1254,-0.1532,-0.1533,-0.1607,-0.696,-0.0099,-0.7173,-0.0392,375,31,-0.1493029713904479,0.128,Low Usage (<20%),-1.1270293813005237,-1.0417308790267985,The Crumble
1629636,Darius Garland,2023-24,0.0341,-0.0353,-0.0402,-0.061,-0.2467,-0.0277,-0.0309,0.014,841,171,-0.1643587631984503,0.249,Mid Usage (20-30%),-0.27234550077632586,-0.7611677459566955,The Abdicator
203078,Bradley Beal,2023-24,0.0942,-0.0424,-0.0409,-0.0844,-0.3474,-0.058,0.4643,0.0065,735,59,-0.200667386013101,0.224,Mid Usage (20-30%),-0.2815296173317849,-0.8785967924860735,The Abdicator
203468,CJ McCollum,2023-24,0.1932,-0.0062,-0.0083,-0.0498,1.7376,-0.0554,-0.1881,0.0325,1055,74,-0.2066209932061029,0.244,Mid Usage (20-30%),0.14618781082244925,1.552779195733917,The Engine
1626181,Norman Powell,2023-24,0.0908,-0.032,-0.033,-0.0193,-0.2218,0.0182,0.1911,0.0324,766,61,-0.2431299414269915,0.193,Low Usage (<20%),0.007406883798424347,-0.467219646392087,Average
203501,Tim Hardaway Jr.,2023-24,0.061,0.005,-0.0004,-0.0276,-0.291,-0.0362,-0.1226,0.0056,973,58,-0.3061294496564594,0.22,Mid Usage (20-30%),0.24983712623405813,-0.8128271974090435,The Abdicator
1630559,Austin Reaves,2023-24,0.1076,0.1447,0.1473,0.1066,1.2108,-0.0543,-0.0532,-0.0327,937,61,-0.3064549376871109,0.198,Low Usage (<20%),1.7076467723881197,1.2684294296781107,True Resilience
203994,Jusuf Nurkić,2023-24,0.0666,-0.0133,-0.0135,-0.0045,-0.6532,0.0119,-1.5387,0.043,627,26,-0.3251385713165686,0.187,Low Usage (<20%),0.19129306143291722,-0.9898770604760485,The Abdicator
1629622,Max Strus,2023-24,0.0832,-0.023,-0.0241,-0.0013,-0.4112,0.0303,-0.4463,-0.0388,725,103,-0.3329304766130483,0.167,Low Usage (<20%),0.0913344212828852,-0.6966849088573218,The Abdicator
1627750,Jamal Murray,2023-24,0.0964,-0.0355,-0.038,0.0095,0.6282,0.0633,-0.0811,0.0599,984,247,-0.3566973846030571,0.273,Mid Usage (20-30%),-0.24348113445916894,0.2590772670378702,Average
1641717,Cason Wallace,2023-24,0.1426,-0.0745,-0.072,-0.1585,-0.477,-0.1153,-1.4074,-0.0901,479,40,-0.357427325428387,0.127,Low Usage (<20%),-0.3603654714705613,-0.7764040971900169,The Abdicator
202711,Bojan Bogdanovic,2023-24,0.174,-0.0732,-0.0724,-0.2043,1.981,-0.1758,-0.9215,-0.0841,681,24,-0.3749870930978055,0.242,Mid Usage (20-30%),-0.6948148623274407,1.8366146468287587,The Engine
1629312,Haywood Highsmith,2023-24,0.2757,-0.0248,-0.0226,-0.0216,0.4416,0.0013,0.2175,-0.0889,329,27,-0.4183174938580781,0.121,Low Usage (<20%),0.10547951187015389,0.336514541144538,Average
1627747,Caris LeVert,2023-24,0.1124,0.0408,0.0382,0.0261,0.7189,-0.0162,-0.2097,0.0387,818,102,-0.4373370642519645,0.224,Mid Usage (20-30%),0.7562755534350838,0.3648450378443705,The Sniper
1630171,Isaac Okoro,2023-24,0.1634,-0.1505,-0.146,-0.1589,0.1186,-0.0173,0.4107,0.0006,479,68,-0.4557779314494455,0.136,Low Usage (<20%),-1.0581899404424828,-0.05481217361929961,The Crumble
201569,Eric Gordon,2023-24,0.0966,-0.404,-0.4064,-0.3694,-2.3395,0.0493,0.2796,0.0344,617,28,-0.5032130083541279,0.162,Low Usage (<20%),-3.5137776663923255,-3.0328932806192666,The Crumble
1628976,Wendell Carter Jr.,2023-24,0.177,-0.0402,-0.0413,-0.107,0.1071,-0.0876,-0.2525,-0.1187,425,47,-0.5367725820850208,0.172,Low Usage (<20%),-0.07086261745112904,-0.06874485851027215,Average
1630173,Precious Achiuwa,2023-24,0.1733,-0.0553,-0.0559,0.0362,-0.029,0.1229,-3.611,0.1198,469,43,-0.5379661917236351,0.158,Low Usage (<20%),-0.20854149916721082,-0.23363515535039073,Average
202704,Reggie Jackson,2023-24,0.0957,-0.0006,-0.002,-0.0983,0.4318,-0.1284,0.0418,-0.0106,752,47,-0.60497010566866,0.209,Mid Usage (20-30%),0.2288448598215804,0.03004981184055317,Average
1630530,Trey Murphy III,2023-24,0.0991,-0.1578,-0.1525,-0.1134,-0.5398,0.0521,0.8172,0.0579,620,47,-0.7287523612271224,0.182,Low Usage (<20%),-1.1194853329873138,-0.852488672072893,The Crumble
203914,Gary Harris,2023-24,0.1356,-0.0441,-0.0498,-0.1204,-0.1457,-0.0942,-1.1875,-0.0227,296,28,-0.886027332320042,0.114,Low Usage (<20%),-0.15101813077898482,-0.3750216185483469,Average
1629060,Rui Hachimura,2023-24,0.2017,-0.2554,-0.2517,-0.2556,-1.9072,-0.0052,0.3762,0.0997,676,38,-0.911175345754156,0.182,Low Usage (<20%),-2.054947323825349,-2.5091454825003594,The Crumble
1626220,Royce O'Neale,2023-24,0.0902,-0.1266,-0.1334,-0.1645,-0.7453,-0.0415,-0.1578,0.0132,532,21,-0.9182599232587006,0.134,Low Usage (<20%),-0.939371179509426,-1.1014596933854894,The Crumble
1630175,Cole Anthony,2023-24,0.0535,-0.0573,-0.0654,-0.059,-0.1178,0.0086,0.186,0.0221,760,41,-0.9875377373112684,0.232,Mid Usage (20-30%),-0.6029736967728504,-0.6108539018888025,The Crumble
1626156,D'Angelo Russell,2023-24,0.1004,-0.1003,-0.0986,-0.1188,-0.5421,-0.0269,-0.2088,-0.014,1075,73,-1.0003664559929752,0.222,Mid Usage (20-30%),-1.0385632248317636,-1.1056418308105012,The Crumble
202699,Tobias Harris,2023-24,0.1225,0.2,0.1989,0.111,0.563,-0.1173,0.4205,-0.0276,951,51,-1.0059955364150772,0.203,Mid Usage (20-30%),2.8646863112383176,0.18304574932470785,The Sniper
202695,Kawhi Leonard,2023-24,0.2078,-0.0063,-0.0041,0.0771,0.6626,0.1083,-0.0589,0.0817,1162,24,-1.0195106887552037,0.261,Mid Usage (20-30%),0.20129251015520336,0.2991920555245693,Average
1629599,Amir Coffey,2023-24,0.0779,-0.0294,-0.0118,-0.0372,0.0086,-0.0339,-0.0513,-0.0102,349,22,-1.1249616639588695,0.119,Low Usage (<20%),0.2073241640984884,-0.18808133344599354,Average
1627742,Brandon Ingram,2023-24,0.1396,-0.1307,-0.1296,-0.0174,-1.6163,0.1496,-1.3715,-0.0097,1015,54,-1.3681841941733413,0.269,Mid Usage (20-30%),-1.44528838657352,-2.3582960689620185,The Crumble
201566,Russell Westbrook,2023-24,0.1497,-0.1347,-0.1442,-0.1541,-0.2898,-0.0132,0.6026,-0.1057,663,50,-1.56651660637038,0.239,Mid Usage (20-30%),-1.6368428175873795,-0.8114278443222981,The Crumble
1627777,Georges Niang,2023-24,0.0656,-0.2387,-0.2375,-0.1957,-0.8726,0.0557,-0.1606,0.0283,632,41,-1.5821959521561726,0.173,Low Usage (<20%),-1.9210404662658722,-1.2556884574394727,The Crumble
1627777,Georges Niang,2021-22,0.2161,-0.0363,-0.0339,-0.0339,-0.3319,0.0,-2.9005,-0.0626,562,48,1.5909758791745192,0.16,Low Usage (<20%),-0.44553771234822553,-0.9218901303197358,The Abdicator
1628467,Maxi Kleber,2021-22,0.1177,0.1792,0.1486,0.1486,0.8264,0.0,-0.638,-0.0426,353,106,1.514426744151714,0.131,Low Usage (<20%),1.6511167211869557,0.34987326626271276,The Sniper
1629630,Ja Morant,2021-22,0.0762,-0.1103,-0.108,-0.108,-1.594,0.0,0.4295,0.024,1174,183,1.4697648456037866,0.33,High Usage (>30%),-0.8263929251501827,-0.8223203885733992,The Crumble
203490,Otto Porter Jr.,2021-22,0.1042,0.0594,0.0588,0.0588,-0.036,0.0,-0.9912,-0.0923,416,77,1.335394885940035,0.145,Low Usage (<20%),0.6194478547132062,-0.5970047042222252,The Abdicator
1626145,Tyus Jones,2021-22,0.0868,0.0059,0.0087,0.0087,0.6161,0.0,0.5228,-0.024,552,99,1.1989241736771714,0.164,Low Usage (<20%),0.043873130767383875,0.11897294484227854,Average
101108,Chris Paul,2021-22,0.0712,0.0081,0.008,0.008,0.5104,0.0,0.7821,0.0226,733,154,1.0721062688300045,0.197,Low Usage (<20%),0.03583116855656401,0.0029189078753745993,Average
1626172,Kevon Looney,2021-22,0.1733,0.2066,0.19,0.19,1.0071,0.0,-1.9381,-0.0646,364,88,1.0711476322163342,0.12,Low Usage (<20%),2.126741343369731,0.5482740655050926,True Resilience
1629673,Jordan Poole,2021-22,0.0703,0.0451,0.0506,0.0506,0.5535,0.0,0.3915,-0.0205,1053,253,1.0493027404010495,0.252,Mid Usage (20-30%),0.791119583931971,0.3591342642091782,The Sniper
200782,P.J. Tucker,2021-22,0.0441,0.0206,0.0197,0.0197,0.2059,0.0,-0.0046,-0.0046,428,109,1.0426861889584813,0.116,Low Usage (<20%),0.17024682265169616,-0.3314089469630572,Average
201143,Al Horford,2021-22,0.0612,-0.0178,-0.0178,-0.0178,-0.1092,0.0,0.0705,0.0014,569,193,1.02854112824939,0.147,Low Usage (<20%),-0.26057258149936846,-0.6773751442030895,The Abdicator
203915,Spencer Dinwiddie,2021-22,0.0704,0.0592,0.0573,0.0573,1.0498,0.0,-0.2326,-0.0295,734,191,1.0184683463227937,0.208,Mid Usage (20-30%),0.8784225274486437,0.9005629863447043,True Resilience
201939,Stephen Curry,2021-22,0.1704,0.0525,0.0546,0.0546,2.1427,0.0,-0.3601,-0.0783,1219,438,1.000428985298822,0.293,Mid Usage (20-30%),0.8432407442404324,2.0928407425847135,True Resilience
1628449,Chris Boucher,2021-22,0.1317,0.1347,0.1371,0.1371,1.8103,0.0,-0.0243,0.0893,576,42,0.9905456881363728,0.172,Low Usage (<20%),1.5189987705806292,1.4301529916339215,True Resilience
1629130,Duncan Robinson,2021-22,0.1702,0.0435,0.0384,0.0384,2.2644,0.0,1.6927,0.0739,726,57,0.9869862523569716,0.174,Low Usage (<20%),0.385082098855027,1.9287351882911694,The Engine
202710,Jimmy Butler III,2021-22,0.0695,0.1014,0.0776,0.0776,0.8133,0.0,1.126,-0.0279,827,328,0.9429876406310972,0.26,Mid Usage (20-30%),1.1429374160140848,0.6425579636063365,True Resilience
1629631,De'Andre Hunter,2021-22,0.1609,0.1634,0.1592,0.1592,2.2331,0.0,-0.9432,-0.102,575,70,0.9279138950951245,0.194,Low Usage (<20%),1.7728950060936568,1.894369139501537,True Resilience
1628971,Bruce Brown,2021-22,0.1946,0.02,0.0283,0.0283,0.7618,0.0,1.6447,-0.1131,506,37,0.9200020647095576,0.146,Low Usage (<20%),0.2690480726703403,0.2789452550227696,Average
1629028,Deandre Ayton,2021-22,0.0301,0.0791,0.0838,0.0838,0.4494,0.0,0.1637,-0.0179,697,164,0.8947320832736251,0.217,Mid Usage (20-30%),1.2237252144921997,0.24556841699114831,The Sniper
1628960,Grayson Allen,2021-22,0.1004,0.0041,-0.0003,-0.0003,0.2896,0.0,0.9611,0.0925,569,82,0.8766326715980826,0.148,Low Usage (<20%),-0.05952352622887163,-0.23950996026362614,Average
1628973,Jalen Brunson,2021-22,0.1133,-0.0371,-0.0325,-0.0325,1.3573,0.0,-0.3188,-0.0314,1008,310,0.8574320326055309,0.215,Mid Usage (20-30%),-0.29169752147631217,1.2360240624210177,The Engine
1629684,Grant Williams,2021-22,0.0209,-0.0679,-0.0665,-0.0665,-0.2561,0.0,0.206,0.0166,432,149,0.8372079648573385,0.123,Low Usage (<20%),-0.820063381023551,-0.8386650025799882,The Crumble
1628420,Monté Morris,2021-22,0.1834,0.0442,0.0453,0.0453,1.1424,0.0,-1.1494,-0.1678,773,51,0.8313080817266492,0.173,Low Usage (<20%),0.4643528692188229,0.696827624650051,The Engine
1629661,Cameron Johnson,2021-22,0.0888,-0.019,-0.0213,-0.0213,0.0291,0.0,0.1575,0.0521,606,99,0.768678717964464,0.167,Low Usage (<20%),-0.3007823925534678,-0.5255277145671121,The Abdicator
203937,Kyle Anderson,2021-22,0.0795,0.1015,0.0997,0.0997,0.3546,0.0,-0.1942,-0.0104,469,51,0.7495364871090251,0.156,Low Usage (<20%),1.0893282181739674,-0.1681427662915471,The Sniper
1630183,Jaden McDaniels,2021-22,0.1877,0.1229,0.1192,0.1192,1.0757,0.0,-0.6037,-0.0548,604,34,0.7130454602832307,0.149,Low Usage (<20%),1.313354308332521,0.6235939040663945,True Resilience
203109,Jae Crowder,2021-22,0.0811,0.0293,0.0252,0.0252,0.4381,0.0,0.5267,0.0273,542,105,0.7110702098014544,0.146,Low Usage (<20%),0.2334336685938523,-0.07646337095818406,Average
201980,Danny Green,2021-22,0.1791,0.02,-0.0011,-0.0011,1.2087,0.0,0.1775,0.0094,319,88,0.6975811405012137,0.121,Low Usage (<20%),-0.06871434018409435,0.7696221625015716,The Engine
203999,Nikola Jokić,2021-22,0.2695,0.0475,0.0542,0.0542,5.0807,0.0,-1.1293,-0.2214,1308,106,0.6838558921652496,0.309,High Usage (>30%),1.4322624931294679,2.5192684267264682,True Resilience
203552,Seth Curry,2021-22,0.1601,0.0529,0.047,0.047,0.959,0.0,-0.8348,0.0039,739,39,0.6417074519536409,0.182,Low Usage (<20%),0.4838833488736712,0.49546234196575395,Average
1629003,Shake Milton,2021-22,0.1686,0.171,0.1696,0.1696,1.023,0.0,-0.0553,-0.0894,402,38,0.6385886637608504,0.174,Low Usage (<20%),1.892375587511552,0.5657315791074933,True Resilience
1628369,Jayson Tatum,2021-22,0.0476,0.0108,0.01,0.01,-0.2177,0.0,-0.2284,-0.0327,1562,472,0.6379273446278517,0.313,High Usage (>30%),0.8167719290853216,-0.13329635955378658,The Sniper
203903,Jordan Clarkson,2021-22,0.2068,0.0978,0.0976,0.0976,1.9083,0.0,-0.1775,0.0013,1111,73,0.5912833358746306,0.258,Mid Usage (20-30%),1.403543217556391,1.837126673536623,True Resilience
1629057,Robert Williams III,2021-22,0.0507,0.1,0.0816,0.0816,0.1941,0.0,0.8157,-0.0405,368,77,0.5524852507329874,0.112,Low Usage (<20%),0.8813860524370536,-0.3443648375610654,The Sniper
1630178,Tyrese Maxey,2021-22,0.073,0.0338,0.0365,0.0365,0.5187,0.0,0.5138,-0.0247,1031,182,0.547955033717955,0.199,Low Usage (<20%),0.36325391571137305,0.012031949567194018,Average
1628969,Mikal Bridges,2021-22,0.135,-0.0844,-0.079,-0.079,0.2077,0.0,-0.4702,0.0847,858,138,0.4692260477015395,0.149,Low Usage (<20%),-0.9636698490739058,-0.32943262466844575,The Crumble
203493,Reggie Bullock Jr.,2021-22,0.0825,0.041,0.0404,0.0404,-0.0007,0.0,-0.9973,-0.027,501,151,0.4670031215322955,0.128,Low Usage (<20%),0.4080591337430838,-0.5582468281112346,The Abdicator
203992,Bogdan Bogdanović,2021-22,0.1557,-0.0648,-0.067,-0.067,0.93,0.0,0.3791,0.0293,791,49,0.463236105047821,0.212,Mid Usage (20-30%),-0.7412425291367908,0.7698695329660301,The Engine
203507,Giannis Antetokounmpo,2021-22,0.0774,-0.0913,-0.0925,-0.0925,0.1983,0.0,-0.6988,-0.023,1243,284,0.4433596459934644,0.34,High Usage (>30%),-0.6105534739582308,0.07496782417952651,The Crumble
1629622,Max Strus,2021-22,0.0824,-0.028,-0.0313,-0.0313,-0.2612,0.0,0.4296,0.0145,648,182,0.4318170183724005,0.177,Low Usage (<20%),-0.4156675669937518,-0.8442645824147206,The Abdicator
1626192,Pat Connaughton,2021-22,0.0598,0.067,0.0635,0.0635,0.515,0.0,0.0731,0.0227,495,88,0.4241916542006921,0.137,Low Usage (<20%),0.6734438867001397,0.00796950929493717,The Sniper
203935,Marcus Smart,2021-22,0.0312,0.0234,0.0213,0.0213,0.6261,0.0,0.02,-0.0202,716,278,0.4236474508652548,0.179,Low Usage (<20%),0.1886284505621416,0.12995251314567532,Average
1629029,Luka Dončić,2021-22,0.062,-0.0059,-0.0061,-0.0061,0.9664,0.0,0.3019,0.0156,1401,352,0.4167800232834399,0.368,High Usage (>30%),0.5925774023633587,0.4595056115005789,The Sniper
1627827,Dorian Finney-Smith,2021-22,0.0912,0.0297,0.0291,0.0291,0.1545,0.0,-0.7405,-0.0912,690,157,0.3668118946871563,0.138,Low Usage (<20%),0.27823888662556306,-0.38784392804251666,Average
1627742,Brandon Ingram,2021-22,0.0657,-0.0609,-0.0619,-0.0619,0.0994,0.0,0.0059,-0.0186,980,117,0.3601482807690414,0.291,Mid Usage (20-30%),-0.6747880497435026,-0.13625719805506192,The Crumble
1630217,Desmond Bane,2021-22,0.0697,0.037,0.04,0.04,-0.1842,0.0,0.1135,-0.0202,1163,159,0.3430997169420384,0.226,Mid Usage (20-30%),0.6529985091145487,-0.4456450392753626,The Sniper
1629013,Landry Shamet,2021-22,0.1436,0.0006,-0.0114,-0.0114,0.1442,0.0,-0.0628,0.007,483,48,0.29802362998949,0.16,Low Usage (<20%),-0.18704606985758676,-0.3991528833950153,Average
1630533,Ziaire Williams,2021-22,0.1457,-0.0045,-0.0097,-0.0097,0.3463,0.0,0.0512,-0.009,472,52,0.2929723044179815,0.144,Low Usage (<20%),-0.16751559020273848,-0.17725580798336646,Average
1628997,Caleb Martin,2021-22,0.0879,-0.0683,-0.0714,-0.0714,1.0655,0.0,-0.1828,-0.0879,409,80,0.2616993041436429,0.158,Low Usage (<20%),-0.8763571164992902,0.6123947443969295,The Engine
1630162,Anthony Edwards,2021-22,0.0982,0.0676,0.0603,0.0603,0.919,0.0,-0.7111,-0.0919,1243,110,0.2363581482927672,0.262,Mid Usage (20-30%),0.9175133976799896,0.7578692993502921,True Resilience
1626164,Devin Booker,2021-22,0.0622,0.0048,0.0039,0.0039,-0.3713,0.0,0.2953,0.0176,1419,175,0.2354044951577437,0.313,High Usage (>30%),0.7318286611968761,-0.21019390431685603,The Sniper
201976,Patrick Beverley,2021-22,0.2565,0.0816,0.0703,0.0703,1.3985,0.0,0.5036,0.0972,435,49,0.2223830700820369,0.158,Low Usage (<20%),0.7515658053195328,0.9780143689000423,True Resilience
203114,Khris Middleton,2021-22,0.1583,0.0553,0.0555,0.0555,0.2979,0.0,-0.0357,-0.0023,1021,24,0.1950455636764917,0.255,Mid Usage (20-30%),0.8549680053098362,0.08029247219257443,The Sniper
1629216,Gabe Vincent,2021-22,0.0684,-0.0591,-0.0604,-0.0604,-0.0791,0.0,-0.6584,-0.0289,508,130,0.1830353091024794,0.174,Low Usage (<20%),-0.7499834246149779,-0.6443266436098652,The Crumble
1627759,Jaylen Brown,2021-22,0.0317,-0.0235,-0.0228,-0.0228,-0.5787,0.0,-0.344,-0.0303,1215,419,0.1638710292219256,0.298,Mid Usage (20-30%),-0.16530370772829356,-0.8760170539488766,The Abdicator
202699,Tobias Harris,2021-22,0.1036,0.045,0.0437,0.0437,0.539,0.0,0.435,-0.0005,1021,162,0.1452510804120607,0.214,Mid Usage (20-30%),0.7012105823998753,0.3433157744429781,The Sniper
1628389,Bam Adebayo,2021-22,0.0415,0.0442,0.0484,0.0484,-0.8223,0.0,-0.3467,0.0415,727,174,0.1436715445728402,0.248,Mid Usage (20-30%),0.7624529457623174,-1.1417676820210392,The Abdicator
202685,Jonas Valančiūnas,2021-22,0.1038,-0.0665,-0.0649,-0.0649,-0.0102,0.0,-1.2554,0.0898,938,68,0.1416252553584204,0.238,Mid Usage (20-30%),-0.7138789199748486,-0.2558231620809609,The Crumble
202711,Bojan Bogdanovic,2021-22,0.1675,0.1431,0.1407,0.1407,1.5716,0.0,-0.5066,-0.0706,928,81,0.1401069293475179,0.232,Mid Usage (20-30%),1.9651487198800615,1.4698104318621688,True Resilience
202696,Nikola Vučević,2021-22,0.1768,-0.0075,-0.0112,-0.0112,1.0362,0.0,0.3694,-0.0661,1152,91,0.1331624934454157,0.244,Mid Usage (20-30%),-0.014152342833755825,0.8857263338743373,The Engine
1628991,Jaren Jackson Jr.,2021-22,0.0876,-0.0011,-0.0027,-0.0027,0.3222,0.0,-0.0051,-0.0857,1036,155,0.108230891912487,0.248,Mid Usage (20-30%),0.09660512282172441,0.10680207918006844,Average
1627783,Pascal Siakam,2021-22,0.1346,0.0289,0.0263,0.0263,0.6446,0.0,-0.1706,-0.0807,1206,107,0.0977094846713505,0.257,Mid Usage (20-30%),0.47448353505806873,0.45851801715406315,Average
1630173,Precious Achiuwa,2021-22,0.1255,0.0968,0.0982,0.0982,1.0402,0.0,1.0817,0.067,638,52,0.0897262666196377,0.18,Low Usage (<20%),1.0720954420079247,0.5846164365893358,True Resilience
203897,Zach LaVine,2021-22,0.0474,-0.0425,-0.0425,-0.0425,-1.7654,0.0,0.5203,0.0232,1186,63,0.0671573432176064,0.284,Mid Usage (20-30%),-0.4220004222474654,-2.1706240750212697,The Abdicator
1628989,Kevin Huerter,2021-22,0.133,-0.1431,-0.1421,-0.1421,-1.0733,0.0,-1.0453,-0.0481,758,47,0.0645255682256336,0.169,Low Usage (<20%),-1.6885952997920972,-1.7359153243335728,The Crumble
1630567,Scottie Barnes,2021-22,0.0967,-0.0822,-0.0848,-0.0848,-0.2613,0.0,0.7219,-0.0616,979,41,0.063436595401342,0.187,Low Usage (<20%),-1.0303032502492706,-0.8443743780977545,The Crumble
1629680,Matisse Thybulle,2021-22,0.1533,-0.1418,-0.1596,-0.1596,0.0146,0.0,-0.3015,-0.1,300,24,0.061292560728434,0.095,Low Usage (<20%),-1.889644355062594,-0.5414480886070375,The Crumble
1630529,Herbert Jones,2021-22,0.0857,0.0476,0.0308,0.0308,0.1327,0.0,-0.3466,-0.0335,606,44,0.0445241053926901,0.136,Low Usage (<20%),0.29776936628041134,-0.4117793869439215,Average
203952,Andrew Wiggins,2021-22,0.0853,-0.0059,-0.0062,-0.0062,0.2927,0.0,0.2987,0.0248,1019,305,0.0368511409187875,0.224,Mid Usage (20-30%),0.050999107551820785,0.07461963448331646,Average
1629637,Jaxson Hayes,2021-22,0.1303,-0.0438,-0.032,-0.032,0.9722,0.0,-1.2358,0.0556,397,25,0.0084826432380751,0.159,Low Usage (<20%),-0.4237095292045716,0.5099553721262376,The Engine
1628401,Derrick White,2021-22,0.0839,-0.1015,-0.1017,-0.1017,-0.572,0.0,-0.1487,-0.0549,799,176,0.0040134249446822,0.196,Low Usage (<20%),-1.2244591950533503,-1.1855095652842924,The Crumble
1628378,Donovan Mitchell,2021-22,0.1197,0.0045,0.0038,0.0038,1.2275,0.0,-0.5039,0.039,1374,133,-0.0083277511057145,0.322,High Usage (>30%),0.7304361486085408,0.5902214248966559,True Resilience
203497,Rudy Gobert,2021-22,0.1206,-0.1322,-0.1271,-0.1271,-1.9699,0.0,-1.2592,0.1206,506,33,-0.010326834025895,0.166,Low Usage (<20%),-1.5162675381316713,-2.7203434184161277,The Crumble
201568,Danilo Gallinari,2021-22,0.214,-0.0461,-0.0455,-0.0455,1.1811,0.0,-0.3456,-0.0011,595,45,-0.014908353976802,0.182,Low Usage (<20%),-0.5788045146989549,0.7393185539841964,The Engine
201935,James Harden,2021-22,0.0376,0.0373,0.0358,0.0358,-0.0543,0.0,0.0414,-0.0038,992,158,-0.0425197949467168,0.266,Mid Usage (20-30%),0.5982712907906643,-0.3039331895767834,The Sniper
1626171,Bobby Portis,2021-22,0.0847,-0.0312,-0.0294,-0.0294,-0.207,0.0,-0.317,-0.0556,869,114,-0.0527908540345924,0.207,Mid Usage (20-30%),-0.25130362223725466,-0.47051825076980136,Average
203939,Dwight Powell,2021-22,0.0762,-0.0716,-0.0603,-0.0603,-1.4753,0.0,-1.6262,0.0269,401,35,-0.0573848960125507,0.136,Low Usage (<20%),-0.7488345728705751,-2.177293970130123,The Crumble
203932,Aaron Gordon,2021-22,0.247,0.0884,0.0761,0.0761,1.4605,0.0,-0.4632,-0.1829,830,54,-0.058317696956232,0.194,Low Usage (<20%),0.8181992064948974,1.0460876923811022,True Resilience
203500,Steven Adams,2021-22,0.2732,0.0795,0.0662,0.0662,2.1294,0.0,1.494,-0.2732,383,21,-0.0922767936249319,0.118,Low Usage (<20%),0.7044628837990162,1.7805110161953126,True Resilience
1627736,Malik Beasley,2021-22,0.286,0.0941,0.067,0.067,3.1433,0.0,3.1677,0.286,847,44,-0.1104395716634535,0.189,Low Usage (<20%),0.713653697754239,2.8937294464767116,True Resilience
1629639,Tyler Herro,2021-22,0.0679,-0.0327,-0.0321,-0.0321,-0.2194,0.0,-0.2143,-0.0254,1117,181,-0.1273185773040938,0.278,Mid Usage (20-30%),-0.286485405445466,-0.4840457868457243,Average
1629632,Coby White,2021-22,0.2291,-0.0784,-0.0789,-0.0789,0.8836,0.0,-1.3605,-0.1029,642,44,-0.1518064297499197,0.195,Low Usage (<20%),-0.962520997329503,0.41267639695814234,The Crumble
1627832,Fred VanVleet,2021-22,0.101,-0.0567,-0.0589,-0.0589,-0.8455,0.0,0.1421,0.0077,1091,54,-0.1556733557576871,0.233,Mid Usage (20-30%),-0.6356971795121567,-1.1670772656469592,The Crumble
1629018,Gary Trent Jr.,2021-22,0.0919,-0.0236,-0.023,-0.023,0.0086,0.0,-0.3925,-0.014,1085,82,-0.1978164868546748,0.212,Mid Usage (20-30%),-0.16790976574371663,-0.2353136719013359,Average
1629020,Jarred Vanderbilt,2021-22,0.1735,-0.1737,-0.1736,-0.1736,0.574,0.0,-3.6825,0.1735,361,27,-0.2343633438434774,0.108,Low Usage (<20%),-2.0504835992789916,0.07274896228497808,The Crumble
1628381,John Collins,2021-22,0.182,0.0389,0.0354,0.0354,0.7903,0.0,-0.5032,-0.0308,644,39,-0.2627907446435334,0.202,Mid Usage (20-30%),0.5930591747598182,0.617466566046157,True Resilience
203468,CJ McCollum,2021-22,0.0564,-0.0568,-0.0553,-0.0553,-0.3045,0.0,-0.1055,-0.0126,1164,125,-0.2838352656777566,0.269,Mid Usage (20-30%),-0.5887881352345415,-0.5768839578183885,The Crumble
1626220,Royce O'Neale,2021-22,0.0694,-0.0443,-0.0453,-0.0453,0.4439,0.0,-0.412,0.0156,443,35,-0.3000943836737618,0.098,Low Usage (<20%),-0.5765068112101492,-0.07009522134221391,The Crumble
1629001,De'Anthony Melton,2021-22,0.1422,-0.1284,-0.1278,-0.1278,-0.712,0.0,-0.8994,-0.0792,692,65,-0.3560727791982612,0.205,Mid Usage (20-30%),-1.5334841658254021,-1.0214380667650476,The Crumble
1626157,Karl-Anthony Towns,2021-22,0.0792,-0.0876,-0.0864,-0.0864,-1.4009,0.0,-0.1598,0.0649,1214,79,-0.3655982494364683,0.272,Mid Usage (20-30%),-0.994030156632828,-1.7729799702088596,The Crumble
201950,Jrue Holiday,2021-22,0.0926,-0.2297,-0.2133,-0.2133,0.0561,0.0,-0.3021,-0.0649,953,232,-0.4038091314201159,0.231,Mid Usage (20-30%),-2.647573967418762,-0.18349448128792167,The Crumble
203115,Will Barton,2021-22,0.2591,-0.0126,-0.0176,-0.0176,1.2045,0.0,-0.6671,-0.1952,895,65,-0.4259553374367965,0.205,Mid Usage (20-30%),-0.0975461993272939,1.069329908195129,The Engine
201144,Mike Conley,2021-22,0.118,-0.0339,-0.0338,-0.0338,0.108,0.0,-0.7922,-0.0338,790,57,-0.4583331958262024,0.202,Mid Usage (20-30%),-0.30863689857656207,-0.1268751972282122,Average
1626156,D'Angelo Russell,2021-22,0.0962,-0.1986,-0.2011,-0.2011,-1.722,0.0,-0.1157,0.0334,972,72,-0.5050915805499693,0.246,Mid Usage (20-30%),-2.4886044284779554,-2.1232776987555395,The Crumble
1630245,Ayo Dosunmu,2021-22,0.2441,-0.125,-0.1253,-0.1253,0.2511,0.0,-1.7964,-0.2441,593,26,-0.5804701556645353,0.138,Low Usage (<20%),-1.4955882067324202,-0.2817812982317038,The Crumble
201142,Kevin Durant,2021-22,0.2168,-0.1558,-0.1481,-0.1481,-0.1144,0.0,-1.0461,-0.034,1115,83,-0.629858466560521,0.31,High Usage (>30%),-1.3847904730725873,-0.08158075816039417,The Crumble
203954,Joel Embiid,2021-22,0.0548,-0.0233,-0.0193,-0.0193,-1.3545,0.0,0.5515,0.0374,1333,161,-0.7498733663060665,0.375,High Usage (>30%),0.40876574070311583,-0.7024182924096287,The Abdicator
200768,Kyle Lowry,2021-22,0.0633,-0.1417,-0.1448,-0.1448,-0.8166,0.0,0.1314,0.0074,623,85,-0.8111718576911392,0.178,Low Usage (<20%),-1.719614296890974,-1.4540698059853776,The Crumble
201942,DeMar DeRozan,2021-22,0.0998,-0.0688,-0.0675,-0.0675,-0.7337,0.0,-0.5372,-0.0545,1531,95,-0.8964963638502147,0.308,High Usage (>30%),-0.26242532687443765,-0.391624048992223,Average
1626166,Cameron Payne,2021-22,0.17,-0.0771,-0.0813,-0.0813,-0.1932,0.0,0.3338,0.0454,587,74,-0.9738878338846968,0.235,Mid Usage (20-30%),-0.9275756772395399,-0.4554634122336937,The Crumble
1629027,Trae Young,2021-22,0.1582,-0.1668,-0.1656,-0.1656,-2.5532,0.0,-0.0609,-0.0508,1543,69,-1.7946682463008727,0.333,High Usage (>30%),-1.6284801760312424,-1.302529535296942,The Crumble
1628988,Aaron Holiday,2019-20,0.1056,0.3248,0.3232,0.3232,1.9335,0.0,0.4998,0.0179,631,21,0.8391236075977754,0.182,Low Usage (<20%),1.1350168374482832,1.097408084418554,True Resilience
1629014,Anfernee Simons,2019-20,0.1225,0.0702,0.0692,0.0692,0.5853,0.0,-0.0982,-0.0451,577,26,0.0566822931163236,0.18,Low Usage (<20%),-0.38365362811026255,-0.23762266669862459,Average
202692,Alec Burks,2019-20,0.1077,-0.0978,-0.0969,-0.0969,0.2902,0.0,-0.2505,-0.0384,767,49,-0.7638347466362726,0.23,Mid Usage (20-30%),,,Average
201143,Al Horford,2019-20,0.3284,0.0034,0.0077,0.0077,-0.043,0.0,-1.5201,0.2572,709,25,-0.8097313146378631,0.173,Low Usage (<20%),-0.7513632093380206,-0.8597854177199297,The Crumble
101108,Chris Paul,2020-21,0.0802,-0.0858,-0.0842,-0.0842,0.4965,0.0,-0.0968,0.0158,875,300,1.3848445333728872,0.221,Mid Usage (20-30%),-0.9040252124766791,-0.03419930275954451,The Crumble
202704,Reggie Jackson,2020-21,0.0783,-0.0286,-0.0246,-0.0246,0.3191,0.0,0.0458,-0.016,584,251,1.3115968467735073,0.195,Low Usage (<20%),-0.07937866381164536,0.19124149609105862,Average
201144,Mike Conley,2020-21,0.1945,0.0032,0.0049,0.0049,0.7497,0.0,0.2531,-0.0478,637,67,1.218978178524047,0.224,Mid Usage (20-30%),0.6072064278924035,0.24804015809496108,The Sniper
1629661,Cameron Johnson,2020-21,0.0855,0.0637,0.0605,0.0605,-0.0877,0.0,0.5007,0.0514,482,110,1.1505767372742008,0.164,Low Usage (<20%),0.8110883640422898,-0.29341206589074975,The Sniper
203552,Seth Curry,2020-21,0.0383,0.0609,0.064,0.064,1.3123,0.0,0.1148,-0.015,551,147,1.0822999099421875,0.169,Low Usage (<20%),0.8477115673030274,1.3745205466326813,True Resilience
203081,Damian Lillard,2020-21,0.0586,0.0099,0.0094,0.0094,0.417,0.0,0.0106,-0.0444,1330,133,1.0454218251880207,0.306,High Usage (>30%),0.6548693239592174,-0.08476247791598789,The Sniper
101150,Lou Williams,2020-21,0.1412,-0.012,-0.0149,-0.0149,0.2633,0.0,-0.4674,-0.0534,646,110,1.0333891536385622,0.244,Mid Usage (20-30%),0.2713771744770519,-0.2941449673380228,Average
1629029,Luka Dončić,2020-21,0.0524,-0.0465,-0.0439,-0.0439,0.8671,0.0,-0.1656,-0.0368,1346,196,0.9984404191744518,0.35,High Usage (>30%),-0.8101688698299238,0.5093833863625583,The Engine
1628378,Donovan Mitchell,2020-21,0.0988,0.0498,0.0506,0.0506,1.8647,0.0,0.5337,-0.0012,1087,235,0.95328699820137,0.327,High Usage (>30%),1.7873191097774654,1.8262461150990117,True Resilience
1629027,Trae Young,2020-21,0.0661,-0.0077,-0.009,-0.009,0.8794,0.0,-0.0932,-0.0385,1112,359,0.9127379217366955,0.32,High Usage (>30%),0.1491150506811649,0.5256197652353113,The Engine
203954,Joel Embiid,2020-21,0.0643,-0.0493,-0.0464,-0.0464,-0.0598,0.0,0.186,-0.0518,898,197,0.8513784385441194,0.352,High Usage (>30%),-0.8788854830470504,-0.714153164625632,The Crumble
202695,Kawhi Leonard,2020-21,0.0848,0.0318,0.0346,0.0346,0.9828,0.0,0.5054,0.0689,907,213,0.8385466466575247,0.282,Mid Usage (20-30%),1.1109503080154313,0.5078743536920591,True Resilience
201950,Jrue Holiday,2020-21,0.0645,-0.0659,-0.0649,-0.0649,-0.2877,0.0,-0.4325,-0.0605,821,388,0.8337509415146724,0.217,Mid Usage (20-30%),-0.5766764957637353,-0.9083390547425747,The Crumble
203497,Rudy Gobert,2020-21,0.0611,0.0341,0.0419,0.0419,-0.6098,0.0,-0.9756,0.0608,576,80,0.7332254093531712,0.166,Low Usage (<20%),0.6164621981423697,-0.9154317923182378,The Abdicator
201145,Jeff Green,2020-21,0.0626,0.1712,0.174,0.174,0.8652,0.0,0.409,-0.0025,527,32,0.7294324340668028,0.154,Low Usage (<20%),1.9987265269262102,0.8418543530189483,True Resilience
1626192,Pat Connaughton,2020-21,0.0988,0.033,0.0301,0.0301,0.239,0.0,-1.1047,-0.0729,386,119,0.7137472765424543,0.113,Low Usage (<20%),0.49298968429188283,0.09581192304596801,Average
1628369,Jayson Tatum,2020-21,0.0843,-0.022,-0.0246,-0.0246,0.6277,0.0,-0.2945,-0.0403,1317,111,0.6965815439098606,0.298,Mid Usage (20-30%),0.10685476245033917,0.11204800081119459,Average
201587,Nicolas Batum,2020-21,0.1228,0.0005,-0.001,-0.001,0.1849,0.0,1.0256,0.0792,412,109,0.6921695250356913,0.116,Low Usage (<20%),0.1675663638893284,0.0313582413763126,Average
204060,Joe Ingles,2020-21,0.0447,-0.0079,-0.0081,-0.0081,-0.3799,0.0,0.4461,0.0257,561,79,0.6859828951643797,0.162,Low Usage (<20%),0.09327358013183208,-0.6415334297331401,The Abdicator
1628415,Dillon Brooks,2020-21,0.1788,0.1126,0.107,0.107,3.3621,0.0,-0.5476,0.106,1031,97,0.6544877812772538,0.256,Mid Usage (20-30%),2.338932022524091,3.1600558276696464,True Resilience
201572,Brook Lopez,2020-21,0.1096,0.0225,0.0332,0.0332,0.8932,0.0,-0.3767,0.0997,640,216,0.6469166998556191,0.166,Low Usage (<20%),0.5254273786085362,0.875213005269417,True Resilience
1629630,Ja Morant,2020-21,0.1336,0.0438,0.0415,0.0415,2.3084,0.0,-0.5809,-0.1064,956,113,0.6376349903591366,0.267,Mid Usage (20-30%),1.2279817145086598,1.9855071708671481,True Resilience
200794,Paul Millsap,2020-21,0.1745,-0.0062,-0.0066,-0.0066,2.5104,0.0,1.0111,0.0073,401,49,0.6327871175605506,0.184,Low Usage (<20%),0.10896923867214821,2.801913448821483,The Engine
1626220,Royce O'Neale,2020-21,0.0416,0.0512,0.0474,0.0474,0.8319,0.0,0.3868,0.0313,394,85,0.6041619403875905,0.095,Low Usage (<20%),0.6740129461235289,0.802181384449641,True Resilience
1629028,Deandre Ayton,2020-21,0.0678,0.013,0.0177,0.0177,-0.0629,0.0,-1.3708,0.0461,687,234,0.5944429968333994,0.179,Low Usage (<20%),0.3632389070252695,-0.2638658310403347,Average
1626164,Devin Booker,2020-21,0.0743,-0.0421,-0.0399,-0.0399,-0.097,0.0,-0.7232,-0.0681,1286,469,0.5663232134181533,0.319,High Usage (>30%),-0.700222288682521,-0.7632583104846898,The Crumble
1629060,Rui Hachimura,2020-21,0.1093,0.2691,0.2604,0.2604,0.9706,0.0,0.1929,-0.0666,648,47,0.5515650296355656,0.18,Low Usage (<20%),2.9027964588484196,0.9674258511332124,True Resilience
1627826,Ivica Zubac,2020-21,0.0375,0.0,0.0152,0.0152,0.0986,0.0,-0.7983,-0.0299,393,57,0.5511682519020212,0.147,Low Usage (<20%),0.33707947612474265,-0.07145789038138177,Average
1629680,Matisse Thybulle,2020-21,0.1474,-0.0257,-0.0334,-0.0334,0.4986,0.0,0.1987,-0.0161,243,52,0.5432357604232894,0.09,Low Usage (<20%),-0.17145986058149998,0.4050942846253127,Average
202684,Tristan Thompson,2020-21,0.22,-0.0143,-0.0242,-0.0242,1.0657,0.0,-1.3889,0.22,324,34,0.5428688910565747,0.144,Low Usage (<20%),-0.07519315486756105,1.080726130741054,The Engine
1626171,Bobby Portis,2020-21,0.0818,-0.1252,-0.1136,-0.1136,-0.1701,0.0,0.3898,-0.0097,598,151,0.5358748879178528,0.202,Mid Usage (20-30%),-1.402680770578262,-0.7772515326395343,The Crumble
203109,Jae Crowder,2020-21,0.0707,-0.0052,-0.0107,-0.0107,-0.2789,0.0,-0.0814,0.003,492,184,0.5050467792167549,0.152,Low Usage (<20%),0.06606777199528413,-0.5212040055439497,The Abdicator
202699,Tobias Harris,2020-21,0.0279,-0.0272,-0.0263,-0.0263,0.3546,0.0,-0.121,0.0081,924,215,0.5019084858677965,0.237,Mid Usage (20-30%),0.07802093766215241,-0.19237378733795812,Average
1630267,Facundo Campazzo,2020-21,0.0732,-0.1597,-0.1874,-0.1874,0.1788,0.0,0.9626,0.0732,313,74,0.5005827844501519,0.128,Low Usage (<20%),-1.782880804053956,0.02409082070746048,The Crumble
201565,Derrick Rose,2020-21,0.0876,0.0335,0.0286,0.0286,1.1105,0.0,0.6781,0.067,611,84,0.4464511037295066,0.252,Mid Usage (20-30%),1.0091838675865366,0.6502202429144935,True Resilience
1628969,Mikal Bridges,2020-21,0.0819,-0.0417,-0.0389,-0.0389,0.1449,0.0,-0.2185,-0.0463,669,190,0.445956274497938,0.147,Low Usage (<20%),-0.2290106085626591,-0.016296976124356863,Average
203507,Giannis Antetokounmpo,2020-21,0.0416,0.0085,0.0125,0.0125,0.5724,0.0,-0.6482,0.0271,1100,439,0.4385454562697154,0.32,High Usage (>30%),0.7400779243484544,0.12037030881781816,The Sniper
1628989,Kevin Huerter,2020-21,0.1007,0.0235,0.0245,0.0245,0.5252,0.0,-0.8079,-0.0786,730,180,0.4296331157745009,0.167,Low Usage (<20%),0.4343925590747026,0.436785004263258,Average
2546,Carmelo Anthony,2020-21,0.1984,-0.0309,-0.0292,-0.0292,0.6823,0.0,-0.5051,-0.0246,777,60,0.4063506329916969,0.228,Mid Usage (20-30%),0.028833824788186763,0.1729100646447491,Average
203496,Robert Covington,2020-21,0.2146,0.0935,0.0743,0.0743,0.5022,0.0,1.4608,0.1702,508,36,0.4061244062600448,0.114,Low Usage (<20%),0.9554884226131982,0.409383254200373,The Sniper
1629008,Michael Porter Jr.,2020-21,0.1451,-0.0588,-0.0559,-0.0559,0.2363,0.0,-0.9532,-0.0798,815,135,0.3905873240809787,0.214,Mid Usage (20-30%),-0.4240268351203935,-0.32424159231065963,Average
201980,Danny Green,2020-21,0.1466,0.0734,0.0634,0.0634,0.9467,0.0,1.7079,0.0734,543,47,0.3849623675687293,0.138,Low Usage (<20%),0.841433303886901,0.9389518586765624,True Resilience
201568,Danilo Gallinari,2020-21,0.0659,-0.0587,-0.0612,-0.0612,0.0775,0.0,-0.1847,-0.0159,473,174,0.3178072370825151,0.211,Mid Usage (20-30%),-0.5139205241659169,-0.5012543347423163,The Crumble
1627732,Ben Simmons,2020-21,0.1756,0.0276,0.0278,0.0278,0.0782,0.0,-1.1672,0.1756,583,95,0.3057458113110075,0.2,Mid Usage (20-30%),0.9956150088626842,-0.5004740518726554,The Abdicator
202711,Bojan Bogdanovic,2020-21,0.1288,0.0681,0.0669,0.0669,0.7064,0.0,-0.419,-0.0846,925,137,0.2918045286835363,0.225,Mid Usage (20-30%),1.6587929789909797,0.19977408915736197,The Sniper
1628971,Bruce Brown,2020-21,0.2078,-0.0167,-0.0117,-0.0117,0.6964,0.0,0.1071,-0.152,423,79,0.2591451533740454,0.157,Low Usage (<20%),0.05560399963507336,0.6407493351661233,The Engine
200782,P.J. Tucker,2020-21,0.0758,0.0,-0.026,-0.026,0.2093,0.0,0.6098,0.0699,177,98,0.2329593949408693,0.072,Low Usage (<20%),-0.0940279451159404,0.060427924051720976,Average
203114,Khris Middleton,2020-21,0.0992,-0.0446,-0.0434,-0.0434,0.3726,0.0,-0.3014,-0.0549,1074,452,0.2308092710469631,0.245,Mid Usage (20-30%),-0.2120134175601968,-0.17230937068953361,Average
203925,Joe Harris,2020-21,0.0782,-0.1026,-0.1023,-0.1023,-0.9924,0.0,0.4146,0.0257,707,123,0.21821154844502,0.157,Low Usage (<20%),-0.8924137762000209,-1.371253947712141,The Crumble
202331,Paul George,2020-21,0.0322,-0.0096,-0.0102,-0.0102,-0.5273,0.0,0.0503,0.0116,949,373,0.2164844583542251,0.296,Mid Usage (20-30%),0.3510942194796859,-1.1754187341293818,The Abdicator
203999,Nikola Jokić,2020-21,0.1045,-0.0497,-0.0474,-0.0474,2.4436,0.0,0.5887,0.0031,1290,228,0.0965818812292114,0.293,Mid Usage (20-30%),-0.2798577111794597,2.136213233693093,The Engine
1629130,Duncan Robinson,2020-21,0.2159,-0.0355,-0.0334,-0.0334,0.3501,0.0,-1.0489,-0.0175,717,29,0.0887600141827336,0.162,Low Usage (<20%),-0.17145986058149998,0.22817428965407746,Average
202685,Jonas Valančiūnas,2020-21,0.2321,-0.0779,-0.0718,-0.0718,0.1894,0.0,1.2629,-0.2186,743,58,0.0714939254646645,0.217,Mid Usage (20-30%),-0.693707902256964,-0.3765205445779436,The Crumble
202694,Marcus Morris Sr.,2020-21,0.0243,0.0085,0.0034,0.0034,-0.2868,0.0,0.004,0.0019,581,200,0.0632846879709047,0.194,Low Usage (<20%),0.21360696227425574,-0.530615911000332,The Abdicator
203991,Clint Capela,2020-21,0.0851,-0.0141,-0.0138,-0.0138,-2.0179,0.0,-0.7659,0.0851,695,136,0.0243148256042695,0.193,Low Usage (<20%),0.033630077678630785,-2.5930145863855545,The Abdicator
1628973,Jalen Brunson,2020-21,0.0993,0.0062,0.0088,0.0088,1.0204,0.0,0.3897,0.0096,627,44,0.0188676919513779,0.196,Low Usage (<20%),0.2701113330193938,1.0267565969215457,The Engine
203903,Jordan Clarkson,2020-21,0.0626,-0.0299,-0.0299,-0.0299,-0.4203,0.0,-0.7933,-0.059,1074,165,0.004346417900635,0.286,Mid Usage (20-30%),0.016961073404815757,-1.0561469240526358,The Abdicator
1628381,John Collins,2020-21,0.1031,0.0396,0.0451,0.0451,0.3303,0.0,-0.0704,-0.0581,771,182,-0.0138585697551661,0.214,Mid Usage (20-30%),1.2890415787659963,-0.21946074981333136,The Sniper
1626181,Norman Powell,2020-21,0.1714,-0.0103,-0.0092,-0.0092,0.3931,0.0,-0.616,0.0509,916,76,-0.0261154084356369,0.221,Mid Usage (20-30%),0.3680552928845016,-0.14945822950660562,Average
1629628,RJ Barrett,2020-21,0.129,-0.113,-0.1121,-0.1121,0.0354,0.0,0.8804,-0.0289,1059,67,-0.0278391240409709,0.228,Mid Usage (20-30%),-1.3772391604710383,-0.5481827759033538,The Crumble
202722,Davis Bertans,2020-21,0.0781,0.1667,0.1725,0.1725,0.5028,0.0,1.8219,0.0628,475,26,-0.0492719258639061,0.148,Low Usage (<20%),1.9830308683858942,0.41009808246288315,The Sniper
1626196,Josh Richardson,2020-21,0.1148,-0.0682,-0.0709,-0.0709,-0.6338,0.0,0.8067,0.0311,617,28,-0.0522597701389968,0.181,Low Usage (<20%),-0.5638513240894033,-0.9440249228186395,The Crumble
1628467,Maxi Kleber,2020-21,0.1467,0.0417,-0.0058,-0.0058,0.2802,0.0,0.1784,-0.0424,275,30,-0.0614676415014897,0.103,Low Usage (<20%),0.11734025656031681,0.14489679707165756,Average
1627827,Dorian Finney-Smith,2020-21,0.1467,-0.1229,-0.1198,-0.1198,-0.2468,0.0,0.4274,0.0372,466,64,-0.0783255342917558,0.12,Low Usage (<20%),-1.075529792503709,-0.4829606934996625,The Crumble
1629013,Landry Shamet,2020-21,0.0955,0.0699,0.0576,0.0576,0.0596,0.0,1.4634,0.0854,455,41,-0.1044702915371512,0.164,Low Usage (<20%),0.7807434241976786,-0.11792172744453448,The Sniper
201609,Goran Dragic,2020-21,0.2111,0.0413,0.0429,0.0429,1.9882,0.0,-1.087,-0.1208,554,54,-0.2601898198942184,0.239,Mid Usage (20-30%),1.251727217275402,1.6285834924879514,True Resilience
203078,Bradley Beal,2020-21,0.0394,-0.0493,-0.0487,-0.0487,-0.5941,0.0,0.0848,-0.0227,1382,123,-0.2636446393717245,0.331,High Usage (>30%),-0.942104767206807,-1.4194456224883896,The Crumble
203493,Reggie Bullock Jr.,2020-21,0.2217,-0.098,-0.1045,-0.1045,-0.2769,0.0,0.7736,0.0556,560,39,-0.2808780673885565,0.14,Low Usage (<20%),-0.9154340753924844,-0.5188212446689162,The Crumble
1629003,Shake Milton,2020-21,0.2197,-0.0928,-0.0941,-0.0941,0.0384,0.0,0.9079,-0.0667,667,47,-0.3301281912133752,0.239,Mid Usage (20-30%),-1.071939839184355,-0.5448387064619498,The Crumble
203501,Tim Hardaway Jr.,2020-21,0.0996,-0.0431,-0.0476,-0.0476,0.1363,0.0,-0.0342,-0.0173,908,100,-0.3311767048292104,0.23,Mid Usage (20-30%),-0.28324992586042297,-0.43571057369079613,Average
203932,Aaron Gordon,2020-21,0.1846,-0.052,-0.0496,-0.0496,0.7597,0.0,-0.5467,0.1845,496,99,-0.3447018464719061,0.204,Mid Usage (20-30%),-0.3171720726700544,0.2591870562329747,Average
201566,Russell Westbrook,2020-21,0.0607,-0.0591,-0.0616,-0.0616,-0.3511,0.0,-0.2849,-0.0117,1238,84,-0.478933318912921,0.295,Mid Usage (20-30%),-0.5207049535278433,-0.9790103889375814,The Crumble
1629134,Kendrick Nunn,2020-21,0.1995,-0.0589,-0.0586,-0.0586,1.1861,0.0,-1.055,-0.1051,657,43,-0.5518178186081371,0.205,Mid Usage (20-30%),-0.46982173331339605,0.7344907928378765,The Engine
203484,Kentavious Caldwell-Pope,2020-21,0.0797,-0.1787,-0.179,-0.179,-1.4684,0.0,-0.4219,-0.0283,506,29,-0.5751852194443129,0.139,Low Usage (<20%),-1.6949851162281855,-1.9383510359701075,The Crumble
1629001,De'Anthony Melton,2020-21,0.2178,-0.0706,-0.0847,-0.0847,0.848,0.0,0.1838,0.0425,393,30,-0.5756716668921138,0.189,Low Usage (<20%),-0.7082513826603116,0.8213626094936605,The Engine
203471,Dennis Schröder,2020-21,0.1264,0.0061,0.0038,0.0038,0.5064,0.0,0.6778,0.0311,757,70,-0.5912913831370324,0.227,Mid Usage (20-30%),0.5885492471471063,-0.023163873602911042,The Sniper
1628389,Bam Adebayo,2020-21,0.1676,0.0102,0.0108,0.0108,1.5063,0.0,-0.7815,-0.1205,800,57,-0.6150654631210962,0.233,Mid Usage (20-30%),0.7072767609808165,1.0914144712170737,True Resilience
203937,Kyle Anderson,2020-21,0.1555,-0.0779,-0.0779,-0.0779,-0.5387,0.0,0.0525,0.064,657,42,-0.637698621199743,0.181,Low Usage (<20%),-0.6370977306108785,-0.8307246432107978,The Crumble
202681,Kyrie Irving,2020-21,0.0512,-0.025,-0.0229,-0.0229,-0.5,0.0,-0.0641,-0.0262,1086,163,-0.6862501317531468,0.297,Mid Usage (20-30%),0.13568858723852595,-1.1449877022126043,The Abdicator
1629639,Tyler Herro,2020-21,0.1115,-0.1486,-0.1497,-0.1497,-0.9947,0.0,-0.8855,-0.0713,695,38,-0.7826892653066311,0.225,Mid Usage (20-30%),-2.01497552049211,-1.6964247531001397,The Crumble
203526,Raul Neto,2020-21,0.1104,-0.1042,-0.1056,-0.1056,-0.4338,0.0,0.0232,0.0153,445,34,-0.9205690121308594,0.155,Low Usage (<20%),-0.9269442249887163,-0.7057488353152922,The Crumble
1628960,Grayson Allen,2020-21,0.11,-0.0976,-0.1127,-0.1127,-0.0159,0.0,1.0325,0.1072,414,33,-0.9874412529851564,0.164,Low Usage (<20%),-1.0012370087462126,-0.20787095047704807,The Crumble
203944,Julius Randle,2020-21,0.1231,-0.0912,-0.0915,-0.0915,0.299,0.0,0.5974,0.0652,1320,94,-1.0107013082483989,0.285,Mid Usage (20-30%),-1.027841048331834,-0.25435054098531407,The Crumble
1628398,Kyle Kuzma,2020-21,0.1141,-0.2154,-0.2158,-0.2158,-1.5202,0.0,0.1205,0.083,756,48,-1.023725926074886,0.198,Low Usage (<20%),-2.0800519390839414,-2.0000645426334747,The Crumble
203524,Solomon Hill,2020-21,0.0657,-0.1702,-0.1788,-0.1788,-0.7497,0.0,0.2823,-0.0253,297,24,-1.031025232240093,0.102,Low Usage (<20%),-1.6928923617561433,-1.082105915526829,The Crumble
1627936,Alex Caruso,2020-21,0.2632,-0.0923,-0.1029,-0.1029,1.3653,0.0,0.9172,0.1842,304,38,-1.051805473492343,0.144,Low Usage (<20%),-0.8986920396161474,1.4376637098210683,The Engine
202710,Jimmy Butler III,2020-21,0.2071,-0.1487,-0.1519,-0.1519,0.0086,0.0,0.7072,-0.1683,734,64,-1.2099335258128103,0.259,Mid Usage (20-30%),-2.052289881982705,-0.5780564629132303,The Crumble
1626178,Rondae Hollis-Jefferson,2018-19,0.2597,0.0186,0.0171,0.0171,4.0803,0.0,-1.2947,0.2011,487,33,1.5131865176981307,0.21,Mid Usage (20-30%),0.2736978360905428,2.711901126038714,The Engine
202704,Reggie Jackson,2018-19,0.2062,0.0356,0.0319,0.0319,3.7729,0.0,-0.5126,0.0678,1043,65,1.4408945771486716,0.237,Mid Usage (20-30%),0.4389416993041173,2.4798903612820666,The Engine
203954,Joel Embiid,2018-19,0.0293,-0.0093,-0.0149,-0.0149,-0.0676,0.0,0.1776,-0.0014,1197,159,1.30005951192568,0.327,High Usage (>30%),0.4997091555763439,-0.27352018726337946,Average
201588,George Hill,2018-19,0.1289,0.0928,0.0896,0.0896,1.4078,0.0,0.6138,0.1164,375,117,1.267962158708677,0.147,Low Usage (<20%),1.2277691620413322,1.5334225892676245,True Resilience
1626149,Montrezl Harrell,2018-19,0.0856,0.1875,0.1842,0.1842,1.302,0.0,0.1378,-0.0698,885,62,1.2273096226622973,0.227,Mid Usage (20-30%),2.139390372778942,0.6149736448305417,True Resilience
201939,Stephen Curry,2018-19,0.0515,0.0402,0.0422,0.0422,0.3642,0.0,0.2689,-0.0059,1329,423,1.16159683186843,0.292,Mid Usage (20-30%),0.553942496000051,-0.09283278063719887,The Sniper
202695,Kawhi Leonard,2018-19,0.0663,-0.0288,-0.0272,-0.0272,0.1197,0.0,0.3372,-0.003,1129,495,1.1331240287506246,0.3,High Usage (>30%),0.28721399175304124,0.03292713485075826,Average
1628386,Jarrett Allen,2018-19,0.1545,-0.0373,-0.0344,-0.0344,1.1242,0.0,-4.1147,0.1545,584,32,1.072893554282044,0.158,Low Usage (<20%),0.004344645636919974,1.1670357790300385,The Engine
203110,Draymond Green,2018-19,0.1479,0.0131,0.0155,0.0155,1.6815,0.0,-0.5985,0.0883,421,227,1.0670859782351148,0.128,Low Usage (<20%),0.49667435022224393,1.8870194509108802,The Engine
201142,Kevin Durant,2018-19,0.0898,0.0073,0.0095,0.0095,1.3061,0.0,-0.1913,-0.049,1383,243,1.0592041658618578,0.283,Mid Usage (20-30%),0.18884287930519372,0.6180681280299636,The Engine
203918,Rodney Hood,2018-19,0.1166,-0.0273,-0.0318,-0.0318,-0.0923,0.0,0.2576,0.0113,670,110,1.0241259608223143,0.178,Low Usage (<20%),0.029997095174431825,-0.4045776012732881,Average
202694,Marcus Morris Sr.,2018-19,0.0595,0.3216,0.273,0.273,0.59,0.0,-0.02,-0.0299,840,79,1.0217105803122029,0.203,Mid Usage (20-30%),3.130853552060389,0.07759022093095617,The Sniper
201933,Blake Griffin,2018-19,0.1847,-0.0046,-0.0042,-0.0042,4.2432,0.0,0.4138,0.1638,1338,39,1.0055333064545602,0.296,Mid Usage (20-30%),0.03588065457370919,2.8348502268157394,The Engine
1628470,Torrey Craig,2018-19,0.0733,-0.0044,-0.0052,-0.0052,-0.1182,0.0,0.3476,0.006,362,69,0.9929142051377258,0.121,Low Usage (<20%),0.2924413865966687,-0.4380381738584556,Average
202691,Klay Thompson,2018-19,0.0547,-0.0024,-0.0017,-0.0017,-0.6949,0.0,-0.3095,-0.0419,1402,359,0.9294044423388592,0.254,Mid Usage (20-30%),0.0637934693057319,-0.8921906236878323,The Abdicator
203090,Maurice Harkless,2018-19,0.1113,-0.0597,-0.0583,-0.0583,0.2003,0.0,-0.878,0.016,386,108,0.8728485476777309,0.135,Low Usage (<20%),-0.2314605635732853,-0.026563565040856288,Average
202710,Jimmy Butler III,2018-19,0.1162,0.0785,0.0764,0.0764,1.1679,0.0,-0.1632,-0.0871,903,173,0.8426438848787619,0.218,Mid Usage (20-30%),0.9357898015341218,0.513761401649454,True Resilience
101150,Lou Williams,2018-19,0.1015,0.0241,0.0234,0.0234,1.3001,0.0,-0.7628,-0.0188,1138,104,0.826554120138538,0.308,High Usage (>30%),1.1613810884570344,1.964216077848773,True Resilience
202339,Eric Bledsoe,2018-19,0.1092,-0.0214,-0.0295,-0.0295,0.4489,0.0,-0.5507,-0.0904,971,184,0.8198080853632753,0.225,Mid Usage (20-30%),-0.24659703051436077,-0.02890528624914424,Average
201571,D.J. Augustin,2018-19,0.0757,0.0289,0.0295,0.0295,0.4421,0.0,-0.2475,-0.0333,673,41,0.8056516080038493,0.169,Low Usage (<20%),0.6348029246550002,0.28582124002066805,The Sniper
2738,Andre Iguodala,2018-19,0.0468,0.0229,0.016,0.016,0.6776,0.0,-0.1278,-0.0275,301,166,0.8005057925996399,0.101,Low Usage (<20%),0.5016075135948423,0.5900669868858003,True Resilience
1628401,Derrick White,2018-19,0.1125,0.0256,0.0218,0.0218,1.3997,0.0,-0.2355,0.1125,618,74,0.7471121114162094,0.178,Low Usage (<20%),0.5588322087169842,1.5229580858722633,True Resilience
200782,P.J. Tucker,2018-19,0.0863,0.0339,0.015,0.015,0.4522,0.0,0.708,0.0454,522,88,0.7390780446085865,0.094,Low Usage (<20%),0.4917411868496455,0.2988695714148839,Average
203999,Nikola Jokić,2018-19,0.0266,-0.0341,-0.0312,-0.0312,-0.097,0.0,-0.2243,-0.0199,1202,261,0.6949979199465642,0.271,Mid Usage (20-30%),-0.26557774453213623,-0.4409244029721551,Average
202324,Derrick Favors,2018-19,0.2049,0.011,0.016,0.016,1.8755,0.0,-1.8362,0.2049,619,36,0.6826075634358068,0.188,Low Usage (<20%),0.5016075135948423,2.137650766799779,True Resilience
201937,Ricky Rubio,2018-19,0.1834,0.0226,0.0179,0.0179,1.4456,0.0,-0.0123,0.0542,729,65,0.6503919962071946,0.221,Mid Usage (20-30%),0.2826299368047901,0.7233560320102896,The Engine
203210,JaMychal Green,2018-19,0.1672,0.116,0.1206,0.1206,1.1711,0.0,0.6129,-0.0652,476,43,0.643583547747466,0.185,Low Usage (<20%),1.5336252911424355,1.2276265456031794,True Resilience
1626192,Pat Connaughton,2018-19,0.1145,-0.0018,-0.0117,-0.0117,0.2918,0.0,-0.6024,-0.0255,350,77,0.6239827989082231,0.13,Low Usage (<20%),0.228310262752889,0.09164656590674287,Average
201572,Brook Lopez,2018-19,0.1048,-0.0146,-0.0083,-0.0083,0.4097,0.0,1.0337,0.0929,786,134,0.6209267768527166,0.165,Low Usage (<20%),0.2618557736865584,0.24396322643922314,Average
203516,James Ennis III,2018-19,0.0831,-0.085,-0.1005,-0.1005,0.0369,0.0,-0.2505,-0.0454,294,64,0.5828887629637031,0.125,Low Usage (<20%),-0.6478195522205934,-0.23766231254727926,The Crumble
203468,CJ McCollum,2018-19,0.0825,-0.0709,-0.0659,-0.0659,0.4465,0.0,-0.1398,-0.0206,1242,349,0.5696342541515509,0.248,Mid Usage (20-30%),-0.6530076130126117,-0.030716691048805773,The Crumble
201586,Serge Ibaka,2018-19,0.0274,-0.0029,0.0065,0.0065,-0.1513,0.0,0.2819,0.0179,877,193,0.5640061526753521,0.227,Mid Usage (20-30%),0.15534750162676644,-0.48190743656449714,Average
1626179,Terry Rozier,2018-19,0.0718,-0.1189,-0.1199,-0.1199,-0.6111,0.0,0.4141,-0.0347,666,59,0.5545948559307412,0.181,Low Usage (<20%),-0.8392262910774128,-1.0748225841761783,The Crumble
200768,Kyle Lowry,2018-19,0.1177,-0.0134,-0.0117,-0.0117,0.5647,0.0,0.6992,0.0462,736,277,0.5141844269227205,0.191,Low Usage (<20%),0.228310262752889,0.4442098963504566,Average
1628983,Shai Gilgeous-Alexander,2018-19,0.1488,0.196,0.1908,0.1908,1.2244,0.0,1.0804,-0.057,787,59,0.5092496292590165,0.182,Low Usage (<20%),2.2262414286552556,1.2964855617726552,True Resilience
201143,Al Horford,2018-19,0.1652,-0.0317,-0.0279,-0.0279,0.5638,0.0,-0.2545,-0.1126,722,110,0.4992744118940012,0.188,Low Usage (<20%),0.06847576948069964,0.443047173750972,Average
1626220,Royce O'Neale,2018-19,0.0301,0.1989,0.1902,0.1902,1.4362,0.0,0.7756,-0.0202,338,45,0.4853611701388255,0.108,Low Usage (<20%),2.2203216326081376,1.5701129468513602,True Resilience
203114,Khris Middleton,2018-19,0.1587,-0.0073,-0.0073,-0.0073,0.5247,0.0,-1.0674,-0.0877,1148,201,0.4788209123652636,0.246,Mid Usage (20-30%),0.0012687643060010024,0.028304915340165597,Average
203914,Gary Harris,2018-19,0.0584,0.0912,0.084,0.084,0.174,0.0,-0.0266,0.0584,636,157,0.4519077090303705,0.195,Low Usage (<20%),1.1725177322682299,-0.060540903225794654,The Sniper
1627783,Pascal Siakam,2018-19,0.1029,-0.0674,-0.0674,-0.0674,0.4447,0.0,0.3835,-0.0867,943,383,0.4115669589191055,0.205,Mid Usage (20-30%),-0.6697553018518254,-0.03207524464855193,The Crumble
203932,Aaron Gordon,2018-19,0.0527,-0.0415,-0.0423,-0.0423,-0.2115,0.0,-0.0269,0.0195,1042,62,0.4095703480289713,0.213,Mid Usage (20-30%),-0.38951064194231716,-0.5273435069560071,The Abdicator
201976,Patrick Beverley,2018-19,0.142,0.0219,0.0209,0.0209,0.7565,0.0,-0.3222,-0.078,476,47,0.3969757164771463,0.12,Low Usage (<20%),0.5499525146463071,0.6919990014406153,True Resilience
203081,Damian Lillard,2018-19,0.0573,0.0079,0.0079,0.0079,0.2655,0.0,0.325,-0.0308,1530,328,0.3895248355986417,0.281,Mid Usage (20-30%),0.1709786778766992,-0.16732680302327907,Average
1627759,Jaylen Brown,2018-19,0.1694,0.0316,0.0305,0.0305,0.284,0.0,0.3601,-0.1,792,86,0.378650495802445,0.215,Mid Usage (20-30%),0.4233105230541846,-0.15336389102588818,Average
201936,Tyreke Evans,2018-19,0.1402,0.0794,0.0752,0.0752,3.7569,0.0,0.9727,0.0098,660,48,0.3712146703288773,0.255,Mid Usage (20-30%),0.922391650462751,2.467814329284323,True Resilience
203500,Steven Adams,2018-19,0.1139,0.1766,0.18,0.18,0.9168,0.0,-0.2761,-0.0829,807,41,0.339718339257758,0.16,Low Usage (<20%),2.1196850998071297,0.8990928155488136,True Resilience
203085,Austin Rivers,2018-19,0.0518,0.021,0.018,0.018,0.3827,0.0,0.0893,-0.0351,571,62,0.3317397211500461,0.142,Low Usage (<20%),0.5213401670852361,0.20908154845468563,The Sniper
202681,Kyrie Irving,2018-19,0.0697,-0.1081,-0.1059,-0.1059,-0.5665,0.0,-0.2836,-0.0411,1240,179,0.3285304482529387,0.286,Mid Usage (20-30%),-1.0996126487249753,-0.7952804669059408,The Crumble
1627732,Ben Simmons,2018-19,0.0896,-0.0037,-0.0025,-0.0025,-0.7056,0.0,-1.5704,0.0896,960,116,0.3232352213533791,0.215,Mid Usage (20-30%),0.05486136859148464,-0.9002664700863233,The Abdicator
1628379,Luke Kennard,2018-19,0.201,-0.0411,-0.0483,-0.0483,0.9339,0.0,0.2691,0.071,531,47,0.3155138507115388,0.179,Low Usage (<20%),-0.1327972961213166,0.9211845449390207,The Engine
1627734,Domantas Sabonis,2018-19,0.3087,-0.1306,-0.1288,-0.1288,0.3622,0.0,2.2907,-0.2497,700,29,0.3013493227497418,0.226,Mid Usage (20-30%),-1.3552940316703035,-0.0943422846369168,The Crumble
1627832,Fred VanVleet,2018-19,0.1267,-0.0084,-0.0085,-0.0085,-0.1123,0.0,-1.137,-0.1118,599,166,0.2985682292416601,0.177,Low Usage (<20%),0.25988250833751897,-0.43041588126183444,Average
1628369,Jayson Tatum,2018-19,0.0398,-0.0829,-0.0834,-0.0834,-0.5997,0.0,0.1649,0.0362,1036,112,0.2982015916565094,0.218,Mid Usage (20-30%),-0.8483973161367708,-0.8203382333012587,The Crumble
1627750,Jamal Murray,2018-19,0.0559,-0.0586,-0.0557,-0.0557,0.1991,0.0,-0.434,-0.004,1171,252,0.2758112218210825,0.241,Mid Usage (20-30%),-0.539123328905959,-0.21744233581391456,The Crumble
203507,Giannis Antetokounmpo,2018-19,0.0704,-0.0392,-0.0435,-0.0435,0.0814,0.0,0.6288,-0.0578,1246,261,0.2253104797930326,0.314,High Usage (>30%),0.005614709613217329,-0.029736679548448754,Average
202709,Cory Joseph,2018-19,0.1832,0.1404,0.1342,0.1342,1.887,0.0,1.7161,0.1152,544,24,0.2112057100481567,0.134,Low Usage (<20%),1.667807334877113,2.152507777793193,True Resilience
202699,Tobias Harris,2018-19,0.1283,-0.0778,-0.0758,-0.0758,-0.4677,0.0,-0.5601,-0.1113,1251,167,0.2035431423995987,0.225,Mid Usage (20-30%),-0.7635423593514218,-0.7207109693198748,The Crumble
202329,Al-Farouq Aminu,2018-19,0.1674,-0.0183,-0.0276,-0.0276,0.5388,0.0,-0.6104,-0.0624,593,109,0.1555974680573678,0.134,Low Usage (<20%),0.07143566750425871,0.41074932376528916,Average
203924,Jerami Grant,2018-19,0.1456,0.0548,0.0569,0.0569,0.2583,0.0,0.8637,-0.0257,821,40,0.1431735003701011,0.15,Low Usage (<20%),0.9051402774733945,0.04836744692592784,The Sniper
201569,Eric Gordon,2018-19,0.0346,0.0384,0.0362,0.0362,-0.2526,0.0,0.3194,0.0055,938,150,0.1268694373616553,0.215,Mid Usage (20-30%),0.48695174064319646,-0.5583638141502105,The Abdicator
1628420,Monté Morris,2018-19,0.174,-0.0876,-0.0873,-0.0873,0.4547,0.0,-1.3644,0.0083,759,86,0.1170247333056305,0.168,Low Usage (<20%),-0.5175840391839946,0.3020993564134522,The Crumble
202331,Paul George,2018-19,0.0965,0.0218,0.0206,0.0206,0.5455,0.0,-0.1792,0.0047,1606,101,0.0637044205513939,0.285,Mid Usage (20-30%),0.31277577671537465,0.04400375693723209,Average
1627736,Malik Beasley,2018-19,0.1235,-0.1122,-0.1101,-0.1101,-0.3776,0.0,-0.8091,-0.076,782,93,0.0635855894374193,0.181,Low Usage (<20%),-0.7425362889744834,-0.7731606653099007,The Crumble
202683,Enes Freedom,2018-19,0.0692,0.2017,0.1539,0.1539,0.4742,0.0,-0.2881,-0.0125,683,146,0.0618909646449052,0.219,Mid Usage (20-30%),1.8010870582268266,-0.009810060652712343,The Sniper
203471,Dennis Schröder,2018-19,0.1277,0.094,0.0937,0.0937,0.67,0.0,-0.3238,-0.0757,1099,55,0.0612326560109859,0.238,Mid Usage (20-30%),1.1289464794797193,0.1379703809196737,The Sniper
201152,Thaddeus Young,2018-19,0.096,-0.0481,-0.0493,-0.0493,0.0939,0.0,0.1594,-0.0506,839,42,0.0382099954449495,0.179,Low Usage (<20%),-0.1426636228665134,-0.16402321457992242,Average
1627763,Malcolm Brogdon,2018-19,0.15,-0.0332,-0.0301,-0.0301,0.5672,0.0,0.6542,-0.1461,748,78,0.0079818722886308,0.202,Mid Usage (20-30%),-0.2532961060500462,0.06038187533417174,Average
202711,Bojan Bogdanovic,2018-19,0.0848,-0.1438,-0.1427,-0.1427,-0.4527,0.0,0.0699,-0.0025,1051,63,-0.0028233849644653,0.219,Mid Usage (20-30%),-1.5104892815803497,-0.7093896893219902,The Crumble
200746,LaMarcus Aldridge,2018-19,0.0634,-0.1224,-0.1204,-0.1204,-0.6271,0.0,0.5386,-0.0058,1319,121,-0.0083416970969028,0.268,Mid Usage (20-30%),-1.261506974170707,-0.8410184380973943,The Crumble
203497,Rudy Gobert,2018-19,0.0822,-0.3467,-0.3635,-0.3635,-0.3634,0.0,0.2271,-0.0667,712,32,-0.0220308766663122,0.175,Low Usage (<20%),-3.2426634862073707,-0.7548154865180328,The Crumble
202330,Gordon Hayward,2018-19,0.0863,-0.092,-0.092,-0.092,-1.2342,0.0,0.4612,0.0386,635,70,-0.0349251812728109,0.183,Low Usage (<20%),-0.5639557748864199,-1.8798141972193372,The Crumble
101108,Chris Paul,2018-19,0.1083,0.1363,0.1286,0.1286,1.3308,0.0,0.8824,0.0651,717,145,-0.0376370073209274,0.22,Mid Usage (20-30%),1.5186093731387564,0.63671050242648,True Resilience
1627854,Bryn Forbes,2018-19,0.1038,-0.0073,-0.0053,-0.0053,-0.3418,0.0,0.2557,-0.0121,788,56,-0.043721920997259,0.171,Low Usage (<20%),0.291454753922149,-0.7269101441304029,The Abdicator
201188,Marc Gasol,2018-19,0.1795,0.0207,0.0201,0.0201,0.2019,0.0,0.0668,-0.0628,870,180,-0.0473479445166852,0.21,Mid Usage (20-30%),0.3071932137689701,-0.2153290302143095,Average
200794,Paul Millsap,2018-19,0.0606,0.037,0.0368,0.0368,0.3869,0.0,-0.1768,-0.0541,664,156,-0.0490473868186406,0.191,Low Usage (<20%),0.7068271098949374,0.2145075872522804,The Sniper
200755,JJ Redick,2018-19,0.1135,0.0181,0.0192,0.0192,-0.1665,0.0,-1.6417,-0.0671,1027,124,-0.076435871169211,0.209,Mid Usage (20-30%),0.2971446004654419,-0.4933796669623534,Average
201942,DeMar DeRozan,2018-19,0.0498,0.0112,0.0113,0.0113,0.3609,0.0,-1.0277,-0.0247,1312,119,-0.0766262338778629,0.277,Mid Usage (20-30%),0.20894010591225007,-0.09532346223673348,Average
203486,Mason Plumlee,2018-19,0.0428,-0.1218,-0.1268,-0.1268,-0.3938,0.0,1.968,-0.0405,439,47,-0.0938397123209702,0.159,Low Usage (<20%),-0.9073039456192711,-0.7940896721006231,The Crumble
203109,Jae Crowder,2018-19,0.0227,-0.0006,-0.0049,-0.0049,0.046,0.0,0.0856,0.0096,793,46,-0.0946897727380592,0.183,Low Usage (<20%),0.29540128462022774,-0.22590589515249074,Average
202323,Evan Turner,2018-19,0.2279,-0.1936,-0.1983,-0.1983,-1.0946,0.0,-2.0719,0.055,443,46,-0.1659715229099047,0.158,Low Usage (<20%),-1.6127463079008477,-1.6994630028992843,The Crumble
201980,Danny Green,2018-19,0.0718,-0.1268,-0.1219,-0.1219,-1.0747,0.0,-0.3755,-0.0064,628,155,-0.167924883803103,0.139,Low Usage (<20%),-0.8589589445678064,-1.6737539143106808,The Crumble
203082,Terrence Ross,2018-19,0.188,-0.0253,-0.0271,-0.0271,-0.3297,0.0,2.4477,0.0873,1020,54,-0.1743411590290971,0.23,Mid Usage (20-30%),-0.21980072837161896,-0.6165551933393371,The Abdicator
201566,Russell Westbrook,2018-19,0.0482,-0.0017,-0.0043,-0.0043,0.294,0.0,0.0679,-0.0061,1473,111,-0.1757026493688516,0.301,High Usage (>30%),0.6828350691151251,0.3181047549494993,The Sniper
202697,Iman Shumpert,2018-19,0.2359,-0.0338,-0.0376,-0.0376,0.395,0.0,-1.0022,-0.0512,445,26,-0.1941667338428617,0.143,Low Usage (<20%),-0.027227599947710037,0.22497209064764165,Average
1628390,Terrance Ferguson,2018-19,0.0682,0.0306,0.0298,0.0298,0.0236,0.0,-0.2099,-0.0629,471,25,-0.1975746315835908,0.104,Low Usage (<20%),0.6377628226785592,-0.25484476873966255,The Sniper
203083,Andre Drummond,2018-19,0.0372,-0.0222,-0.0255,-0.0255,0.218,0.0,-0.2537,-0.0092,1045,54,-0.2148400573831685,0.226,Mid Usage (20-30%),-0.20193652694312442,-0.2031775230165801,Average
201954,Darren Collison,2018-19,0.0736,-0.0639,-0.0614,-0.0614,0.529,0.0,-0.1124,-0.0039,658,45,-0.2625539022195878,0.176,Low Usage (<20%),-0.2620461764833956,0.3980885665709016,Average
101123,Gerald Green,2018-19,0.1269,-0.1803,-0.1898,-0.1898,0.0755,0.0,-0.2645,-0.0644,577,40,-0.275755955061523,0.19,Low Usage (<20%),-1.5288825305666742,-0.18779443216938502,The Crumble
203991,Clint Capela,2018-19,0.0462,-0.2236,-0.2358,-0.2358,-0.3902,0.0,-0.3694,-0.038,732,82,-0.2913502816310295,0.18,Low Usage (<20%),-1.9827335608457304,-0.7894387817026849,The Crumble
1629013,Landry Shamet,2018-19,0.2108,-0.0892,-0.0869,-0.0869,-0.6942,0.0,-0.868,-0.0723,562,38,-0.3080986562715302,0.145,Low Usage (<20%),-0.5136375084859159,-1.1821806375285882,The Crumble
202397,Ish Smith,2018-19,0.1496,-0.0757,-0.0795,-0.0795,0.6533,0.0,-1.3608,-0.0637,485,38,-0.3145599418541285,0.193,Low Usage (<20%),-0.44062669057145903,0.5586734766997166,The Engine
200752,Rudy Gay,2018-19,0.0859,-0.1333,-0.1298,-0.1298,-1.0205,0.0,-0.4765,-0.0754,744,70,-0.3645136490229482,0.216,Mid Usage (20-30%),-1.3664591575631126,-1.1379378748419124,The Crumble
204038,Langston Galloway,2018-19,0.1856,0.0,-0.0004,-0.0004,0.7094,0.0,-0.6425,-0.0276,587,34,-0.3719649802233069,0.153,Low Usage (<20%),0.3397997549736137,0.6311498520675889,The Engine
201158,Marco Belinelli,2018-19,0.1091,-0.0397,-0.043,-0.043,-0.9809,0.0,0.0583,0.0632,686,38,-0.3921109887019317,0.187,Low Usage (<20%),-0.0805057643717731,-1.5525723811643988,The Abdicator
201568,Danilo Gallinari,2018-19,0.0607,-0.1379,-0.1387,-0.1387,-0.0062,0.0,0.2731,-0.0085,882,111,-0.4275357710178276,0.237,Mid Usage (20-30%),-1.4658287780091133,-0.3723929213849608,The Crumble
201988,Patty Mills,2018-19,0.156,-0.1214,-0.1205,-0.1205,-0.1567,0.0,1.3264,0.1032,662,43,-0.4573542621248211,0.175,Low Usage (<20%),-0.8451460871245308,-0.48777686283640714,The Crumble
201935,James Harden,2018-19,0.1081,-0.0221,-0.0219,-0.0219,0.1598,0.0,-0.3018,-0.0591,1908,263,-0.4615180188536932,0.396,High Usage (>30%),0.3787769485224318,0.09853598491363558,Average
1626167,Myles Turner,2018-19,0.1502,-0.0823,-0.0813,-0.0813,-0.7251,0.0,0.4898,-0.0198,780,35,-0.5165507335494541,0.199,Low Usage (<20%),-0.45838607871281334,-1.222100780110892,The Abdicator
204060,Joe Ingles,2018-19,0.18,-0.1154,-0.1143,-0.1143,-0.7374,0.0,-0.6434,-0.0471,800,37,-0.6861571098130747,0.17,Low Usage (<20%),-0.7839748613043102,-1.2379913223038481,The Crumble
202083,Wesley Matthews,2018-19,0.1769,-0.0893,-0.0927,-0.0927,-0.9404,0.0,0.3479,0.0537,697,30,-0.7024109040172837,0.175,Low Usage (<20%),-0.5708622036080578,-1.5002498641875925,The Crumble
203095,Evan Fournier,2018-19,0.1217,-0.0414,-0.0419,-0.0419,-0.1044,0.0,-0.5378,-0.1217,1067,69,-0.8176893024259827,0.217,Mid Usage (20-30%),-0.38504459158519355,-0.44650956777111156,Average
202696,Nikola Vučević,2018-19,0.0654,-0.201,-0.1984,-0.1984,-2.5027,0.0,0.5721,0.009,1353,58,-0.8468699992606188,0.276,Mid Usage (20-30%),-2.132386793809816,-2.2566312890328755,The Crumble
201961,Wayne Ellington,2018-19,0.1982,-0.075,-0.0911,-0.0911,0.3993,0.0,0.9634,-0.0128,457,35,-0.8542889273954382,0.167,Low Usage (<20%),-0.5550760808157428,0.23052732084517905,The Crumble
203915,Spencer Dinwiddie,2018-19,0.0966,-0.0251,-0.0259,-0.0259,1.0201,0.0,0.178,0.059,823,62,-0.9076018159687644,0.242,Mid Usage (20-30%),-0.20640257730024805,0.40220905607029855,Average
1628371,Jonathan Isaac,2018-19,0.1608,-0.1806,-0.1857,-0.1857,-0.5934,0.0,-0.936,-0.1246,647,40,-0.9112875908634768,0.16,Low Usage (<20%),-1.488430590911367,-1.051955706386315,The Crumble
1628378,Donovan Mitchell,2018-19,0.0706,-0.1136,-0.1146,-0.1146,-0.9139,0.0,0.5784,0.0194,1525,111,-0.938056629644326,0.309,High Usage (>30%),-1.2227109934629472,-1.6581777884657007,The Crumble
1626156,D'Angelo Russell,2018-19,0.075,-0.1452,-0.1476,-0.1476,-0.1769,0.0,0.2581,0.0352,1516,103,-0.9953298295890604,0.311,High Usage (>30%),-1.792819969574247,-0.45234929728513734,The Crumble
201960,DeMarre Carroll,2018-19,0.1625,-0.0541,-0.0584,-0.0584,0.0568,0.0,-0.4885,-0.1102,575,38,-1.0398343889944988,0.181,Low Usage (<20%),-0.232447196247805,-0.21195322395867577,Average
203925,Joe Harris,2018-19,0.1348,-0.121,-0.1196,-0.1196,-1.0095,0.0,0.4373,0.0745,748,43,-1.1357355061451284,0.167,Low Usage (<20%),-0.8362663930538536,-1.58952112154802,The Crumble
1626192,Pat Connaughton,2022-23,0.1606,0.0907,0.0735,0.0735,1.8952,0.0,0.243,0.0576,421,30,1.7435553309973906,0.133,Low Usage (<20%),0.946493522016788,1.9331382508937462,True Resilience
202695,Kawhi Leonard,2022-23,0.1459,0.0476,0.0566,0.0566,2.1493,0.0,-0.8335,-0.084,869,44,1.4282127955502717,0.267,Mid Usage (20-30%),1.2474671464591573,2.03233739937887,True Resilience
1628470,Torrey Craig,2022-23,0.2864,0.2114,0.2073,0.2073,2.6878,0.0,-1.7465,-0.1815,499,45,1.3317263452367547,0.128,Low Usage (<20%),2.193136530644905,2.920022968560419,True Resilience
1628997,Caleb Martin,2022-23,0.0752,0.0656,0.0641,0.0641,0.8268,0.0,-0.0677,-0.0219,547,206,1.2870095879278425,0.143,Low Usage (<20%),0.8589117261938861,0.6028485305366015,True Resilience
1630559,Austin Reaves,2022-23,0.1512,-0.0451,-0.0385,-0.0385,1.1209,0.0,-0.2519,-0.0761,488,193,1.092366880122778,0.154,Low Usage (<20%),-0.09703425800076844,0.9690392893881893,The Engine
203999,Nikola Jokić,2022-23,0.1852,-0.0515,-0.0454,-0.0454,2.1712,0.0,0.0515,-0.1817,1020,412,1.055406267668088,0.263,Mid Usage (20-30%),-0.20134183661894184,2.058394193481398,The Engine
200768,Kyle Lowry,2022-23,0.1753,-0.0024,0.0012,0.0012,0.855,0.0,-0.5966,-0.0418,484,173,1.046182018072934,0.162,Low Usage (<20%),0.272859071166169,0.6379610072438943,The Engine
202710,Jimmy Butler III,2022-23,0.1338,-0.039,-0.0341,-0.0341,1.1129,0.0,1.0249,-0.09,887,440,1.0078765290676477,0.248,Mid Usage (20-30%),-0.040836527709309206,0.799220440115849,The Engine
1630162,Anthony Edwards,2022-23,0.0325,0.063,0.0602,0.0602,0.8468,0.0,-0.447,-0.0163,1538,113,0.8939902952723202,0.292,Mid Usage (20-30%),1.2986015811560316,0.4826125446508839,The Sniper
1626164,Devin Booker,2022-23,0.0789,0.0523,0.0586,0.0586,0.8424,0.0,-0.3613,-0.0109,1067,241,0.8841733179778456,0.311,High Usage (>30%),1.8052982084294662,1.3825631196072987,True Resilience
1629216,Gabe Vincent,2022-23,0.0786,0.0013,-0.0032,-0.0032,0.9602,0.0,0.5418,0.0386,567,246,0.8479680267590582,0.17,Low Usage (<20%),0.23186333695119354,0.7689479770881207,The Engine
202699,Tobias Harris,2022-23,0.1251,0.0212,0.0226,0.0226,0.7996,0.0,-0.6855,-0.0489,845,134,0.8380631664082304,0.18,Low Usage (<20%),0.47224741484809496,0.5689811771168015,The Engine
1629060,Rui Hachimura,2022-23,0.0751,0.0906,0.0904,0.0904,0.539,0.0,0.3054,0.02,584,131,0.8098392965303469,0.194,Low Usage (<20%),1.1039544102515801,0.24450204839621761,The Sniper
1628973,Jalen Brunson,2022-23,0.1218,-0.0685,-0.0664,-0.0664,0.3585,0.0,-0.1654,-0.0596,1195,229,0.7553207537180296,0.266,Mid Usage (20-30%),-0.499626039017374,-0.0983706772790014,Average
200782,P.J. Tucker,2022-23,0.1843,-0.05,-0.0501,-0.0501,0.7709,0.0,-1.2321,-0.0324,225,51,0.7413469602712105,0.066,Low Usage (<20%),-0.2051139209311582,0.5332461387657625,The Engine
1630171,Isaac Okoro,2022-23,0.0952,-0.0375,-0.0417,-0.0417,0.6774,0.0,0.5259,-0.0183,354,23,0.7377420737339949,0.117,Low Usage (<20%),-0.1268493374298415,0.4168271113852,Average
1629022,Lonnie Walker IV,2022-23,0.1833,0.0722,0.0713,0.0713,1.7105,0.0,-1.8401,-0.1724,525,60,0.7313861792065909,0.198,Low Usage (<20%),0.9259956549093002,1.703163979693854,True Resilience
203992,Bogdan Bogdanović,2022-23,0.0707,0.1108,0.1084,0.1084,0.7622,0.0,1.3604,0.0134,611,54,0.7282337918619264,0.196,Low Usage (<20%),1.2716642320401157,0.5224135661645765,True Resilience
1627750,Jamal Murray,2022-23,0.0825,0.0808,0.0787,0.0787,1.4996,0.0,-0.2603,-0.0355,1033,410,0.6683170946561943,0.256,Mid Usage (20-30%),1.5613757594594124,1.259319174337202,True Resilience
1628969,Mikal Bridges,2022-23,0.0797,0.09,0.0906,0.0906,1.6399,0.0,0.1488,-0.0005,1265,77,0.6189050970940204,0.223,Mid Usage (20-30%),1.7304034741518572,1.426249229706366,True Resilience
1629611,Terance Mann,2022-23,0.2289,0.174,0.1712,0.1712,1.5461,0.0,0.0813,-0.1561,522,32,0.5665117275636176,0.149,Low Usage (<20%),1.8567851658356742,1.498465711230063,True Resilience
203935,Marcus Smart,2022-23,0.0941,0.1062,0.1011,0.1011,1.038,0.0,0.1479,-0.0072,599,221,0.5565510942917774,0.176,Low Usage (<20%),1.2036485820925429,0.8658185688550488,True Resilience
1628401,Derrick White,2022-23,0.0978,0.082,0.0831,0.0831,0.7503,0.0,-0.0869,-0.0248,758,184,0.5298294460428005,0.174,Low Usage (<20%),1.0359387603040071,0.5075965990434139,True Resilience
2544,LeBron James,2022-23,0.0869,0.0016,-0.0008,-0.0008,-0.2559,0.0,0.2108,-0.0316,1219,295,0.5202425959780215,0.322,High Usage (>30%),0.35378305994639714,-0.13406914447090276,Average
1629622,Max Strus,2022-23,0.0227,-0.0083,-0.0115,-0.0115,-0.7617,0.0,0.09,0.0211,790,189,0.4927190747710255,0.17,Low Usage (<20%),0.15453047468203535,-1.3750298116454691,The Abdicator
1628379,Luke Kennard,2022-23,0.2188,0.1154,0.1063,0.1063,0.835,0.0,0.2087,0.003,381,23,0.4497013934164501,0.144,Low Usage (<20%),1.2520980861647868,0.6130585414940412,True Resilience
203497,Rudy Gobert,2022-23,0.0541,-0.0895,-0.125,-0.125,-0.0011,0.0,-0.412,-0.0376,544,46,0.4229661418490912,0.161,Low Usage (<20%),-0.9029731238178992,-0.42798903917856135,The Crumble
1629628,RJ Barrett,2022-23,0.053,0.025,0.0209,0.0209,0.2533,0.0,0.0624,-0.0076,1176,164,0.4176414649252515,0.256,Mid Usage (20-30%),0.7403840023818227,-0.22353847360712734,The Sniper
203484,Kentavious Caldwell-Pope,2022-23,0.1166,-0.0995,-0.0961,-0.0961,-0.1232,0.0,0.0464,-0.0313,631,162,0.3818895496207446,0.136,Low Usage (<20%),-0.6337056877240832,-0.5800185925814136,The Crumble
1629684,Grant Williams,2022-23,0.1471,0.0507,0.0528,0.0528,0.9749,0.0,-0.5814,-0.018,474,53,0.3668514924953117,0.128,Low Usage (<20%),0.7536272269599719,0.7872512894142626,True Resilience
1628971,Bruce Brown,2022-23,0.0892,0.0672,0.0643,0.0643,0.8075,0.0,-0.0318,-0.0075,740,174,0.3628219652990363,0.174,Low Usage (<20%),0.8607751686582029,0.5788176510879934,True Resilience
1627749,Dejounte Murray,2022-23,0.0788,0.1088,0.1046,0.1046,1.2238,0.0,0.68,-0.0057,1319,103,0.3614321443125786,0.239,Mid Usage (20-30%),1.9292596090841454,0.9311701417583317,True Resilience
1629651,Nic Claxton,2022-23,0.1081,-0.0952,-0.0961,-0.0961,0.2607,0.0,0.7299,-0.0849,587,25,0.3606604382725569,0.155,Low Usage (<20%),-0.6337056877240832,-0.10201576251298626,The Crumble
201567,Kevin Love,2022-23,0.0448,0.0177,0.0088,0.0088,0.2772,0.0,-0.3367,0.0011,424,119,0.3407023319555914,0.185,Low Usage (<20%),0.3436698848102175,-0.08147122826935756,Average
203937,Kyle Anderson,2022-23,0.0781,-0.0258,-0.0266,-0.0266,0.6203,0.0,-0.0732,0.0216,494,30,0.2945199165772901,0.143,Low Usage (<20%),0.013840568626096941,0.34573057166936977,Average
201572,Brook Lopez,2022-23,0.1501,0.0038,0.0074,0.0074,1.17,0.0,-1.1853,0.0788,899,67,0.2900335791251638,0.187,Low Usage (<20%),0.330625787559998,1.0301748428040782,The Engine
1628369,Jayson Tatum,2022-23,0.0369,-0.0326,-0.0323,-0.0323,-0.5523,0.0,0.1085,0.0052,1559,404,0.2843499994366751,0.319,High Usage (>30%),-0.4159598218249274,-0.5433651501822557,The Abdicator
1628960,Grayson Allen,2022-23,0.1245,-0.0236,-0.0291,-0.0291,0.3682,0.0,-0.9554,-0.1007,557,41,0.2832062374359207,0.143,Low Usage (<20%),-0.009452462177866394,0.031834990892473394,Average
1626181,Norman Powell,2022-23,0.1194,0.0908,0.0897,0.0897,1.6869,0.0,-0.17,-0.0773,709,75,0.2631612941641365,0.251,Mid Usage (20-30%),1.717619865477639,1.4821702033510613,True Resilience
1627759,Jaylen Brown,2022-23,0.0594,-0.0107,-0.0101,-0.0101,-0.8265,0.0,-0.2707,0.0006,1382,364,0.2294731050337105,0.307,High Usage (>30%),0.12652563770914899,-0.922005382186483,The Abdicator
1626172,Kevon Looney,2022-23,0.0938,-0.1159,-0.1125,-0.1125,-0.1916,0.0,-1.1827,0.0938,384,64,0.2241088562722765,0.104,Low Usage (<20%),-0.7865079697980825,-0.6651850254459106,The Crumble
1629027,Trae Young,2022-23,0.0696,-0.0476,-0.051,-0.051,0.7901,0.0,0.5446,0.0294,1388,148,0.2145836410456107,0.313,High Usage (>30%),-0.8729182944955232,1.310342535603575,The Engine
1629011,Mitchell Robinson,2022-23,0.0393,-0.0724,-0.0724,-0.0724,-0.771,0.0,-0.8451,0.0393,280,48,0.2117446849867632,0.101,Low Usage (<20%),-0.4128877557025111,-1.3866094582191508,The Abdicator
201144,Mike Conley,2022-23,0.0716,0.0244,0.028,0.028,-0.1076,0.0,0.142,-0.001,608,42,0.2062897221119229,0.161,Low Usage (<20%),0.5225603613846558,-0.5605946692965283,The Abdicator
1627763,Malcolm Brogdon,2022-23,0.0519,-0.049,-0.0411,-0.0411,0.0096,0.0,0.1483,-0.0285,732,194,0.1883981363164397,0.223,Mid Usage (20-30%),-0.14026459517545325,-0.5134946709946208,The Abdicator
1629001,De'Anthony Melton,2022-23,0.0872,-0.1221,-0.1289,-0.1289,-0.3771,0.0,-0.0134,0.0158,649,81,0.1822815459815424,0.162,Low Usage (<20%),-0.9393102518720818,-0.8961553952757968,The Crumble
1630583,Santi Aldama,2022-23,0.0895,-0.177,-0.1741,-0.1741,-0.6048,0.0,0.4445,0.0262,592,32,0.1796483556550917,0.157,Low Usage (<20%),-1.3604482488077387,-1.1796699678378726,The Crumble
1628368,De'Aaron Fox,2022-23,0.13,-0.0436,-0.0425,-0.0425,1.1696,0.0,0.0823,-0.105,1331,165,0.1628010803754525,0.288,Mid Usage (20-30%),-0.16015020866868215,0.8666825508744492,The Engine
1629020,Jarred Vanderbilt,2022-23,0.2916,-0.0525,-0.0667,-0.0667,0.6798,0.0,1.8391,-0.2565,451,60,0.140773735922096,0.136,Low Usage (<20%),-0.3597796454694746,0.4198154072751823,Average
201939,Stephen Curry,2022-23,0.0548,-0.0063,-0.0053,-0.0053,1.1314,0.0,-0.0707,0.0063,1124,311,0.1384688301463842,0.297,Mid Usage (20-30%),0.3682389498656835,0.821231887188761,The Engine
203110,Draymond Green,2022-23,0.1909,-0.0981,-0.0943,-0.0943,0.5674,0.0,-0.8895,-0.0813,472,91,0.1335425636838524,0.129,Low Usage (<20%),-0.6169347055452297,0.2798635497610088,The Crumble
1629008,Michael Porter Jr.,2022-23,0.0699,-0.1456,-0.1394,-0.1394,-0.3822,0.0,-0.012,-0.0022,815,234,0.1273905737487665,0.22,Mid Usage (20-30%),-1.5365187425928764,-0.9796614257603982,The Crumble
1628378,Donovan Mitchell,2022-23,0.0619,-0.0249,-0.0244,-0.0244,-0.7241,0.0,-0.9389,-0.0354,1396,103,0.1208124936704629,0.31,High Usage (>30%),-0.2229131943330714,-0.7806021737355971,The Abdicator
1628978,Donte DiVincenzo,2022-23,0.028,0.0798,0.0749,0.0749,0.5743,0.0,0.5961,0.0198,539,63,0.1174315757185513,0.146,Low Usage (<20%),0.9595376192670074,0.28845490044470806,The Sniper
203932,Aaron Gordon,2022-23,0.1079,0.0653,0.0517,0.0517,0.2763,0.0,-0.2896,-0.0668,757,194,0.0802804313073354,0.206,Mid Usage (20-30%),1.1778674992328566,-0.1961728907597234,The Sniper
203076,Anthony Davis,2022-23,0.0819,-0.005,-0.0034,-0.0034,0.0448,0.0,-0.9956,-0.0172,962,253,0.056790112609877,0.277,Mid Usage (20-30%),0.3952265681779226,-0.47161343115859383,Average
1628389,Bam Adebayo,2022-23,0.043,0.0183,0.0114,0.0114,0.2542,0.0,0.3308,-0.0011,1113,347,0.0518573709228289,0.251,Mid Usage (20-30%),0.6054459108206273,-0.222467646452229,The Sniper
1627747,Caris LeVert,2022-23,0.1355,-0.0321,-0.0306,-0.0306,0.7152,0.0,-0.9501,-0.0967,741,63,0.0384944985800543,0.183,Low Usage (<20%),-0.023428280660244362,0.463892771652422,Average
1626156,D'Angelo Russell,2022-23,0.1815,0.0161,0.0175,0.0175,1.378,0.0,-0.8183,-0.0878,948,195,-0.0163738360679601,0.225,Mid Usage (20-30%),0.6920903696125528,1.114638527630927,True Resilience
1627826,Ivica Zubac,2022-23,0.1526,0.0876,0.0981,0.0981,0.9522,0.0,-0.1284,-0.137,513,30,-0.0267971024634922,0.149,Low Usage (<20%),1.1756969451277872,0.7589869907881795,True Resilience
1628404,Josh Hart,2022-23,0.0804,-0.0068,-0.0194,-0.0194,0.3896,0.0,0.2739,-0.0359,520,94,-0.0330398564328366,0.124,Low Usage (<20%),0.08092449734151126,0.05848062924481602,Average
1627827,Dorian Finney-Smith,2022-23,0.2602,0.0433,0.0341,0.0341,0.8236,0.0,-2.5853,-0.1655,499,23,-0.0429339952157624,0.129,Low Usage (<20%),0.5793953565463262,0.598864136016625,True Resilience
1629631,De'Andre Hunter,2022-23,0.0991,0.0188,0.0169,0.0169,0.551,0.0,0.3098,-0.0397,822,85,-0.0558202112595285,0.193,Low Usage (<20%),0.4191393046150586,0.2594435278461294,Average
1628370,Malik Monk,2022-23,0.1819,-0.0746,-0.0782,-0.0782,0.7094,0.0,-0.4402,-0.1025,794,93,-0.0777538267081335,0.247,Mid Usage (20-30%),-0.6672333527460169,0.31913293233639234,The Crumble
1630168,Onyeka Okongwu,2022-23,0.0965,0.1429,0.1487,0.1487,0.3265,0.0,0.0564,-0.0015,496,25,-0.1004534992681722,0.15,Low Usage (<20%),1.6471478886000044,-0.020086650195970022,The Sniper
203915,Spencer Dinwiddie,2022-23,0.1416,-0.0239,-0.0282,-0.0282,0.1675,0.0,-0.4726,0.0381,1049,51,-0.1037301080093617,0.22,Mid Usage (20-30%),0.04296712915501221,-0.32562399570744305,Average
1628381,John Collins,2022-23,0.2348,0.0047,0.0011,0.0011,1.3234,0.0,0.0915,-0.1965,707,60,-0.1101287062428276,0.168,Low Usage (<20%),0.27192734993401046,1.2211767551054502,The Engine
203991,Clint Capela,2022-23,0.0226,-0.5,-0.4348,-0.4348,-0.0208,0.0,0.2832,-0.0216,535,38,-0.1113689852580492,0.151,Low Usage (<20%),-3.789445501045033,-0.45251796794216653,The Crumble
201566,Russell Westbrook,2022-23,0.1069,-0.0525,-0.056,-0.056,0.6021,0.0,0.0599,-0.0105,990,105,-0.124939835250942,0.266,Mid Usage (20-30%),-0.35190433878196,0.1914665393135033,Average
1626171,Bobby Portis,2022-23,0.1674,-0.025,-0.023,-0.023,0.2604,0.0,0.095,-0.0911,802,41,-0.12900353885243,0.211,Mid Usage (20-30%),0.11682797927271923,-0.21509083716292873,Average
201935,James Harden,2022-23,0.0483,-0.0893,-0.0927,-0.0927,-0.0837,0.0,-0.0273,0.0029,842,183,-0.1536320884078662,0.247,Mid Usage (20-30%),-0.8731914924973154,-0.62450375271909,The Crumble
1628991,Jaren Jackson Jr.,2022-23,0.1167,-0.0847,-0.0816,-0.0816,-0.1282,0.0,-0.4464,-0.07,819,82,-0.157624860789618,0.243,Mid Usage (20-30%),-0.7155269855152869,-0.6774502064890673,The Crumble
1630178,Tyrese Maxey,2022-23,0.0792,-0.0602,-0.0592,-0.0592,-0.1247,0.0,-0.1616,-0.06,912,192,-0.1833000053378603,0.236,Mid Usage (20-30%),-0.3973571696236259,-0.6732858786644622,The Abdicator
1627752,Taurean Prince,2022-23,0.1258,-0.0025,-0.0013,-0.0013,0.6477,0.0,-0.3492,-0.0551,378,33,-0.1860368450768139,0.165,Low Usage (<20%),0.24956604036220567,0.37984694974666844,Average
203471,Dennis Schröder,2022-23,0.0969,-0.0041,-0.0059,-0.0059,-0.2418,0.0,-0.3029,-0.0549,650,102,-0.1944249137178868,0.183,Low Usage (<20%),0.2067068636829132,-0.7276902144780416,The Abdicator
1628386,Jarrett Allen,2022-23,0.0769,-0.0217,-0.0173,-0.0173,-1.42,0.0,-1.1246,0.0769,626,36,-0.2005974119839284,0.162,Low Usage (<20%),0.10049064321684047,-2.194694471801879,The Abdicator
201569,Eric Gordon,2022-23,0.1892,-0.0346,-0.0364,-0.0364,0.2193,0.0,-1.142,-0.0983,652,44,-0.2011770577695382,0.171,Low Usage (<20%),-0.07746811212543928,-0.15356386661518187,Average
202691,Klay Thompson,2022-23,0.0575,-0.0753,-0.0747,-0.0747,-1.1815,0.0,-0.0752,-0.0178,1252,219,-0.2055805078042814,0.256,Mid Usage (20-30%),-0.6175193190129449,-1.9306749201051805,The Crumble
1631099,Keegan Murray,2022-23,0.097,-0.0324,-0.0338,-0.0338,-0.1295,0.0,-0.0787,0.0049,885,58,-0.2061670965296398,0.156,Low Usage (<20%),-0.05324336008931738,-0.5878628692926173,The Abdicator
203944,Julius Randle,2022-23,0.0585,-0.0774,-0.0799,-0.0799,-0.1923,0.0,-0.1894,-0.0121,1431,147,-0.2580377289453737,0.288,Mid Usage (20-30%),-0.6913801691306518,-0.7537168960768321,The Crumble
1626224,Cedi Osman,2022-23,0.214,-0.0742,-0.0741,-0.0741,-0.4476,0.0,-2.2132,-0.173,529,25,-0.2897877766684238,0.178,Low Usage (<20%),-0.42872701664920604,-0.9839365870440284,The Abdicator
1630217,Desmond Bane,2022-23,0.0853,-0.0973,-0.095,-0.095,-0.1011,0.0,-0.3486,-0.0469,937,116,-0.3536681945639516,0.252,Mid Usage (20-30%),-0.9058607146647626,-0.6452064110471261,The Crumble
201143,Al Horford,2022-23,0.0525,-0.1557,-0.1546,-0.1546,-0.6762,0.0,0.0605,-0.0189,479,132,-0.367772204823319,0.119,Low Usage (<20%),-1.1787626085368248,-1.2685717705648478,The Crumble
1629667,Jalen McDaniels,2022-23,0.1189,0.014,0.0108,0.0108,-0.1534,0.0,0.336,-0.0809,617,20,-0.3788200072754015,0.165,Low Usage (<20%),0.3623043094533881,-0.6176213158636916,The Abdicator
1629636,Darius Garland,2022-23,0.1089,0.0132,0.0126,0.0126,0.6311,0.0,-0.3448,-0.0011,1129,80,-0.4375761075493798,0.262,Mid Usage (20-30%),0.6224907223862519,0.22597096986023008,The Sniper
203507,Giannis Antetokounmpo,2022-23,0.0954,-0.018,-0.0164,-0.0164,0.1023,0.0,-1.8359,0.0608,1278,53,-0.4533792048825135,0.373,High Usage (>30%),-0.027422938645115975,0.3605659069656918,Average
1630180,Saddiq Bey,2022-23,0.0807,-0.0742,-0.0889,-0.0889,-0.185,0.0,-0.3281,-0.0343,830,40,-0.4642987478492478,0.194,Low Usage (<20%),-0.566621759008669,-0.6569672117484593,The Crumble
203084,Harrison Barnes,2022-23,0.0487,-0.0478,-0.0479,-0.0479,-0.1403,0.0,0.1127,0.0039,789,59,-0.5077814158869389,0.168,Low Usage (<20%),-0.1846160538236705,-0.6013102007975379,The Abdicator
1629028,Deandre Ayton,2022-23,0.0435,0.0048,0.0086,0.0086,-0.3533,0.0,-0.8937,-0.0162,887,111,-0.53222547457675,0.231,Mid Usage (20-30%),0.5656746838341696,-0.94527597600866,The Abdicator
1627736,Malik Beasley,2022-23,0.1674,-0.1315,-0.1368,-0.1368,-1.1847,0.0,0.4182,0.0283,935,34,-0.5643718490886818,0.207,Mid Usage (20-30%),-1.499588317534023,-1.9344823055448195,The Crumble
1629630,Ja Morant,2022-23,0.0558,0.0256,0.0223,0.0223,0.3641,0.0,0.0824,-0.011,1211,106,-0.5809960430752313,0.338,High Usage (>30%),0.9182611732453685,0.7220830941965697,True Resilience
1628415,Dillon Brooks,2022-23,0.1096,-0.0749,-0.0774,-0.0774,0.0638,0.0,0.5402,-0.0283,989,77,-0.6252525958435307,0.214,Mid Usage (20-30%),-0.6558701450356004,-0.44900708011073837,The Crumble
201950,Jrue Holiday,2022-23,0.1072,-0.0959,-0.0951,-0.0951,-0.5123,0.0,-0.4252,-0.057,1019,84,-0.6957027804980773,0.244,Mid Usage (20-30%),-0.9072811156285648,-1.1344554400407134,The Crumble
1630193,Immanuel Quickley,2022-23,0.1326,-0.0824,-0.083,-0.083,-0.3221,0.0,-0.6866,-0.0934,935,66,-0.707089628490581,0.203,Mid Usage (20-30%),-0.7354125990085157,-0.9081539679721816,The Crumble
1629656,Quentin Grimes,2022-23,0.1939,-0.1806,-0.1744,-0.1744,-0.3179,0.0,-1.968,-0.1033,689,46,-0.7300536692444781,0.142,Low Usage (<20%),-1.3632434125042143,-0.8224440966562322,The Crumble
1629673,Jordan Poole,2022-23,0.0588,-0.1705,-0.1701,-0.1701,-0.3254,0.0,0.0627,-0.0047,1270,135,-0.7454569724340316,0.282,Mid Usage (20-30%),-1.9725818384801082,-0.9120803342068092,The Crumble
1627734,Domantas Sabonis,2022-23,0.2445,-0.1225,-0.1187,-0.1187,1.1335,0.0,-0.355,-0.2075,937,99,-0.7564101142756838,0.213,Mid Usage (20-30%),-1.2424957430858503,0.8237304838835239,The Engine
1626220,Royce O'Neale,2022-23,0.116,-0.1938,-0.1931,-0.1931,-0.8567,0.0,-0.4804,-0.0028,590,28,-0.7730936948761072,0.136,Low Usage (<20%),-1.5374752829178597,-1.4933165239572705,The Crumble
1628972,Troy Brown Jr.,2022-23,0.1233,-0.1006,-0.1036,-0.1036,-0.4939,0.0,0.6824,0.0199,465,28,-0.7809985846499874,0.119,Low Usage (<20%),-0.7035847801359731,-1.041585795254938,The Crumble
1626145,Tyus Jones,2022-23,0.1875,-0.2527,-0.2633,-0.2633,-0.2318,0.0,0.9356,0.061,710,36,-0.8170003503443525,0.175,Low Usage (<20%),-2.1915435878931495,-0.715238981603115,The Crumble
203954,Joel Embiid,2022-23,0.0408,-0.0854,-0.0834,-0.0834,-1.1694,0.0,0.2662,-0.0227,1324,152,-0.8979406165711129,0.37,High Usage (>30%),-1.6646538300317428,-1.3955128057978965,The Crumble
203082,Terrence Ross,2022-23,0.2507,-0.0811,-0.0816,-0.0816,0.4733,0.0,-3.773,-0.0495,465,26,-0.9043438846852384,0.166,Low Usage (<20%),-0.49860610906109604,0.1626974484079506,Average
101108,Chris Paul,2022-23,0.1756,0.0111,0.0028,0.0028,1.227,0.0,0.1176,0.0599,667,91,-0.9093749342264342,0.195,Low Usage (<20%),0.2877666108807055,1.1011468701911593,The Engine
1630596,Evan Mobley,2022-23,0.1413,-0.1527,-0.1517,-0.1517,-2.1543,0.0,-2.8114,0.0156,947,48,-0.9398417964100536,0.199,Low Usage (<20%),-1.1517426928042274,-3.10898850180773,The Crumble
202694,Marcus Morris Sr.,2022-23,0.1235,-0.1697,-0.1682,-0.1682,-0.4629,0.0,0.7378,-0.0153,641,29,-0.9439332206658088,0.176,Low Usage (<20%),-1.3054766961103852,-1.002986973342666,The Crumble
1628989,Kevin Huerter,2022-23,0.1108,-0.0944,-0.0904,-0.0904,0.1518,0.0,-0.5295,-0.039,866,72,-1.2657114554182398,0.197,Low Usage (<20%),-0.5805975774910468,-0.23760968852093559,The Crumble
1627814,Damion Lee,2022-23,0.2533,-0.0506,-0.0524,-0.0524,0.2376,0.0,-0.9332,-0.1008,451,20,-1.305286125998093,0.155,Low Usage (<20%),-0.2265435092708045,-0.1307781104540664,Average
