PLAYER_NAME,SEASON,USG_PCT,DEPENDENCE_SCORE,ASSISTED_FGM_PCT,OPEN_SHOT_FREQUENCY,SELF_CREATED_USAGE_RATIO,DEPENDENCE_CATEGORY
Klay Thompson,2015-16,0.26,0.6350588375673225,0.8036391205458682,0.2308136180034622,0.06872630780894616,High
Anthony Davis,2015-16,0.29,0.6341099342956267,0.8809318377911994,0.14170692431562,0.07144089732528035,High
DeMarcus Cousins,2015-16,0.351,0.6154136253041362,0.7777777777777778,0.210705596107056,0.07777777777777777,High
Nikola Vučević,2015-16,0.265,0.6339633596211041,0.8563685636856369,0.1798875702685821,0.08617886178861785,High
Brook Lopez,2015-16,0.272,0.6129654035445338,0.8252853380158034,0.1375394321766561,0.061150131694468805,High
Blake Griffin,2015-16,0.289,0.6075982160650728,0.6905120481927711,0.309924550203134,0.1083207831325301,High
LaMarcus Aldridge,2015-16,0.258,0.652164451772344,0.8528497409326425,0.2374202693125443,0.08829015544041449,High
Kevin Durant,2015-16,0.298,0.46828873966678186,0.549359457422758,0.1085028690662493,0.15772418990203466,High
Paul George,2015-16,0.296,0.45976542639058365,0.49573863636363635,0.1588366890380313,0.17649147727272727,High
Stephen Curry,2015-16,0.314,0.43330893376054025,0.40716019417475735,0.2066238260009886,0.20749393203883493,Moderate
Carmelo Anthony,2015-16,0.291,0.4585162203130603,0.5403624382207579,0.0931129476584022,0.16087314662273472,High
Kobe Bryant,2015-16,0.314,0.4374388925694759,0.4890756302521009,0.1043272080616478,0.1788235294117647,Moderate
Kawhi Leonard,2015-16,0.252,0.46539714513080677,0.4959713518352731,0.1746031746031746,0.17641002685765442,High
LeBron James,2015-16,0.305,0.3979901023948965,0.3838028169014084,0.1382463690155997,0.21566901408450706,Moderate
Jahlil Okafor,2015-16,0.272,0.4625368313491647,0.5945017182130584,0.0291921249151391,0.14192439862542955,High
Marreese Speights,2015-16,0.293,0.7214384042746675,0.9582504970178927,0.2697160883280757,0.02504970178926438,High
Jusuf Nurkić,2015-16,0.266,0.610099419052904,0.8828996282527881,0.0700132100396301,0.07026022304832713,High
Andrew Wiggins,2015-16,0.267,0.45626185395922236,0.5180180180180181,0.1177944862155388,0.1686936936936937,High
James Harden,2015-16,0.319,0.33497450264131795,0.28462029355456286,0.0963488843813387,0.25038289725590296,Low
Kyle Lowry,2015-16,0.256,0.39631692913385824,0.3503937007874015,0.18,0.22736220472440946,Moderate
CJ McCollum,2015-16,0.266,0.3791359066198157,0.3082811412665274,0.1895681435782389,0.2421016005567154,Moderate
Damian Lillard,2015-16,0.304,0.3406109583988177,0.26300059772863127,0.1425661914460285,0.25794979079497904,Low
Brandon Knight,2015-16,0.258,0.3953599178411686,0.31162790697674414,0.231260894828588,0.24093023255813953,Moderate
Isaiah Thomas,2015-16,0.289,0.34976775363002965,0.2948207171314742,0.1244075829383886,0.24681274900398403,Low
Kemba Walker,2015-16,0.261,0.34605791021909393,0.252865329512894,0.1722458916615946,0.2614971346704871,Low
Eric Bledsoe,2015-16,0.27,0.37846001384888656,0.2621513944223107,0.2518891687657431,0.25824701195219124,Moderate
John Wall,2015-16,0.28,0.35025843819972036,0.22983583154889364,0.216324200913242,0.2695574589578872,Low
DeMar DeRozan,2015-16,0.291,0.30801325247079964,0.2484276729559749,0.0697278911564625,0.2630503144654088,Low
Kyrie Irving,2015-16,0.285,0.32864750415086286,0.22310469314079417,0.1639541892706449,0.27191335740072203,Low
Michael Beasley,2015-16,0.284,0.47507030861124944,0.5816326530612246,0.0829268292682926,0.14642857142857138,High
Russell Westbrook,2015-16,0.311,0.30718878041778663,0.19179004037685055,0.1462603878116343,0.2828734858681023,Low
Tyreke Evans,2015-16,0.254,0.3601290853085517,0.2704918032786885,0.1878980891719745,0.255327868852459,Moderate
Derrick Rose,2015-16,0.266,0.2931922169435322,0.21518987341772156,0.0736775818639798,0.27468354430379743,Low
Dwyane Wade,2015-16,0.31,0.28682782890099967,0.22045855379188717,0.0481550969355847,0.2728395061728395,Low
Dennis Schröder,2015-16,0.286,0.3936420872121509,0.29299363057324834,0.2523076923076923,0.24745222929936306,Moderate
Reggie Jackson,2015-16,0.283,0.2773123778246931,0.1470795214637579,0.1231746031746031,0.29852216748768473,Low
Jeff Teague,2015-16,0.259,0.35248792079207925,0.18811881188118817,0.2808,0.28415841584158413,Low
Chris Paul,2015-16,0.265,0.30527561430451955,0.14308176100628933,0.2086378737541528,0.2999213836477987,Low
Jrue Holiday,2015-16,0.283,0.2886079404590002,0.14592658907788714,0.1570535093815149,0.2989256938227395,Low
Tony Wroten,2015-16,0.32,0.33386111505345817,0.24112426035502954,0.1537515375153751,0.26560650887573967,Low
Thanasis Antetokounmpo,2015-16,0.286,0.48750000000000004,0.6666666666666667,0.0,0.11666666666666665,High
Luis Montero,2015-16,0.255,,0.6,,0.13999999999999999,
Coty Clarke,2015-16,0.357,0.6654407894736842,0.6699999999999999,0.5037593984962406,0.11549999999999999,High
Jordan Adams,2015-16,0.286,0.3833333333333333,0.33333333333333337,0.1666666666666666,0.2333333333333333,Moderate
Klay Thompson,2016-17,0.258,0.6537921120829284,0.8323615160349855,0.2443310657596371,0.05867346938775507,High
Karl-Anthony Towns,2016-17,0.271,0.6491090144767411,0.8643344709897611,0.2106430155210643,0.08139931740614334,High
Kevin Love,2016-17,0.253,0.7002345216650785,0.898444647758463,0.303114186851211,0.060933211344922196,High
Anthony Davis,2016-17,0.321,0.6127128391807359,0.8246808510638298,0.1376597836774827,0.06136170212765957,High
Marc Gasol,2016-17,0.262,0.671356484372456,0.8128916741271263,0.3216336949585195,0.06548791405550579,High
Brook Lopez,2016-17,0.286,0.6444850507456331,0.7833622183708839,0.2859884836852207,0.07582322357019063,High
DeMarcus Cousins,2016-17,0.359,0.5796145063450007,0.7252475247524752,0.18158953722334,0.09616336633663367,High
Joel Embiid,2016-17,0.356,0.6468520902910776,0.8668197474167624,0.2002892263195951,0.07990815154994256,High
Kevin Durant,2016-17,0.271,0.5124316407747634,0.6345177664974619,0.116012084592145,0.12791878172588833,High
Blake Griffin,2016-17,0.276,0.5620070159696465,0.6523266022827042,0.2328508495909377,0.1216856892010535,High
Carmelo Anthony,2016-17,0.286,0.48741515636105187,0.5865079365079364,0.1114072494669509,0.14472222222222222,High
Paul George,2016-17,0.287,0.4865062382960147,0.5440414507772021,0.167960088691796,0.15958549222797924,High
Jabari Parker,2016-17,0.257,0.5526713221816837,0.656221198156682,0.2007528230865746,0.12032258064516128,High
Zach Randolph,2016-17,0.28,0.6021794285133212,0.7953020134228188,0.1484848484848485,0.07164429530201341,High
Bradley Beal,2016-17,0.258,0.5281545690989453,0.5512118842845972,0.2769679300291545,0.15707584050039095,High
Stephen Curry,2016-17,0.286,0.46701508344626586,0.4433898305084747,0.2524644030668127,0.19481355932203384,High
Enes Freedom,2016-17,0.271,,0.8355263157894737,,0.0575657894736842,
Gordon Hayward,2016-17,0.269,0.5058968271758401,0.5483870967741935,0.2173089071383449,0.15806451612903227,High
Harrison Barnes,2016-17,0.252,0.48517836868445224,0.5287865367581931,0.1854140914709518,0.16492471213463242,High
Devin Booker,2016-17,0.28,0.4297098674098956,0.4471858134155744,0.1405908096280087,0.19348496530454895,Moderate
Kawhi Leonard,2016-17,0.306,0.4204338443575363,0.4318010550113037,0.1355166572557876,0.1988696307460437,Moderate
LeBron James,2016-17,0.292,0.39227523573991385,0.35470668485675305,0.1624449339207048,0.22585266030013643,Moderate
Giannis Antetokounmpo,2016-17,0.28,0.4356829648153022,0.44482758620689655,0.160941475826972,0.1943103448275862,Moderate
Andrew Wiggins,2016-17,0.286,0.4134268929503917,0.4194952132288947,0.1326370757180156,0.20317667536988684,Moderate
Isaiah Thomas,2016-17,0.332,0.3566130225675176,0.3207547169811321,0.1078431372549019,0.23773584905660375,Low
CJ McCollum,2016-17,0.268,0.36839586891483167,0.3234880450070323,0.1377012770682954,0.23677918424753866,Moderate
Jimmy Butler III,2016-17,0.261,0.3860781376415857,0.38107638888888884,0.108009708737864,0.2166232638888889,Moderate
Damian Lillard,2016-17,0.304,0.34321639129227643,0.27403245942571774,0.1346444780635401,0.2540886392009988,Low
D'Angelo Russell,2016-17,0.264,0.4280656074534602,0.3857271906052394,0.2214960058097313,0.2149954832881662,Moderate
Russell Westbrook,2016-17,0.402,0.31007535146217874,0.2127877237851662,0.1252609603340292,0.2755242966751918,Low
Dahntay Jones,2016-17,0.417,,1.0,,0.0,
Jordan Crawford,2016-17,0.254,0.46159346846846844,0.4388888888888889,0.2432432432432432,0.1963888888888889,High
Dion Waiters,2016-17,0.26,0.3767317366482829,0.3548094373865699,0.1178918169209431,0.22581669691470052,Moderate
Kyrie Irving,2016-17,0.295,0.3251206674464399,0.23600973236009726,0.1359026369168357,0.26739659367396595,Low
Goran Dragic,2016-17,0.262,0.35763935359863314,0.2967893500391542,0.1441558441558441,0.24612372748629602,Moderate
Al Jefferson,2016-17,0.254,0.5989525139664805,0.8461538461538463,0.0684357541899441,0.05384615384615383,High
Kemba Walker,2016-17,0.286,0.3301009793000732,0.2243346007604563,0.1663938897981451,0.27148288973384027,Low
Lou Williams,2016-17,0.277,0.3877755742651353,0.3554603854389722,0.148538961038961,0.22558886509635973,Moderate
Mike Conley,2016-17,0.256,0.37879007276025034,0.27685589519650655,0.2323509252912954,0.2531004366812227,Moderate
DeMar DeRozan,2016-17,0.337,0.27176140613988303,0.1952291274325172,0.0402491614758025,0.28166980539861897,Low
James Harden,2016-17,0.333,0.28487367864693447,0.18727272727272726,0.0887949260042283,0.28445454545454546,Low
Dennis Schröder,2016-17,0.272,0.34155688611440704,0.2382057231245166,0.1798045602605863,0.2666279969064192,Low
Eric Bledsoe,2016-17,0.275,0.34245971724217705,0.23943661971830987,0.180669614655717,0.2661971830985915,Low
Dwyane Wade,2016-17,0.289,0.3140930888445886,0.25594149908592323,0.0766331658291457,0.26042047531992685,Low
Jeremy Lin,2016-17,0.255,0.3938611577181208,0.3098434004474273,0.2294642857142856,0.24155480984340041,Moderate
John Wall,2016-17,0.299,0.2962479043662075,0.15117719950433717,0.1715686274509804,0.297087980173482,Low
Derrick Rose,2016-17,0.254,0.2825127373784159,0.18823529411764706,0.0807086614173228,0.28411764705882353,Low
Tyreke Evans,2016-17,0.262,0.3535555191298982,0.2678571428571429,0.1727861771058315,0.25625,Low
Reggie Jackson,2016-17,0.261,0.29208088726315895,0.1627705627705628,0.1435149654643131,0.29303030303030303,Low
J.J. Barea,2016-17,0.254,0.3412257141095332,0.1995332555425905,0.2327235772357723,0.28016336056009333,Low
Diamond Stone,2016-17,0.309,0.6224979321753514,0.9020979020979021,0.075268817204301,0.05874125874125874,High
Manny Harris,2016-17,0.292,0.3358333333333333,0.3076923076923077,0.0666666666666666,0.24230769230769228,Low
Jerryd Bayless,2016-17,0.279,0.24699604244840523,0.08374999999999999,0.124765478424015,0.32068749999999996,Low
Brice Johnson,2016-17,0.348,0.65,1.0,0.0,0.0,High
Joe Young,2016-17,0.251,0.33611806797853305,0.2426035502958579,0.1581395348837209,0.2650887573964497,Low
Kristaps Porziņģis,2017-18,0.305,0.6312754073705941,0.867867867867868,0.1541373715521903,0.07927927927927926,High
Nikola Vučević,2017-18,0.252,0.7127654098920211,0.9085312225153914,0.3230663928815879,0.05488126649076516,High
Anthony Davis,2017-18,0.291,0.6250488646466927,0.839300582847627,0.1525423728813559,0.056244796003330544,High
DeMarcus Cousins,2017-18,0.318,0.5816223387847308,0.6895193065405831,0.2370905052748473,0.10866824271079588,High
Marc Gasol,2017-18,0.255,0.7003872324304117,0.8657921291624622,0.35486160397445,0.08052472250252267,High
LaMarcus Aldridge,2017-18,0.288,0.5219659653169784,0.6346306592533757,0.1430957683741648,0.1278792692613185,High
Joel Embiid,2017-18,0.33,0.609630327277999,0.7622714148219443,0.2157800358637178,0.08320500481231949,High
Jusuf Nurkić,2017-18,0.257,0.6153093048966234,0.8478002378121284,0.112876254180602,0.05326991676575506,High
Stephen Curry,2017-18,0.29,0.49171047355023184,0.47187060478199716,0.2833530106257378,0.18484528832630098,High
Zach Randolph,2017-18,0.27,0.585445789961347,0.7159956474428727,0.211136890951276,0.09940152339499456,High
Kevin Durant,2017-18,0.293,0.4357026642261541,0.4825174825174825,0.1085011185682326,0.1811188811188811,Moderate
Bradley Beal,2017-18,0.268,0.44422619028123944,0.4091580502215657,0.2350332594235033,0.206794682422452,Moderate
Blake Griffin,2017-18,0.285,0.45731686042195596,0.4394904458598725,0.2301864801864802,0.1961783439490446,High
Marreese Speights,2017-18,0.265,0.7612771739130435,0.9655797101449276,0.3720238095238095,0.02065217391304344,High
Devin Booker,2017-18,0.301,0.3811909335341839,0.3511293634496919,0.1357581967213115,0.22710472279260782,Moderate
Giannis Antetokounmpo,2017-18,0.307,0.41302917577465825,0.40538336052202284,0.1511565357719204,0.208115823817292,Moderate
Victor Oladipo,2017-18,0.295,0.37973876889057356,0.3230119634060521,0.1707726763717805,0.23694581280788174,Moderate
LeBron James,2017-18,0.31,0.34759256087381085,0.2796717171717171,0.1392931392931393,0.252114898989899,Low
Damian Lillard,2017-18,0.295,0.34984618601109496,0.26420798065296247,0.1672708441222164,0.2575272067714631,Low
Kyrie Irving,2017-18,0.298,0.3432761815804015,0.28705566733735755,0.1166758392955421,0.24953051643192484,Low
Eric Bledsoe,2017-18,0.254,0.4527735342538896,0.3994334277620397,0.2729992520568436,0.2101983002832861,High
D'Angelo Russell,2017-18,0.295,0.3856716665020179,0.3324808184143223,0.1745350500715307,0.23363171355498719,Moderate
Lou Williams,2017-18,0.285,0.3626185200248704,0.2995245641838351,0.1545722713864307,0.2451664025356577,Moderate
Josh Jackson,2017-18,0.253,0.4441744688981491,0.4453681710213777,0.184449958643507,0.1941211401425178,Moderate
CJ McCollum,2017-18,0.259,0.3470745024218964,0.26458036984352773,0.1588330632090761,0.2573968705547653,Low
Donovan Mitchell,2017-18,0.283,0.384518351151769,0.2930489731437599,0.2261627906976744,0.247432859399684,Moderate
Julius Randle,2017-18,0.251,0.45965017766353555,0.5474777448071217,0.086442220200182,0.1583827893175074,High
DeMar DeRozan,2017-18,0.286,0.31577550205998356,0.2579022988505747,0.0787089467723669,0.25973419540229886,Low
Jordan Clarkson,2017-18,0.253,0.4172400428623118,0.38907103825136613,0.1859083191850594,0.21382513661202185,Moderate
Kemba Walker,2017-18,0.267,0.34145995017725395,0.21836734693877546,0.2071596244131455,0.2735714285714286,Low
Boban Marjanovic,2017-18,0.276,0.6274206580053002,0.9506172839506173,0.013089005235602,0.029629629629629617,High
Mike Conley,2017-18,0.26,0.3844521660703431,0.2843951985226224,0.2380271622587562,0.2504616805170821,Moderate
Tyreke Evans,2017-18,0.277,0.34718301700831217,0.25740897544453845,0.1691318327974276,0.25990685859441154,Low
Michael Beasley,2017-18,0.261,0.4617384497453487,0.5574074074074074,0.078578110383536,0.1549074074074074,High
Kawhi Leonard,2017-18,0.304,0.3665979559279277,0.3023012552301255,0.1620745542949757,0.24419456066945605,Moderate
Isaiah Thomas,2017-18,0.276,0.3530005873906801,0.29038854805725967,0.1398176291793313,0.2483640081799591,Low
James Harden,2017-18,0.353,0.26787645340080724,0.15656565656565657,0.0830019880715705,0.2952020202020202,Low
Dennis Schröder,2017-18,0.299,0.3211208787603538,0.20424597364568076,0.1687170474516696,0.2785139092240117,Low
Dennis Smith Jr.,2017-18,0.28,0.3371964940020981,0.2151490733279613,0.1994609164420485,0.2746978243352135,Low
Russell Westbrook,2017-18,0.326,0.2777307480541582,0.1520467836257311,0.1174512601046124,0.2967836257309941,Low
Jonathan Gibson,2017-18,0.28,0.49420289855072463,0.5555555555555556,0.1739130434782608,0.15555555555555553,High
Dwyane Wade,2017-18,0.251,0.357239595703692,0.31359353970390313,0.1196078431372549,0.2402422611036339,Moderate
John Wall,2017-18,0.281,0.3046370148963669,0.16195190947666205,0.1805298829328404,0.29331683168316824,Low
MarShon Brooks,2017-18,0.271,0.26931820810808726,0.1979256698357823,0.0295126973232669,0.28072601555747617,Low
Zach LaVine,2017-18,0.29,0.3282210109645517,0.21121495327102802,0.179296346414073,0.27607476635514017,Low
Reggie Jackson,2017-18,0.265,0.3175496469549868,0.1924095322153574,0.175,0.2826566637246249,Low
Matt Williams Jr.,2017-18,0.28,0.48668750000000005,0.665,0.0,0.11725,High
Naz Mitrou-Long,2017-18,0.5,0.65,1.0,0.0,0.0,High
Jeremy Lin,2017-18,0.254,0.29875,0.09999999999999998,0.25,0.315,Low
Chris Boucher,2017-18,0.333,0.65,1.0,0.0,0.0,High
Dwight Buycks,2017-18,0.266,0.31851463840884736,0.1789667896678966,0.1964809384164222,0.2873616236162362,Low
Isaiah Whitehead,2017-18,0.274,0.30007248704486855,0.16367713004484308,0.1650853889943073,0.29271300448430493,Low
Bobby Brown,2017-18,0.252,0.5386781609195401,0.28888888888888886,0.6724137931034483,0.24888888888888888,High
Kay Felder,2017-18,0.28,0.32381963470319636,0.18666666666666665,0.2009132420091324,0.2846666666666667,Low
Walt Lemon Jr.,2017-18,0.256,0.32999999999999996,0.19999999999999996,0.2,0.27999999999999997,Low
Nikola Vučević,2018-19,0.276,0.6495805270755632,0.8501248959200667,0.2343195266272189,0.08992506244795997,High
Klay Thompson,2018-19,0.254,0.6105499491852335,0.7940226171243943,0.1741826381059752,0.07209208400646203,High
Anthony Davis,2018-19,0.288,0.6167817511555231,0.7994722955145119,0.1843971631205674,0.07018469656992082,High
Karl-Anthony Towns,2018-19,0.28,0.6591014288040313,0.8462273161413563,0.2401874633860574,0.053820439350525294,High
Joel Embiid,2018-19,0.327,0.594652687514336,0.7232968881412952,0.2272727272727272,0.09684608915054667,High
Stephen Curry,2018-19,0.292,0.5053532302165586,0.5252074026802809,0.248041775456919,0.1661774090619017,High
Kevin Love,2018-19,0.259,0.658994013973068,0.8654266958424508,0.2371695178849144,0.08074398249452952,High
Nikola Jokić,2018-19,0.271,0.565405672993801,0.7103064066852368,0.1618037135278514,0.10139275766016712,High
Paul George,2018-19,0.285,0.4371953083895622,0.44256348246674737,0.1684160305343511,0.1951027811366384,Moderate
LaMarcus Aldridge,2018-19,0.268,0.530203655996303,0.6573033707865169,0.1350521792510743,0.11994382022471907,High
DeMarcus Cousins,2018-19,0.281,0.6272935442462493,0.7818411097099622,0.2389885807504078,0.07635561160151322,High
Bradley Beal,2018-19,0.278,0.448839315578698,0.4328249818445896,0.2152489626556016,0.19851125635439362,High
Jonas Valančiūnas,2018-19,0.274,0.6182864949258393,0.8571428571428572,0.133879781420765,0.08571428571428567,High
Julius Randle,2018-19,0.273,0.48100043418847144,0.5396188565697091,0.1583892617449664,0.1611334002006018,High
Kyrie Irving,2018-19,0.286,0.37874959288971166,0.33465608465608465,0.1517278617710583,0.23287037037037037,Moderate
Kevin Durant,2018-19,0.283,0.38705859236528606,0.3974763406940063,0.0879682179341657,0.21088328075709778,Moderate
LeBron James,2018-19,0.311,0.37393737268765104,0.3039027511196417,0.1808136614766449,0.2436340371081254,Moderate
Devin Booker,2018-19,0.32,0.3464972911130869,0.2968853545394301,0.1121876593574706,0.24609012591119944,Low
Giannis Antetokounmpo,2018-19,0.314,0.41913839800626135,0.39642857142857146,0.1810841983852364,0.21124999999999997,Moderate
Blake Griffin,2018-19,0.296,0.390157053373829,0.3389700230591852,0.1783119060927892,0.23136049192928515,Moderate
Kawhi Leonard,2018-19,0.3,0.35350443271557974,0.29447439353099736,0.1355661881977671,0.2469339622641509,Low
Jordan Clarkson,2018-19,0.266,0.402073652990608,0.37815126050420167,0.1577854671280276,0.21764705882352942,Moderate
Russell Westbrook,2018-19,0.301,0.33581293306405713,0.23181549379065636,0.1722939424031777,0.2688645771732703,Low
D'Angelo Russell,2018-19,0.311,0.3410963881972064,0.24790727623953634,0.1649759743726641,0.26323245331616224,Low
Donovan Mitchell,2018-19,0.309,0.3362563195536237,0.23737373737373735,0.1658189216683621,0.2669191919191919,Low
Damian Lillard,2018-19,0.281,0.34115773324178184,0.23266078184110972,0.1863874345549738,0.2685687263556116,Low
Victor Oladipo,2018-19,0.278,0.3753727287428536,0.2903481012658228,0.2037943696450428,0.24837816455696202,Moderate
John Wall,2018-19,0.286,0.3607667550339902,0.23116548615582744,0.2444959443800695,0.26909207984546035,Moderate
Mike Conley,2018-19,0.262,0.37808468251231414,0.2780968006562756,0.2286071205496565,0.2526661197703035,Moderate
Kemba Walker,2018-19,0.308,0.3154749287152129,0.19582850521436856,0.1643100926377377,0.281460023174971,Low
Zach LaVine,2018-19,0.298,0.3288707865168539,0.24794007490636705,0.13,0.26322097378277154,Low
Isaiah Thomas,2018-19,0.274,0.42173994848809204,0.43581081081081086,0.1336633663366336,0.19746621621621618,Moderate
Dwyane Wade,2018-19,0.269,0.31573996911176966,0.25985844287158744,0.0758827948910593,0.25904954499494437,Low
Luka Dončić,2018-19,0.296,0.3219510767625199,0.19689922480620148,0.181322013341419,0.28108527131782945,Low
Tyreke Evans,2018-19,0.255,0.3951450642953106,0.3129251700680272,0.2288401253918495,0.24047619047619045,Moderate
Lou Williams,2018-19,0.308,0.3029711301823509,0.19585849870578076,0.1285431773236651,0.2814495254529767,Low
Derrick Rose,2018-19,0.261,0.28795351716678863,0.1971066907775768,0.0838971583220568,0.2810126582278481,Low
DeMar DeRozan,2018-19,0.277,0.2624592132045302,0.1537324464153732,0.0714704159343878,0.2961936437546194,Low
Trae Young,2018-19,0.277,0.33587443298969066,0.1631999999999999,0.268041237113402,0.29288000000000003,Low
Johnathan Motley,2018-19,0.266,0.5303994197701669,0.7242990654205608,0.0422960725075528,0.09649532710280373,High
Terrence Jones,2018-19,0.333,0.703125,0.75,0.5,0.0875,High
James Harden,2018-19,0.396,0.21701093645597463,0.06960227272727282,0.0587995100040832,0.3256392045454545,Low
J.J. Barea,2018-19,0.263,0.3096153219946254,0.16782407407407407,0.1865745310957551,0.29126157407407405,Low
Walt Lemon Jr.,2018-19,0.253,0.2501847298287446,0.11396743787489294,0.0917874396135265,0.31011139674378746,Low
Michael Beasley,2018-19,0.288,0.37270970935276304,0.3605015673981191,0.098471986417657,0.2238244514106583,Moderate
Zhou Qi,2018-19,0.333,0.65,1.0,0.0,0.0,High
Donatas Motiejunas,2018-19,0.323,,0.7518796992481204,,0.08684210526315786,
Ike Anigbogu,2018-19,0.267,0.7666666666666667,1.0,0.3333333333333333,0.0,High
Donte Grantham,2018-19,0.333,0.825,1.0,0.5,0.0,High
Nikola Vučević,2019-20,0.258,0.6940110071250278,0.8791032826261009,0.3157262905162065,0.07253803042433946,High
Kristaps Porziņģis,2019-20,0.263,0.6695210360091831,0.8946938775510205,0.221255438160348,0.06318367346938769,High
Karl-Anthony Towns,2019-20,0.278,0.651334871430646,0.8411290322580645,0.225098480585256,0.05560483870967742,High
Anthony Davis,2019-20,0.284,0.6117390211379982,0.77938808373591,0.1979638009049773,0.07721417069243153,High
Joel Embiid,2019-20,0.315,0.6113338384455722,0.7773689052437903,0.1996185632549268,0.0779208831646734,High
Nikola Jokić,2019-20,0.266,0.5963559183581493,0.7612488521579431,0.1792774369461486,0.0835629017447199,High
Andre Drummond,2019-20,0.253,0.5352422555619555,0.7275541795665634,0.0515988372093023,0.09535603715170278,High
Zion Williamson,2019-20,0.291,0.563184116733056,0.7591499409681228,0.0874243443174176,0.08429752066115702,High
Brandon Ingram,2019-20,0.275,0.43605664533059885,0.4734876773711726,0.1220897217490062,0.1842793129200896,Moderate
Bradley Beal,2019-20,0.338,0.39032458123541003,0.36310904872389793,0.1451683428071709,0.22291183294663572,Moderate
Pascal Siakam,2019-20,0.278,0.45323855467746743,0.42370572207084467,0.2405200433369447,0.20170299727520435,High
Buddy Hield,2019-20,0.263,0.4877832306758747,0.5020441537203598,0.230104873534855,0.17428454619787406,High
Stephen Curry,2019-20,0.286,0.4159881635581062,0.4411764705882353,0.1097560975609756,0.19558823529411765,Moderate
Bojan Bogdanovic,2019-20,0.252,0.5183477184783155,0.5447761194029851,0.2579124579124579,0.15932835820895522,High
Julius Randle,2019-20,0.271,0.4782633763837638,0.5387453874538746,0.1517857142857142,0.16143911439114392,High
Andrew Wiggins,2019-20,0.269,0.41130970535172956,0.423162583518931,0.1214798453892877,0.20189309576837414,Moderate
Giannis Antetokounmpo,2019-20,0.363,0.4667241030590912,0.4480314960629921,0.2451678535096643,0.19318897637795276,High
Paul George,2019-20,0.292,0.4235863995922051,0.42076069730586374,0.1599015990159901,0.20273375594294768,Moderate
Zach LaVine,2019-20,0.312,0.38219375,0.3458333333333333,0.146,0.22895833333333332,Moderate
Khris Middleton,2019-20,0.26,0.4246828736408871,0.4394618834080718,0.136986301369863,0.19618834080717487,Moderate
D'Angelo Russell,2019-20,0.305,0.35267856175775913,0.30940279542566707,0.1124134256792754,0.2417090216010165,Low
LeBron James,2019-20,0.308,0.37371508140531273,0.30222222222222217,0.1825192802056555,0.24422222222222223,Moderate
Kawhi Leonard,2019-20,0.327,0.34899286645891614,0.3109354413702239,0.0997481108312342,0.2411725955204216,Low
Dennis Schröder,2019-20,0.262,0.4279258428116137,0.40782608695652167,0.1903160726294553,0.20726086956521741,Moderate
Devin Booker,2019-20,0.294,0.3818733438274906,0.3415605095541401,0.1510359869138495,0.23045382165605097,Moderate
CJ McCollum,2019-20,0.257,0.343431747576864,0.2710576314122862,0.1394032921810699,0.2551298290056998,Low
Collin Sexton,2019-20,0.264,0.36184941870339205,0.3136531365313653,0.1326957561267184,0.24022140221402213,Moderate
Jordan Clarkson,2019-20,0.254,0.4272322877675376,0.42211055276381904,0.1684382665576451,0.20226130653266333,Moderate
Blake Griffin,2019-20,0.277,0.44467579699351645,0.44994617868676,0.1795058139534883,0.192518837459634,Moderate
Russell Westbrook,2019-20,0.33,0.31311909088153833,0.2047541869259859,0.145146927871772,0.2783360345759049,Low
Jayson Tatum,2019-20,0.28,0.35234314448202964,0.310980720871752,0.1092572658772873,0.2411567476948868,Low
Donovan Mitchell,2019-20,0.303,0.3280536973977245,0.22406110757479314,0.1609254498714653,0.27157861234882236,Low
Boban Marjanovic,2019-20,0.258,0.6366727941176471,0.90625,0.1092436974789916,0.056249999999999994,High
Damian Lillard,2019-20,0.294,0.29882984170328963,0.1817168338907469,0.1364082433758586,0.28639910813823855,Low
Kyrie Irving,2019-20,0.318,0.28054416151715317,0.16620498614958445,0.1057692307692307,0.2918282548476454,Low
Kemba Walker,2019-20,0.268,0.32734094273401215,0.23143759873617686,0.1486146095717884,0.26899684044233807,Low
Spencer Dinwiddie,2019-20,0.287,0.31008410717454316,0.2181132075471699,0.1178683385579937,0.2736603773584905,Low
Caris LeVert,2019-20,0.284,0.32783702685717836,0.2164794007490637,0.1708666256914566,0.2742322097378277,Low
Lou Williams,2019-20,0.271,0.32681684160550684,0.22871883061049014,0.150904033379694,0.2699484092863284,Low
Victor Oladipo,2019-20,0.259,0.3716303156746308,0.2714138286893706,0.2194744976816074,0.2550051599587203,Moderate
Luka Dončić,2019-20,0.355,0.2609871524840338,0.137266023823029,0.0901999024865919,0.30195689166193984,Low
Ja Morant,2019-20,0.256,0.32025173253865596,0.19263698630136983,0.1824034334763948,0.28257705479452055,Low
James Harden,2019-20,0.356,0.24447825938129264,0.11593435680254105,0.0727436012572968,0.3094229751191106,Low
De'Aaron Fox,2019-20,0.29,0.30229284353189234,0.15915915915915924,0.1777221526908635,0.29429429429429427,Low
Trae Young,2019-20,0.339,0.2870758821538939,0.11519198664440722,0.1954851104707012,0.30968280467445747,Low
DeMar DeRozan,2019-20,0.262,0.26121380788658927,0.1606133979015335,0.0583279325988334,0.29378531073446323,Low
Tyler Zeller,2019-20,0.267,0.7375,1.0,0.25,0.0,High
Derrick Rose,2019-20,0.303,0.23644441255236953,0.10671936758893275,0.0626249167221852,0.31264822134387354,Low
Dewan Hernandez,2019-20,0.257,0.6003193184446558,0.7964071856287426,0.1416309012875536,0.07125748502994009,High
Jeremiah Martin,2019-20,0.268,,0.2552301255230125,,0.26066945606694564,
Jeremy Pargo,2019-20,0.268,0.2962278127864758,0.1763668430335097,0.1364256480218281,0.2882716049382716,Low
Dusty Hannahs,2019-20,0.286,0.4741666666666667,0.4,0.3333333333333333,0.21,High
Malik Newman,2019-20,0.571,0.58125,0.5,0.5,0.175,High
Nikola Vučević,2020-21,0.292,0.6597090156569401,0.825224071702945,0.2711779448621554,0.06117157490396924,High
Kristaps Porziņģis,2020-21,0.259,0.6812515001237025,0.9178541492036882,0.2183763373190686,0.04928751047778708,High
Nikola Jokić,2020-21,0.293,0.5763466777053734,0.7702702702702703,0.1095426312817617,0.08040540540540539,High
Karl-Anthony Towns,2020-21,0.286,0.6370722126929674,0.823327615780446,0.2091428571428571,0.061835334476843896,High
Christian Wood,2020-21,0.255,0.6355092847358006,0.8111401218450827,0.2216527866752082,0.06610095735422106,High
Anthony Davis,2020-21,0.287,0.5656923822014728,0.7309885931558936,0.1338155515370705,0.09415399239543723,High
Joel Embiid,2020-21,0.352,0.5925298781622024,0.7490234375,0.1853741496598639,0.08784179687499999,High
Jaren Jackson Jr.,2020-21,0.252,0.6827093991179121,0.8557457212713937,0.3201407211961301,0.08655256723716377,High
Jaylen Brown,2020-21,0.29,0.44812597666148213,0.484996510816469,0.1405433646812957,0.18025122121423584,Moderate
Jerami Grant,2020-21,0.278,0.5036145507579688,0.5765611633875107,0.1715456674473068,0.1482035928143712,High
Stephen Curry,2020-21,0.331,0.4021920494495915,0.3943496174220129,0.1355617455896007,0.21197763390229546,Moderate
Bradley Beal,2020-21,0.331,0.3858900075987842,0.375,0.1159357359965262,0.21875,Moderate
Julius Randle,2020-21,0.285,0.4364139290449103,0.46377952755905516,0.1366325981710597,0.18767716535433068,Moderate
Pascal Siakam,2020-21,0.261,0.4417118201886414,0.41501103752759383,0.2196969696969697,0.20474613686534215,Moderate
Andre Drummond,2020-21,0.269,0.5385760869565217,0.7391304347826086,0.045,0.09130434782608694,High
Kevin Durant,2020-21,0.303,0.4132670650738983,0.4764756201881951,0.052814857806152,0.1832335329341317,Moderate
Paul George,2020-21,0.296,0.40029752467238305,0.39428571428571424,0.1302378255945639,0.212,Moderate
LeBron James,2020-21,0.31,0.3883535815916868,0.35127478753541075,0.1560203504804974,0.2270538243626062,Moderate
Zion Williamson,2020-21,0.287,0.3987174369747899,0.45329670329670335,0.0435294117647058,0.1913461538461538,Moderate
Brandon Ingram,2020-21,0.279,0.38283575350265414,0.3846755277560594,0.093732667775929,0.2153635652853792,Moderate
Anthony Edwards,2020-21,0.264,0.40993923469885796,0.3895486935866984,0.1643835616438356,0.21365795724465556,Moderate
Dillon Brooks,2020-21,0.256,0.4648162241761021,0.4834503510531595,0.1903833658219623,0.18079237713139418,High
Devin Booker,2020-21,0.319,0.3892767247915087,0.3646702047005307,0.14,0.22236542835481424,Moderate
D'Angelo Russell,2020-21,0.283,0.4139638076061253,0.3780584056827151,0.1918866709594333,0.2176795580110497,Moderate
Victor Oladipo,2020-21,0.286,0.39936063326891097,0.3585780525502319,0.1772966647162083,0.22449768160741881,Moderate
Collin Sexton,2020-21,0.286,0.3633905295263218,0.33213515456506115,0.1113561190738699,0.23375269590222858,Moderate
Kyrie Irving,2020-21,0.297,0.34255104915857987,0.2729425695677916,0.1342615614122327,0.2544701006512729,Low
Kawhi Leonard,2020-21,0.282,0.36187903555913536,0.34562211981566826,0.0882521489971346,0.2290322580645161,Moderate
Josh Jackson,2020-21,0.254,0.48549158179172724,0.5490196078431373,0.1581272084805653,0.15784313725490193,High
Jordan Clarkson,2020-21,0.286,0.396243008090776,0.35882831570382423,0.1680405833861762,0.2244100895036615,Moderate
Zach LaVine,2020-21,0.302,0.3600177777081636,0.29910406616126806,0.1477272727272727,0.24531357684355617,Moderate
CJ McCollum,2020-21,0.265,0.3595912142208905,0.2782667569397427,0.175531914893617,0.25260663507109005,Moderate
Giannis Antetokounmpo,2020-21,0.32,0.4024640321543873,0.33224755700325737,0.2228381374722838,0.2337133550488599,Moderate
Jayson Tatum,2020-21,0.298,0.33101533874535305,0.2885431400282886,0.0795730228044638,0.24900990099009895,Low
Malcolm Brogdon,2020-21,0.257,0.40359966237520983,0.2759322033898305,0.3045220377790498,0.2534237288135593,Moderate
Jimmy Butler III,2020-21,0.259,0.3757727576575637,0.3675623800383877,0.0973888496824276,0.2213531669865643,Moderate
John Wall,2020-21,0.316,0.3537327783034838,0.23198061780738943,0.223263506063947,0.2688067837674137,Low
Donovan Mitchell,2020-21,0.327,0.3351806298589842,0.21320973348783323,0.1964025279533301,0.27537659327925834,Low
Isaiah Thomas,2020-21,0.274,0.5645208333333334,0.6116666666666667,0.2966666666666666,0.13591666666666666,High
Russell Westbrook,2020-21,0.295,0.3285700822948079,0.22112415071031488,0.1664915966386554,0.2726065472513898,Low
Caris LeVert,2020-21,0.279,0.3462696445671154,0.24390243902439024,0.1853348729792147,0.26463414634146337,Low
Damian Lillard,2020-21,0.306,0.3033097872662197,0.18828451882845187,0.1400602409638554,0.2841004184100418,Low
Ja Morant,2020-21,0.267,0.3592279988376815,0.24898949070331444,0.2152732060566162,0.26285367825383993,Moderate
Kemba Walker,2020-21,0.256,0.3468934103580169,0.24442675159235672,0.1863867684478371,0.2644506369426751,Low
DeMar DeRozan,2020-21,0.255,0.2783843085106382,0.19999999999999996,0.0525265957446808,0.27999999999999997,Low
Derrick Rose,2020-21,0.252,0.3039666114790287,0.24145299145299148,0.0678807947019867,0.26549145299145294,Low
Luka Dončić,2020-21,0.35,0.2602582292612503,0.1251415628539072,0.1050049067713444,0.30620045300113247,Low
Udonis Haslem,2020-21,0.286,0.65,1.0,0.0,0.0,High
De'Aaron Fox,2020-21,0.304,0.2675807323321178,0.12627551020408168,0.1243469174503657,0.3058035714285714,Low
Jordan Nwora,2020-21,0.254,,0.5362776025236593,,0.16230283911671922,
Trae Young,2020-21,0.32,0.3000003923784411,0.10744891232696108,0.2431972789115646,0.3123928806855636,Low
James Harden,2020-21,0.283,0.2384983735800817,0.10691375623663579,0.0682226211849192,0.31258018531717746,Low
Shai Gilgeous-Alexander,2020-21,0.283,0.2626282226073261,0.08952116585704362,0.1613904407200496,0.3186675919500347,Low
Anžejs Pasečņiks,2020-21,0.375,0.65,1.0,0.0,0.0,High
Nikola Jokić,2021-22,0.309,0.5806849349857782,0.7998442367601247,0.0807453416149068,0.07005451713395636,High
Kristaps Porziņģis,2021-22,0.286,0.6661103511171911,0.8948306595365418,0.2112956810631229,0.06310160427807486,High
Anthony Davis,2021-22,0.263,0.6120027729158407,0.8361344537815126,0.1196777905638665,0.057352941176470586,High
Klay Thompson,2021-22,0.284,0.5695034860324739,0.7009966777408638,0.1864788732394366,0.10465116279069765,High
LeBron James,2021-22,0.317,0.4353761772178861,0.46489773355444997,0.1321100917431192,0.1872857932559425,Moderate
Karl-Anthony Towns,2021-22,0.272,0.6032738095238095,0.8015873015873016,0.1428571428571428,0.06944444444444443,High
Joel Embiid,2021-22,0.375,0.5312474671700779,0.6342477140482128,0.1701477330616403,0.12801330008312553,High
Jaylen Brown,2021-22,0.298,0.44313967752412275,0.4806428049671293,0.1323608860075635,0.18177501826150474,Moderate
Jerami Grant,2021-22,0.253,0.5244220921113175,0.6048014773776547,0.1916610625420309,0.13831948291782084,High
Stephen Curry,2021-22,0.293,0.4192885160194706,0.3975749840459476,0.1799163179916318,0.21084875558391833,Moderate
Kevin Durant,2021-22,0.31,0.3849733517464451,0.41631205673758864,0.0557749259624876,0.20429078014184396,Moderate
Julius Randle,2021-22,0.279,0.448213630526509,0.4945147679324895,0.127536231884058,0.17691983122362867,Moderate
Brandon Ingram,2021-22,0.291,0.41115254359417786,0.44357976653696496,0.0925925925925926,0.19474708171206226,Moderate
RJ Barrett,2021-22,0.268,0.4285767511177347,0.43356643356643354,0.1563231850117096,0.19825174825174824,Moderate
Pascal Siakam,2021-22,0.257,0.40017410122398783,0.37994542974079126,0.1498591549295774,0.21701909959072305,Moderate
Jordan Poole,2021-22,0.252,0.5142152111267237,0.5194312796208531,0.2814070351758794,0.1681990521327014,High
Jayson Tatum,2021-22,0.313,0.375251061168269,0.37396694214876036,0.086977648202138,0.21911157024793385,Moderate
LaMelo Ball,2021-22,0.271,0.4736174302204986,0.4003021148036253,0.3313432835820895,0.20989425981873114,High
Matt Ryan,2021-22,0.357,0.79,1.0,0.4,0.0,High
Devin Booker,2021-22,0.313,0.37662398943397635,0.34540389972144847,0.1306845380564863,0.22910863509749302,Moderate
Kyrie Irving,2021-22,0.283,0.3396104335910737,0.27343316694398223,0.1251764705882353,0.2542983915696062,Low
Paul George,2021-22,0.329,0.3271388580658957,0.28147268408551074,0.078345498783455,0.25148456057007124,Low
Cade Cunningham,2021-22,0.273,0.41031742515898145,0.34795539033457246,0.223397635345364,0.2282156133828996,Moderate
Collin Sexton,2021-22,0.264,0.43501583600104676,0.4474445515911283,0.1553903345724907,0.19339440694310508,Moderate
Khris Middleton,2021-22,0.255,,0.3824027072758037,,0.2161590524534687,
Giannis Antetokounmpo,2021-22,0.34,0.3897695862667517,0.35948759007205766,0.1486268174474959,0.2241793434747798,Moderate
Jimmy Butler III,2021-22,0.26,0.4066605601844963,0.43230174081237904,0.0954670329670329,0.19869439071566733,Moderate
DeMarcus Cousins,2021-22,0.267,,0.9087136929460581,,0.05477178423236514,
Jordan Clarkson,2021-22,0.258,0.4107421874999999,0.38020833333333326,0.1796874999999999,0.21692708333333335,Moderate
Tyler Herro,2021-22,0.278,0.37204951958224786,0.33307632999229,0.1347851677457327,0.2334232845026985,Moderate
Bradley Beal,2021-22,0.297,0.35401949609821903,0.29492455418381347,0.1364107883817427,0.24677640603566528,Low
Anthony Edwards,2021-22,0.262,0.3733015478164732,0.31940298507462683,0.1574074074074074,0.23820895522388058,Moderate
Reggie Jackson,2021-22,0.273,0.3813022815816578,0.3087591240875912,0.1950920245398773,0.24193430656934306,Moderate
Donovan Mitchell,2021-22,0.322,0.32994100665244136,0.2387096774193549,0.1459143968871595,0.2664516129032258,Low
Zach LaVine,2021-22,0.284,0.36055227257378264,0.30149253731343284,0.1459276018099547,0.2444776119402985,Moderate
CJ McCollum,2021-22,0.269,0.35554423016588815,0.2713602187286398,0.1735889243876464,0.25502392344497604,Low
Dejounte Murray,2021-22,0.268,0.3139325271148992,0.23356732610082964,0.1073384446878422,0.2682514358647096,Low
Darius Garland,2021-22,0.272,0.37807845741245605,0.26928783382789323,0.240858966918166,0.25574925816023736,Moderate
Ja Morant,2021-22,0.33,0.31108154713189906,0.1998864281658148,0.1461054668601838,0.2800397501419648,Low
Dillon Brooks,2021-22,0.283,0.37463605159263075,0.33364928909952607,0.1413772090188909,0.23322274881516586,Moderate
Damian Lillard,2021-22,0.288,0.3229828109763558,0.2212957023733162,0.1502890173410404,0.2725465041693393,Low
Russell Westbrook,2021-22,0.264,0.3512725602610141,0.2471825694966191,0.1950601646611779,0.2634861006761833,Low
DeMar DeRozan,2021-22,0.308,0.27777175628914935,0.19451530612244905,0.0584158415841584,0.2819196428571428,Low
Caris LeVert,2021-22,0.252,0.3304464848566718,0.22704081632653061,0.163611676849966,0.27053571428571427,Low
De'Aaron Fox,2021-22,0.284,0.27238736313049716,0.14074074074074072,0.1179321486268174,0.30074074074074075,Low
Paris Bass,2021-22,0.36,0.5750000000000001,0.6666666666666667,0.25,0.11666666666666665,High
Luka Dončić,2021-22,0.368,0.25238822730331234,0.10520547945205494,0.1102873030583873,0.3131780821917807,Low
James Harden,2021-22,0.266,0.2536737690891835,0.12774294670846387,0.0825688073394495,0.3052899686520376,Low
Boban Marjanovic,2021-22,0.311,,0.8214285714285715,,0.062499999999999965,
Jared Harper,2021-22,0.287,0.5055769230769231,0.4,0.4230769230769231,0.21,High
Sekou Doumbouya,2021-22,0.286,0.659375,0.75,0.375,0.0875,High
Trae Young,2021-22,0.333,0.29807822501230913,0.08333333333333315,0.2712949286065977,0.32083333333333336,Low
Shai Gilgeous-Alexander,2021-22,0.298,0.26468678899082565,0.08440366972477065,0.1744,0.32045871559633027,Low
Markus Howard,2021-22,0.264,0.44745535250077983,0.47881355932203384,0.147239263803681,0.18241525423728813,Moderate
Matt Mooney,2021-22,0.4,1.0,1.0,1.0,0.0,High
Markelle Fultz,2021-22,0.265,0.2448113002581601,0.10310559006211173,0.0915637860082304,0.3139130434782609,Low
Lauri Markkanen,2022-23,0.259,0.6398864036342038,0.8236641221374046,0.21671469740634,0.06171755725190839,High
Klay Thompson,2022-23,0.256,0.6092119093483747,0.7920868890612879,0.1730558598028478,0.07276958882854923,High
Anthony Davis,2022-23,0.277,0.5877356484107218,0.7959542656112577,0.1063084112149532,0.0714160070360598,High
Kristaps Porziņģis,2022-23,0.272,0.653129376514515,0.8963782696177063,0.1717752234993614,0.06217303822937622,High
LeBron James,2022-23,0.322,0.42871803477130827,0.4581695676586188,0.1224582015363759,0.1896406513194834,Moderate
Nikola Jokić,2022-23,0.263,0.5597827314912163,0.758220502901354,0.0790006752194463,0.08462282398452609,High
Joel Embiid,2022-23,0.37,0.5400227125098196,0.6705670567056706,0.1446322067594433,0.11530153015301527,High
Julius Randle,2022-23,0.288,0.4799891103324587,0.5515660809778458,0.1388589881593111,0.15695187165775396,High
Kelly Oubre Jr.,2022-23,0.257,0.5228840788141254,0.6273996509598605,0.1557907113462669,0.13041012216404882,High
Jaylen Brown,2022-23,0.307,0.41531716770656074,0.4490306441525953,0.0968992248062015,0.19283927454659164,Moderate
Kyle Kuzma,2022-23,0.273,0.4725983885169032,0.5266362252663623,0.1524663677130045,0.1656773211567732,High
Bam Adebayo,2022-23,0.251,0.5085722900648274,0.6736318407960199,0.0505050505050505,0.11422885572139303,High
Jayson Tatum,2022-23,0.319,0.406312374592941,0.4435643564356435,0.0787850023730422,0.19475247524752476,Moderate
Stephen Curry,2022-23,0.297,0.42337649195962634,0.4037304452466908,0.1830225711481845,0.20869434416365823,Moderate
Keldon Johnson,2022-23,0.273,0.4739614598233125,0.5365053322395406,0.1426146010186757,0.1622231337161608,High
Christian Wood,2022-23,0.259,0.6290918620445285,0.784503631961259,0.2404181184668989,0.07542372881355931,High
LaMelo Ball,2022-23,0.289,0.4524313629845801,0.38063740228502707,0.2982017982017982,0.2167769092002405,High
RJ Barrett,2022-23,0.256,0.4570683500081051,0.4816878980891719,0.1707014276846679,0.18140923566878983,High
Pascal Siakam,2022-23,0.27,0.41527570863546476,0.38617886178861793,0.1843243243243243,0.21483739837398372,Moderate
Paul George,2022-23,0.294,0.3880414513023209,0.38741258741258744,0.10479375696767,0.2144055944055944,Moderate
Jordan Poole,2022-23,0.282,0.4653817795250321,0.4425,0.2490372272143774,0.195125,High
Kevin Durant,2022-23,0.305,0.37764349733028213,0.4027459954233409,0.0537280701754385,0.20903890160183067,Moderate
Kyrie Irving,2022-23,0.286,0.365769001406994,0.3221183800623052,0.1321036889332004,0.23725856697819317,Moderate
Bojan Bogdanovic,2022-23,0.251,0.45363878057828044,0.47746883988494726,0.1667792032410533,0.18288590604026844,High
CJ McCollum,2022-23,0.26,0.39958125919957493,0.346262341325811,0.1950810508664058,0.22880818053596613,Moderate
Jordan Clarkson,2022-23,0.273,0.3937521298908442,0.3595255744996293,0.1599526066350711,0.22416604892512973,Moderate
Desmond Bane,2022-23,0.252,0.46123567241228447,0.4542829643888354,0.2207792207792207,0.1910009624639076,High
Giannis Antetokounmpo,2022-23,0.373,0.37233653631007135,0.33741888968997835,0.1295566502463054,0.23190338860850757,Moderate
Kawhi Leonard,2022-23,0.267,0.3688147708136289,0.3554868624420402,0.0943283582089552,0.22557959814528591,Moderate
Damian Lillard,2022-23,0.331,0.3456769004654201,0.27734138972809663,0.137065637065637,0.25293051359516616,Low
Terry Rozier,2022-23,0.262,0.3552518251267981,0.305980528511822,0.1245323356493853,0.24290681502086228,Low
Donovan Mitchell,2022-23,0.31,0.3333635957783355,0.2654921020656137,0.1183891314895681,0.2570777642770352,Low
Jalen Green,2022-23,0.274,0.36274721468293886,0.29378531073446323,0.1629339305711086,0.24717514124293785,Moderate
Brandon Ingram,2022-23,0.306,0.3478691428705507,0.32173913043478264,0.0814894765245547,0.23739130434782607,Low
Zach LaVine,2022-23,0.278,0.3645703025680142,0.30282227307398935,0.1555555555555555,0.2440122044241037,Moderate
Norman Powell,2022-23,0.251,0.4401761930905468,0.45246277205040086,0.1631445477599323,0.1916380297823597,Moderate
Bradley Beal,2022-23,0.288,0.3556841505131129,0.2923076923076924,0.1448118586088939,0.24769230769230766,Low
Russell Westbrook,2022-23,0.266,0.4028071768932638,0.32194705380017086,0.2381656804733728,0.23731853116994017,Moderate
Khris Middleton,2022-23,0.259,0.3864987218171151,0.3783505154639175,0.1130081300813008,0.21757731958762885,Moderate
Jamal Murray,2022-23,0.256,0.3839174123948631,0.2996715927750411,0.2152214597629445,0.2451149425287356,Moderate
Paolo Banchero,2022-23,0.272,0.3745742192961273,0.3267326732673267,0.1508344030808729,0.23564356435643563,Moderate
Anthony Edwards,2022-23,0.292,0.3204402535542331,0.24240331491712708,0.113624678663239,0.2651588397790055,Low
Devin Booker,2022-23,0.311,0.3130432752800229,0.24817518248175185,0.0844510680576254,0.26313868613138686,Low
Zion Williamson,2022-23,0.288,0.33695621783702745,0.3056849953401678,0.0726708074534161,0.24301025163094125,Low
Jaden Ivey,2022-23,0.251,0.3983672401402575,0.29443938012762083,0.2637944066515495,0.2469462169553327,Moderate
Cade Cunningham,2022-23,0.287,0.3398345718942116,0.2067840834964123,0.2186495176848874,0.27762557077625566,Low
Bones Hyland,2022-23,0.271,0.45649931783910574,0.3853658536585365,0.3032384690873405,0.21512195121951222,High
DeMar DeRozan,2022-23,0.272,0.30113636363636365,0.23257575757575755,0.0721590909090909,0.26859848484848486,Low
Darius Garland,2022-23,0.262,0.3544746151076492,0.2336160370084811,0.2231051344743276,0.2682343870470316,Low
Ja Morant,2022-23,0.338,0.30913762807070755,0.16947185142193844,0.1829145728643215,0.2906848520023215,Low
De'Aaron Fox,2022-23,0.288,0.3091366506965889,0.1909150757077025,0.1530444322545255,0.2831797235023041,Low
John Wall,2022-23,0.259,0.40888331013173973,0.31418918918918914,0.2663316582914573,0.2400337837837838,Moderate
Duane Washington Jr.,2022-23,0.298,0.4238657863618447,0.35968992248062015,0.2457627118644067,0.22410852713178292,Moderate
Kenneth Lofton Jr.,2022-23,0.267,,0.8127340823970037,,0.06554307116104867,
Jalen Brunson,2022-23,0.266,0.26836304488503915,0.13829093281148086,0.1098463289698349,0.30159817351598167,Low
Lindell Wigginton,2022-23,0.251,0.44002620725210523,0.43356643356643365,0.1890359168241966,0.1982517482517482,Moderate
Luka Dončić,2022-23,0.368,0.23749266562355534,0.10086767895878523,0.0737704918032786,0.31469631236442513,Low
Shai Gilgeous-Alexander,2022-23,0.318,0.2583696147218119,0.09944444444444445,0.1354012801575578,0.31519444444444444,Low
Trae Young,2022-23,0.313,0.29716389810729005,0.10353378797272172,0.2405462184873949,0.31376317420954736,Low
Cam Thomas,2022-23,0.268,,0.1737012987012987,,0.28920454545454544,
Donovan Williams,2022-23,0.385,0.47625,0.5,0.2,0.175,High
Stanley Umude,2022-23,0.5,1.0,1.0,1.0,0.0,High
Ryan Rollins,2022-23,0.26,0.6195754716981132,0.578616352201258,0.4999999999999999,0.14748427672955972,High
Lester Quinones,2022-23,0.283,0.61625,0.5,0.6,0.175,High
Anthony Davis,2023-24,0.261,0.5875755434019578,0.7978723404255319,0.1031793641271745,0.07074468085106383,High
Victor Wembanyama,2023-24,0.312,0.6086961946350593,0.783406113537118,0.1836734693877551,0.0758078602620087,High
Nikola Jokić,2023-24,0.288,0.5454250612666358,0.7140536149471974,0.0994969256567915,0.10008123476848091,High
Joel Embiid,2023-24,0.387,0.5278056689720301,0.6651126651126651,0.1173235563703024,0.1172105672105672,High
Alperen Sengun,2023-24,0.27,0.553354872619342,0.6854043392504932,0.1620578778135048,0.1101084812623274,High
Karl-Anthony Towns,2023-24,0.268,0.5947358711791975,0.7523148148148149,0.1870925684485006,0.08668981481481478,High
Stephen Curry,2023-24,0.302,0.4289353592490579,0.40136476426799006,0.2022001047668936,0.20952233250620347,Moderate
Kevin Durant,2023-24,0.283,0.4136868983957219,0.46472727272727277,0.0703781512605042,0.1873454545454545,Moderate
Kyle Kuzma,2023-24,0.295,0.4485076871657754,0.478030303030303,0.1513368983957219,0.18268939393939393,High
Paul George,2023-24,0.264,0.4357448560356836,0.47162576687116564,0.1237922705314009,0.18493098159509203,Moderate
RJ Barrett,2023-24,0.257,0.49068937368607574,0.52885443583118,0.2010652463382157,0.16490094745908698,High
Jerami Grant,2023-24,0.255,0.45952817962312553,0.5299219427580226,0.110546378653113,0.16452732003469206,High
Jaren Jackson Jr.,2023-24,0.302,0.47375310239682317,0.451638065522621,0.2602272727272727,0.19192667706708263,High
LaMelo Ball,2023-24,0.315,0.4268383370226895,0.3351318944844125,0.2884615384615384,0.2327038369304556,Moderate
Julius Randle,2023-24,0.287,0.42001497424271095,0.4387917329093799,0.1245828698553949,0.19642289348171701,Moderate
LeBron James,2023-24,0.285,0.40330912143321107,0.39739884393063585,0.1345062429057889,0.21091040462427743,Moderate
Tyler Herro,2023-24,0.268,0.43680016410319505,0.4130262112787927,0.2084282460136674,0.20544082605242256,Moderate
Jaylen Brown,2023-24,0.283,0.37456112494583005,0.3623595505617978,0.1011738401341531,0.22317415730337076,Moderate
Kawhi Leonard,2023-24,0.261,,0.4120065789473685,,0.20579769736842102,
Kyrie Irving,2023-24,0.274,0.36889631876939166,0.3039027511196417,0.166410650281618,0.2436340371081254,Moderate
Giannis Antetokounmpo,2023-24,0.32,0.39461760518346023,0.3823767178658044,0.1305970149253731,0.21616814874696844,Moderate
Dejounte Murray,2023-24,0.259,0.3309644930898372,0.2898089171974523,0.077664702731655,0.2485668789808917,Low
Jordan Poole,2023-24,0.256,0.4503217177559283,0.3778529163144547,0.2960526315789474,0.21775147928994085,High
Desmond Bane,2023-24,0.273,0.4067006826179914,0.3473005640612409,0.21397616468039,0.22844480257856567,Moderate
Anfernee Simons,2023-24,0.276,0.34019400953029266,0.2654867256637168,0.1379120879120878,0.2570796460176991,Low
Cam Whitmore,2023-24,0.255,0.5139596891694997,0.5779310344827586,0.1991951710261569,0.14772413793103448,High
Jordan Clarkson,2023-24,0.255,0.39093288263172565,0.34705882352941175,0.1692620176032498,0.22852941176470587,Moderate
Jayson Tatum,2023-24,0.296,0.3322731517253249,0.28751753155680226,0.0845953002610966,0.2493688639551192,Low
Jalen Green,2023-24,0.27,0.3821282375600081,0.3085271317829458,0.1977750309023486,0.24201550387596896,Moderate
De'Aaron Fox,2023-24,0.3,0.33301729214897846,0.2332155477031802,0.1623563218390804,0.2683745583038869,Low
Donovan Mitchell,2023-24,0.301,0.33509159390515325,0.24670433145009418,0.1494949494949495,0.263653483992467,Low
Tyrese Maxey,2023-24,0.273,0.3623090217793682,0.244375,0.2305034550839092,0.26446875,Moderate
Cade Cunningham,2023-24,0.298,0.35507227848101264,0.24683544303797467,0.2064,0.2636075949367088,Low
Brandon Ingram,2023-24,0.269,0.35345104547982775,0.31872852233676985,0.1016311166875784,0.23844501718213054,Low
DeMar DeRozan,2023-24,0.252,0.3341615246996969,0.2739420935412026,0.1088992974238875,0.25412026726057907,Low
Terry Rozier,2023-24,0.253,0.35036572121682363,0.2725137039937353,0.1571865443425076,0.2546202036021926,Low
Paolo Banchero,2023-24,0.292,0.3391123127115335,0.26432391138273503,0.1364411597498578,0.25748663101604274,Low
Collin Sexton,2023-24,0.267,0.37071559817182387,0.3326848249027238,0.1315192743764172,0.23356031128404667,Moderate
Jamal Murray,2023-24,0.273,0.352297480331231,0.24643125469571747,0.1990349819059107,0.26374906085649885,Low
Anthony Edwards,2023-24,0.314,0.31364278470008694,0.2142857142857143,0.133367139959432,0.27499999999999997,Low
Devin Booker,2023-24,0.289,0.31533973838661333,0.23011363636363635,0.1161695447409733,0.2694602272727273,Low
Ja Morant,2023-24,0.296,0.3395487954293715,0.1985203452527743,0.229343220338983,0.280517879161529,Low
Cam Thomas,2023-24,0.296,0.3184566121159482,0.241248097412481,0.1095661846496107,0.2655631659056316,Low
Damian Lillard,2023-24,0.274,0.33414394771859124,0.21688400823610154,0.1883228391528334,0.27409059711736444,Low
Luka Dončić,2023-24,0.355,0.26592191707370116,0.14422110552763823,0.0946117946542214,0.2995226130653266,Low
Jalen Brunson,2023-24,0.311,0.2815284117571776,0.1575757575757576,0.1206006569685593,0.2948484848484848,Low
Scoot Henderson,2023-24,0.26,0.37789580912661774,0.25997952917093137,0.2533022533022533,0.259007164790174,Moderate
Zion Williamson,2023-24,0.285,0.28620667055531157,0.2277413308341143,0.0362364907819453,0.27029053420806,Low
Trae Young,2023-24,0.289,0.3719980471501755,0.16341627437794215,0.370950323974082,0.2928043039677202,Moderate
Luka Garza,2023-24,0.278,,0.8852459016393444,,0.06885245901639342,
Shai Gilgeous-Alexander,2023-24,0.317,0.28196836789843716,0.10313901345291476,0.1976802824004034,0.31390134529147984,Low
Dexter Dennis,2023-24,0.278,0.47235294117647064,0.4666666666666667,0.2352941176470588,0.18666666666666665,High
Isaiah Wong,2023-24,0.375,0.44166666666666665,0.33333333333333337,0.3333333333333333,0.2333333333333333,Moderate
Lindell Wigginton,2023-24,0.412,0.35808383233532937,0.4011976047904191,0.0,0.2095808383233533,Moderate
Kevon Harris,2023-24,0.286,0.44166666666666665,0.33333333333333337,0.3333333333333333,0.2333333333333333,Moderate
Joshua Primo,2023-24,0.259,0.65,1.0,0.0,0.0,High
Nikola Jokić,2024-25,0.285,0.5867460324393741,0.7717930545712262,0.1371340523882896,0.07987243090007086,High
Victor Wembanyama,2024-25,0.3,0.6287289764677526,0.8264268960125098,0.1809881847475832,0.060750586395621566,High
Kristaps Porziņģis,2024-25,0.253,0.7190410313701505,0.9491353001017294,0.277190332326284,0.030518819938962362,High
Anthony Davis,2024-25,0.301,0.5637328011889353,0.7220863895680523,0.1406162464985994,0.09726976365118171,High
Brandon Miller,2024-25,0.27,0.5098139714737491,0.5619777158774374,0.2095709570957095,0.1533077994428969,High
Karl-Anthony Towns,2024-25,0.265,0.5835261212791634,0.7632575757575758,0.1398230088495575,0.08285984848484847,High
Joel Embiid,2024-25,0.342,0.5686202663964978,0.7144194756554307,0.1652593486127865,0.09995318352059922,High
Kevin Durant,2024-25,0.283,0.4277492974307229,0.48668106551475876,0.0799779371207942,0.17966162706983443,Moderate
RJ Barrett,2024-25,0.281,0.46390412454420404,0.48487084870848707,0.1857988165680473,0.18029520295202953,High
Alperen Sengun,2024-25,0.259,0.492272998107777,0.5923862581244197,0.1170991350632069,0.1426648096564531,High
Stephen Curry,2024-25,0.286,0.43781075369066486,0.4339493497604381,0.1821727019498607,0.19811772758384666,Moderate
Miles Bridges,2024-25,0.273,0.45737824405947164,0.46854838709677415,0.1898883009994121,0.18600806451612903,High
Jaren Jackson Jr.,2024-25,0.274,0.47481844500368975,0.44453064391000774,0.273170731707317,0.19441427463149727,High
LeBron James,2024-25,0.291,0.39917279207826856,0.3865371269951423,0.1378169790518191,0.21471200555170017,Moderate
Scottie Barnes,2024-25,0.262,0.43196837824312184,0.4433497536945813,0.1523867809057527,0.19482758620689652,Moderate
Brandon Ingram,2024-25,0.305,0.38169794050343253,0.406559877955759,0.06,0.20770404271548434,Moderate
Franz Wagner,2024-25,0.306,0.3756859800427063,0.34083601286173637,0.1343669250645995,0.23070739549839225,Moderate
LaMelo Ball,2024-25,0.342,0.3996170395869191,0.3017785427423981,0.2571428571428571,0.24437751004016064,Moderate
Tyler Herro,2024-25,0.271,0.40604082182457535,0.3756345177664975,0.1726256983240223,0.21852791878172587,Moderate
Moritz Wagner,2024-25,0.254,0.646843402784558,0.826580226904376,0.2325301204819276,0.0606969205834684,High
Jalen Suggs,2024-25,0.268,0.47984271197059,0.43447669305189096,0.3015294974508375,0.19793315743183815,High
Kawhi Leonard,2024-25,0.28,0.37759348667874565,0.35003579098067283,0.1270029673590504,0.22748747315676449,Moderate
Devin Booker,2024-25,0.285,0.38628937764914106,0.36954858454475903,0.1246698362387744,0.2206579954093343,Moderate
Jonathan Kuminga,2024-25,0.271,0.47451817439889515,0.5133404482390609,0.1764705882352941,0.17033084311632868,High
Norman Powell,2024-25,0.255,0.4186606051497846,0.4238052299368801,0.1415873015873016,0.20166816952209196,Moderate
Tristan Vukcevic,2024-25,0.252,0.7016058695104777,0.8967495219885278,0.3096960926193922,0.06195028680688332,High
Jordan Poole,2024-25,0.281,0.44638859500719025,0.38169826875515245,0.2794591113972955,0.21640560593569663,Moderate
CJ McCollum,2024-25,0.266,0.3821132075471698,0.3479245283018868,0.1428571428571428,0.2282264150943396,Moderate
Kyrie Irving,2024-25,0.264,0.35608401965033953,0.29908972691807534,0.1365079365079365,0.2453185955786736,Low
Jalen Williams,2024-25,0.27,0.39662325869565596,0.3215573179524154,0.2210401891252955,0.2374549387166546,Moderate
Jaylen Brown,2024-25,0.282,0.36514864326030294,0.3227206946454414,0.1294922989161437,0.2370477568740955,Moderate
De'Aaron Fox,2024-25,0.274,0.3680877051866417,0.2927478376580174,0.179637526652452,0.2475382568196939,Moderate
Zach LaVine,2024-25,0.251,0.3935790534208958,0.3359746434231379,0.1922611850060459,0.23240887480190173,Moderate
Giannis Antetokounmpo,2024-25,0.346,0.3449694158854022,0.3199393479909022,0.0757113821138211,0.23802122820318422,Low
Jayson Tatum,2024-25,0.301,0.3323321725444367,0.28167115902964956,0.0929070929070929,0.2514150943396226,Low
Jalen Green,2024-25,0.267,0.35866359204136466,0.276510067114094,0.1753283837806967,0.2532214765100671,Moderate
Donovan Mitchell,2024-25,0.298,0.3367911233752887,0.2443631931748933,0.1576116191500807,0.2644728823887873,Low
James Wiseman,2024-25,0.455,0.825,1.0,0.5,0.0,High
Stephon Castle,2024-25,0.253,0.46837753119468073,0.4189473684210526,0.2904019688269073,0.20336842105263156,High
Damian Lillard,2024-25,0.269,,0.26412525527569775,,0.2575561606535058,
Jordan Clarkson,2024-25,0.269,0.3948849677009425,0.38329979879275655,0.1300751879699248,0.2158450704225352,Moderate
Anthony Edwards,2024-25,0.307,0.3185033606685632,0.22503082614056713,0.1322880940715335,0.2712392108508015,Low
Jaden Ivey,2024-25,0.256,0.43221323776237586,0.3655589123867069,0.261437908496732,0.22205438066465258,Moderate
Tyrese Maxey,2024-25,0.293,0.3555037342132386,0.2168458781362007,0.2494039103481164,0.27410394265232974,Low
Paolo Banchero,2024-25,0.33,0.3260980998464593,0.2424445936870382,0.1297324583543664,0.2651443922095366,Low
Ja Morant,2024-25,0.312,0.3616403501758874,0.24056603773584906,0.2338983050847457,0.2658018867924528,Moderate
Luka Dončić,2024-25,0.328,0.30880611523506535,0.2125603864734299,0.1219512195121951,0.27560386473429954,Low
Darius Garland,2024-25,0.265,0.39687768251243166,0.27662957074721783,0.2843450479233227,0.2531796502384737,Moderate
Dejounte Murray,2024-25,0.263,0.316363121896461,0.2501845018450185,0.0911376492771841,0.2624354243542435,Low
Cam Thomas,2024-25,0.328,0.3179116844975876,0.2507936507936508,0.0947136563876652,0.2622222222222222,Low
Collin Sexton,2024-25,0.264,0.3609094887355915,0.2902033271719039,0.1626724763979666,0.24842883548983363,Moderate
Cade Cunningham,2024-25,0.323,0.29884917836949343,0.17757009345794394,0.1422393080249879,0.2878504672897196,Low
Zion Williamson,2024-25,0.325,0.2981391349718677,0.25151777970511713,0.0372120496160661,0.261968777103209,Low
Jalen Brunson,2024-25,0.289,0.27921099196423826,0.1481028151774787,0.1271739130434782,0.29816401468788245,Low
Shai Gilgeous-Alexander,2024-25,0.336,0.2631191543184899,0.10326933056564602,0.1436438733363928,0.31385573430202385,Low
Trae Young,2024-25,0.285,0.32720565309658156,0.13686382393397523,0.2799558255107675,0.30209766162310864,Low
James Harden,2024-25,0.286,0.25901398302823286,0.1349380014587892,0.0878048780487804,0.3027716994894238,Low
Damion Lee,2024-25,0.269,0.6119527027027027,0.6599999999999999,0.3648648648648649,0.119,High
Bones Hyland,2024-25,0.274,0.4401516768292683,0.3025,0.3719512195121951,0.24412499999999998,Moderate
Alondes Williams,2024-25,0.286,0.40625,0.5,0.0,0.175,Moderate
Cui Cui,2024-25,0.296,0.6025,0.8,0.1428571428571428,0.06999999999999999,High
