PLAYER_NAME,SEASON,HELIO_LOAD_INDEX,OFFENSIVE_LOAD,EFFICIENCY_DELTA,USG_PCT,AST_PCT,OFF_RATING
Nikola Jokić,2024-25,7.189573902439027,0.5834999999999999,12.321463414634152,0.285,0.398,125.6
Stephen Curry,2015-16,6.868825000000006,0.55025,12.483098591549307,0.314,0.315,117.5
Russell Westbrook,2015-16,6.47641126760564,0.662,9.783098591549305,0.311,0.468,114.8
James Harden,2017-18,6.197113668224303,0.68975,8.984579439252343,0.353,0.449,116.2
Chris Paul,2016-17,5.503821596244126,0.5720000000000001,9.622065727699521,0.239,0.444,117.3
LeBron James,2016-17,5.259864319248824,0.583,9.022065727699527,0.292,0.388,116.7
Shai Gilgeous-Alexander,2024-25,5.1102998780487905,0.56025,9.121463414634164,0.336,0.299,122.4
Darius Garland,2024-25,4.9284869512195195,0.49675,9.921463414634161,0.265,0.309,123.2
Luka Dončić,2019-20,4.926274338624348,0.6955,7.083068783068796,0.355,0.454,116.7
Draymond Green,2015-16,4.694378873239442,0.39175000000000004,11.983098591549307,0.184,0.277,117.0
Tyrese Haliburton,2023-24,4.648600000000009,0.5720000000000001,8.126923076923092,0.239,0.444,122.4
Kyrie Irving,2016-17,4.542610093896712,0.5035000000000001,9.022065727699527,0.295,0.278,116.7
Kevin Durant,2016-17,4.484937558685443,0.4345,10.322065727699524,0.271,0.218,118.0
Kawhi Leonard,2020-21,4.472767039106149,0.46049999999999996,9.712849162011182,0.282,0.238,121.4
Damian Lillard,2020-21,4.403500558659216,0.5565,7.91284916201117,0.306,0.334,119.6
Trae Young,2021-22,4.222450240384617,0.6645000000000001,6.3543269230769255,0.333,0.442,117.2
Isaiah Thomas,2016-17,4.161923356807505,0.5607500000000001,7.422065727699518,0.332,0.305,115.1
Blake Griffin,2016-17,4.080229225352111,0.45225000000000004,9.022065727699527,0.276,0.235,116.7
Jalen Brunson,2023-24,3.7907586538461606,0.54725,6.926923076923089,0.311,0.315,121.2
Klay Thompson,2015-16,3.629914084507046,0.3305,10.983098591549307,0.26,0.094,116.0
Donovan Mitchell,2021-22,3.5274472355769197,0.52225,6.754326923076917,0.322,0.267,117.6
Jamal Murray,2024-25,3.50820865853659,0.40225,8.721463414634158,0.235,0.223,122.0
Jaylen Brown,2024-25,3.402336585365856,0.43499999999999994,7.821463414634152,0.282,0.204,121.1
John Wall,2016-17,3.3874948356807475,0.6365000000000001,5.322065727699524,0.299,0.45,113.0
Giannis Antetokounmpo,2024-25,3.3742834146341565,0.60025,5.621463414634164,0.346,0.339,118.9
Jayson Tatum,2023-24,3.373679807692313,0.45425,7.426923076923089,0.296,0.211,121.7
Jrue Holiday,2021-22,3.3370258413461547,0.45375,7.3543269230769255,0.231,0.297,118.2
DeMar DeRozan,2017-18,3.281006191588788,0.46975,6.984579439252343,0.286,0.245,114.2
Devin Booker,2020-21,3.242126256983239,0.46900000000000003,6.91284916201117,0.319,0.2,118.6
Paul George,2020-21,3.1427565642458095,0.47524999999999995,6.612849162011173,0.296,0.239,118.3
De'Aaron Fox,2022-23,2.9837541469194346,0.49875,5.982464454976309,0.288,0.281,119.9
Jimmy Butler III,2017-18,2.9788626168224326,0.398,7.484579439252343,0.245,0.204,114.7
Kyle Lowry,2018-19,2.9785760714285767,0.43775000000000003,6.804285714285726,0.191,0.329,116.2
Eric Gordon,2017-18,2.9643230140186945,0.32275,9.184579439252346,0.238,0.113,116.4
Domantas Sabonis,2022-23,2.9554588862559252,0.43574999999999997,6.7824644549763065,0.213,0.297,120.7
Joel Embiid,2020-21,2.86692625698324,0.469,6.112849162011173,0.352,0.156,117.8
Jusuf Nurkić,2018-19,2.7907728571428603,0.367,7.604285714285723,0.241,0.168,117.0
Payton Pritchard,2023-24,2.762723076923079,0.324,8.526923076923083,0.168,0.208,122.8
Derrick White,2023-24,2.7611221153846204,0.33975,8.126923076923092,0.183,0.209,122.4
Aaron Gordon,2022-23,2.7497161137440758,0.30274999999999996,9.082464454976304,0.206,0.129,123.0
Ja Morant,2021-22,2.5723737980769212,0.5775,4.45432692307692,0.33,0.33,115.3
Kevin Love,2016-17,2.524571713615021,0.32275,7.822065727699524,0.253,0.093,115.5
Eric Bledsoe,2018-19,2.4798000000000027,0.42000000000000004,5.90428571428572,0.225,0.26,115.3
Kemba Walker,2019-20,2.4677164021164084,0.44200000000000006,5.583068783068796,0.268,0.232,115.2
Karl-Anthony Towns,2017-18,2.4556910046728975,0.30375,8.084579439252337,0.225,0.105,115.3
Evan Mobley,2024-25,2.439049268292687,0.33775,7.221463414634158,0.226,0.149,120.5
Gary Harris,2016-17,2.3560728873239403,0.27975,8.422065727699518,0.183,0.129,116.1
Caris LeVert,2024-25,2.3433648780487846,0.3245,7.221463414634158,0.191,0.178,120.5
Jeff Teague,2017-18,2.3282039719626195,0.4245,5.484579439252343,0.201,0.298,112.7
Danilo Gallinari,2019-20,2.303270502645508,0.31625000000000003,7.283068783068799,0.242,0.099,116.9
Michael Porter Jr.,2022-23,2.2227109004739325,0.256,8.682464454976298,0.22,0.048,122.6
Josh Giddey,2023-24,2.1946923076923093,0.41200000000000003,5.32692307692308,0.223,0.252,119.6
Lou Williams,2017-18,2.1799675233644864,0.4755,4.584579439252337,0.285,0.254,111.8
Bradley Beal,2016-17,2.174541549295772,0.3735,5.822065727699524,0.258,0.154,113.5
JJ Redick,2016-17,2.164530516431922,0.26649999999999996,8.122065727699521,0.211,0.074,115.8
Christian Braun,2024-25,2.1386721951219547,0.227,9.421463414634161,0.155,0.096,122.7
Kristaps Porziņģis,2019-20,2.1329296296296314,0.329,6.483068783068788,0.263,0.088,116.1
Kevin Huerter,2022-23,2.122968720379147,0.29975,7.082464454976304,0.197,0.137,121.0
CJ McCollum,2018-19,2.087990357142862,0.34775,6.004285714285729,0.248,0.133,115.4
Khris Middleton,2020-21,2.081585614525142,0.41525,5.012849162011179,0.245,0.227,116.7
Aaron Wiggins,2024-25,2.0520346341463456,0.2765,7.421463414634161,0.2,0.102,120.7
Mike Conley,2020-21,2.0364231843575444,0.45125000000000004,4.512849162011179,0.224,0.303,116.2
Patrick Beverley,2016-17,1.9521342723004687,0.278,7.022065727699527,0.14,0.184,114.7
Will Barton,2020-21,1.9349787709497233,0.28825,6.712849162011182,0.187,0.135,118.4
Jarrett Allen,2024-25,1.9333631707317114,0.22425,8.621463414634164,0.156,0.091,121.9
Bogdan Bogdanović,2021-22,1.8759105769230746,0.32599999999999996,5.754326923076917,0.212,0.152,116.6
Tyrese Maxey,2023-24,1.875539423076926,0.46575,4.026923076923083,0.273,0.257,118.3
Serge Ibaka,2015-16,1.852690140845073,0.20174999999999998,9.18309859154931,0.174,0.037,114.2
Andre Iguodala,2015-16,1.8497059859154965,0.24075000000000002,7.68309859154931,0.117,0.165,112.7
Fred VanVleet,2017-18,1.800679322429909,0.36125,4.984579439252343,0.188,0.231,112.2
Clint Capela,2016-17,1.7946833333333332,0.2485,7.22206572769953,0.199,0.066,114.9
Myles Turner,2023-24,1.788937500000001,0.28275,6.32692307692308,0.234,0.065,120.6
Julius Randle,2022-23,1.7817298578199028,0.426,4.182464454976298,0.288,0.184,118.1
Max Strus,2024-25,1.7786965853658552,0.26075,6.821463414634152,0.143,0.157,120.1
Jordan Clarkson,2021-22,1.7766836538461548,0.366,4.8543269230769255,0.258,0.144,115.7
D'Angelo Russell,2021-22,1.7760028846153844,0.486,3.6543269230769226,0.246,0.32,114.5
Enes Freedom,2020-21,1.7688364525139677,0.22075,8.012849162011179,0.169,0.069,119.7
Monté Morris,2021-22,1.7658383413461527,0.32375,5.45432692307692,0.173,0.201,116.3
Matthew Dellavedova,2015-16,1.7627711267605675,0.35375,4.983098591549307,0.155,0.265,110.0
Tim Hardaway Jr.,2019-20,1.7617269841269871,0.276,6.3830687830687936,0.204,0.096,116.0
Anthony Davis,2018-19,1.7545821428571466,0.4275,4.104285714285723,0.288,0.186,113.5
Ryan Anderson,2016-17,1.74718896713615,0.2125,8.22206572769953,0.178,0.046,115.9
Deandre Ayton,2021-22,1.7172568509615391,0.27025,6.3543269230769255,0.217,0.071,117.2
JR Smith,2015-16,1.7131690140845104,0.2385,7.18309859154931,0.177,0.082,112.2
Joe Ingles,2020-21,1.7068751396648065,0.3405,5.012849162011179,0.162,0.238,116.7
Jameer Nelson,2016-17,1.685311971830984,0.34950000000000003,4.822065727699524,0.156,0.258,112.5
Pascal Siakam,2018-19,1.6793817857142874,0.31074999999999997,5.40428571428572,0.205,0.141,114.8
Reggie Jackson,2020-21,1.6730384078212308,0.33375,5.012849162011179,0.195,0.185,116.7
LaMelo Ball,2021-22,1.6615417067307692,0.52675,3.1543269230769226,0.271,0.341,114.0
Al Horford,2016-17,1.659380164319244,0.37525,4.422065727699518,0.196,0.239,112.1
Steven Adams,2021-22,1.6290510817307684,0.23424999999999999,6.95432692307692,0.118,0.155,117.8
Danny Green,2018-19,1.6089553571428594,0.19375,8.304285714285726,0.139,0.073,117.7
Bojan Bogdanovic,2021-22,1.5875579326923084,0.2965,5.3543269230769255,0.232,0.086,116.2
Jonas Valančiūnas,2017-18,1.5817342289719651,0.27825,5.684579439252346,0.222,0.075,112.9
Mason Plumlee,2016-17,1.5762915492957705,0.32025,4.922065727699518,0.18,0.187,112.6
Isaiah Joe,2024-25,1.575908292682931,0.23800000000000002,6.621463414634164,0.166,0.096,119.9
Kentavious Caldwell-Pope,2023-24,1.5725596153846182,0.1935,8.126923076923092,0.126,0.09,122.4
Austin Reaves,2024-25,1.5696660975609782,0.41075,3.8214634146341524,0.23,0.241,117.1
Malik Monk,2024-25,1.5648753658536634,0.4205,3.721463414634158,0.236,0.246,117.0
Andrew Bogut,2015-16,1.5624683098591576,0.22375,6.983098591549307,0.115,0.145,112.0
Jae Crowder,2016-17,1.5525343896713586,0.24175000000000002,6.422065727699518,0.169,0.097,114.1
Marcus Smart,2022-23,1.5391469194312777,0.368,4.182464454976298,0.176,0.256,118.1
Mikal Bridges,2024-25,1.524915731707322,0.29774999999999996,5.121463414634164,0.192,0.141,118.4
Andrew Wiggins,2017-18,1.5219588785046743,0.28800000000000003,5.28457943925234,0.228,0.08,112.5
Jalen Williams,2024-25,1.5216958536585432,0.44475000000000003,3.421463414634161,0.27,0.233,116.7
Brandon Ingram,2020-21,1.5101857541899428,0.4425,3.4128491620111703,0.279,0.218,115.1
Isaiah Hartenstein,2024-25,1.4989068292682952,0.2985,5.021463414634155,0.165,0.178,118.3
Harrison Barnes,2015-16,1.4926373239436643,0.21375,6.983098591549307,0.156,0.077,112.0
Donte DiVincenzo,2020-21,1.4916146648044695,0.26575000000000004,5.612849162011173,0.163,0.137,117.3
Trevor Ariza,2016-17,1.4877455399061033,0.20600000000000002,7.22206572769953,0.14,0.088,114.9
Anthony Edwards,2021-22,1.4707575721153823,0.39175,3.754326923076917,0.262,0.173,114.6
LaMarcus Aldridge,2015-16,1.46086267605634,0.31875,4.583098591549302,0.258,0.081,109.6
Gordon Hayward,2019-20,1.4201518518518546,0.3395,4.183068783068791,0.206,0.178,113.8
Josh Hart,2024-25,1.411857073170737,0.3055,4.621463414634164,0.151,0.206,117.9
Dion Waiters,2015-16,1.372145422535214,0.25025,5.483098591549307,0.173,0.103,110.5
Obi Toppin,2023-24,1.352820192307695,0.22825,5.926923076923089,0.16,0.091,120.2
Sam Hauser,2023-24,1.3526826923076936,0.1925,7.026923076923083,0.146,0.062,121.3
DeAndre Jordan,2016-17,1.351747652582159,0.1925,7.022065727699527,0.152,0.054,114.7
Marcus Morris Sr.,2020-21,1.348232402234639,0.23600000000000002,5.712849162011182,0.194,0.056,117.4
Ricky Rubio,2019-20,1.340743386243394,0.48175,2.7830687830687992,0.199,0.377,112.4
Georges Niang,2024-25,1.3133495121951255,0.24225,5.421463414634161,0.177,0.087,118.7
Patty Mills,2016-17,1.3075657276995272,0.361,3.622065727699521,0.184,0.236,111.3
Collin Sexton,2023-24,1.306877884615389,0.47925,2.726923076923086,0.267,0.283,117.0
Luguentz Dort,2024-25,1.3050081707317107,0.18325000000000002,7.121463414634164,0.133,0.067,120.4
Malcolm Brogdon,2018-19,1.2803703571428617,0.31975,4.004285714285729,0.202,0.157,113.4
Desmond Bane,2021-22,1.2642192307692317,0.328,3.8543269230769255,0.226,0.136,114.7
Davis Bertans,2018-19,1.2440325000000012,0.19425,6.40428571428572,0.135,0.079,115.8
Joe Harris,2020-21,1.243972905027935,0.21775,5.712849162011182,0.157,0.081,117.4
Paul Millsap,2018-19,1.2385528571428595,0.269,4.604285714285723,0.191,0.104,114.0
Miles Bridges,2021-22,1.2379032451923075,0.33875,3.6543269230769226,0.224,0.153,114.5
Hassan Whiteside,2019-20,1.2206126984127004,0.23550000000000001,5.183068783068791,0.192,0.058,114.8
Al-Farouq Aminu,2018-19,1.2203325000000012,0.17675000000000002,6.90428571428572,0.134,0.057,116.3
Jakob Poeltl,2021-22,1.2203001201923083,0.28025,4.3543269230769255,0.182,0.131,115.2
Victor Oladipo,2017-18,1.2127587616822473,0.45175,2.684579439252346,0.295,0.209,109.9
Greg Monroe,2016-17,1.2017572769953029,0.36175,3.322065727699524,0.238,0.165,111.0
Tony Parker,2015-16,1.2009070422535248,0.4315,2.7830985915493045,0.211,0.294,107.8
Luke Kennard,2024-25,1.1851613414634163,0.27425,4.321463414634152,0.14,0.179,117.6
Dorian Finney-Smith,2019-20,1.184780820105821,0.18275,6.483068783068788,0.128,0.073,116.1
Carmelo Anthony,2017-18,1.1783557242990648,0.26875,4.3845794392523345,0.223,0.061,111.6
Dejounte Murray,2023-24,1.173755769230772,0.4645,2.526923076923083,0.259,0.274,116.8
Bam Adebayo,2019-20,1.1648883597883615,0.39049999999999996,2.983068783068788,0.212,0.238,112.6
Seth Curry,2019-20,1.1560343915343942,0.26375,4.3830687830687936,0.176,0.117,114.0
Chet Holmgren,2023-24,1.154515384615388,0.294,3.9269230769230887,0.21,0.112,118.2
OG Anunoby,2024-25,1.1407375609756136,0.258,4.421463414634161,0.195,0.084,117.7
Brook Lopez,2018-19,1.1352589285714316,0.20625000000000002,5.504285714285729,0.165,0.055,114.9
John Collins,2020-21,1.1332011173184364,0.26275,4.312849162011176,0.214,0.065,116.0
Robert Covington,2020-21,1.1302508379888263,0.1635,6.91284916201117,0.114,0.066,118.6
Lauri Markkanen,2022-23,1.126577251184836,0.3235,3.4824644549763093,0.259,0.086,117.4
Ben Simmons,2017-18,1.1205862149532728,0.49049999999999994,2.28457943925234,0.219,0.362,109.5
Tyler Herro,2021-22,1.1028306490384638,0.43175,2.5543269230769283,0.278,0.205,113.4
Grayson Allen,2023-24,1.0907375000000021,0.23075,4.726923076923086,0.143,0.117,119.0
Taj Gibson,2017-18,1.0906896028037394,0.18225,5.984579439252343,0.144,0.051,113.2
Patrick Patterson,2016-17,1.0905563380281678,0.1725,6.322065727699524,0.123,0.066,114.0
Kyle Korver,2017-18,1.084286565420561,0.21325,5.084579439252337,0.154,0.079,112.3
Cade Cunningham,2024-25,1.084091585365861,0.62975,1.721463414634158,0.323,0.409,115.0
Rudy Gobert,2020-21,1.0749765363128492,0.21025,5.112849162011173,0.166,0.059,116.8
Dereck Lively II,2023-24,1.0692500000000005,0.16899999999999998,6.32692307692308,0.124,0.06,120.6
Amir Johnson,2016-17,1.061919600938965,0.22975,4.622065727699521,0.136,0.125,112.3
Nicolas Batum,2020-21,1.0541523743016754,0.19475,5.41284916201117,0.116,0.105,117.1
P.J. Tucker,2017-18,1.0485681074766355,0.13824999999999998,7.584579439252337,0.103,0.047,114.8
Dean Wade,2024-25,1.0468679268292702,0.15575,6.721463414634158,0.101,0.073,120.0
Aaron Nesmith,2023-24,1.046856730769232,0.20825,5.026923076923083,0.158,0.067,119.3
Royce O'Neale,2020-21,1.0357132681564256,0.17225000000000001,6.012849162011179,0.095,0.103,117.7
Thaddeus Young,2020-21,1.0195885474860358,0.40575,2.512849162011179,0.216,0.253,114.2
Gerald Green,2018-19,1.0163960714285734,0.22075,4.604285714285723,0.19,0.041,114.0
Darren Collison,2017-18,1.0101061915887866,0.36275,2.78457943925234,0.17,0.257,110.0
Quentin Grimes,2022-23,1.0020473933649277,0.214,4.682464454976298,0.142,0.096,118.6
Pau Gasol,2016-17,0.9998415492957716,0.32025,3.122065727699521,0.213,0.143,110.8
Wilson Chandler,2016-17,0.9915435446009354,0.28975,3.4220657276995183,0.217,0.097,111.1
P.J. Washington,2021-22,0.9887298076923076,0.238,4.154326923076923,0.154,0.112,115.0
Goran Dragic,2019-20,0.9806046296296359,0.47075,2.0830687830687964,0.248,0.297,111.7
Miles McBride,2024-25,0.9798471951219537,0.27825,3.5214634146341552,0.162,0.155,116.8
Maurice Harkless,2016-17,0.9783145539906085,0.191,5.122065727699521,0.149,0.056,112.8
Bruce Brown,2020-21,0.9742213687150858,0.23125,4.212849162011182,0.157,0.099,115.9
Bobby Portis,2021-22,0.9741811298076928,0.25275,3.8543269230769255,0.207,0.061,114.7
Lonzo Ball,2020-21,0.9712162011173207,0.3865,2.512849162011179,0.202,0.246,114.2
Kelly Olynyk,2017-18,0.9690336448598144,0.348,2.78457943925234,0.213,0.18,110.0
Terrence Ross,2016-17,0.9666244131455377,0.2345,4.122065727699521,0.185,0.066,111.8
Keegan Murray,2022-23,0.9557424170616109,0.19575,4.882464454976301,0.156,0.053,118.8
Norman Powell,2024-25,0.9553185365853707,0.327,2.921463414634161,0.255,0.096,116.2
Austin Rivers,2017-18,0.9474531542056086,0.34024999999999994,2.78457943925234,0.206,0.179,110.0
Zion Williamson,2020-21,0.9470994413407857,0.428,2.2128491620111816,0.287,0.188,113.9
Jeff Green,2020-21,0.9443497206703905,0.214,4.41284916201117,0.154,0.08,116.1
Avery Bradley,2015-16,0.9343411971831016,0.26825,3.4830985915493073,0.197,0.095,108.5
Derrick Rose,2018-19,0.934302857142861,0.444,2.104285714285723,0.261,0.244,111.5
George Hill,2019-20,0.9218375661375703,0.29900000000000004,3.0830687830687964,0.152,0.196,112.7
Terry Rozier,2021-22,0.9197590144230757,0.37475,2.45432692307692,0.227,0.197,113.3
Ivica Zubac,2024-25,0.9108687804878082,0.28275,3.221463414634158,0.192,0.121,116.5
Brandin Podziemski,2023-24,0.9067653846153872,0.281,3.226923076923086,0.149,0.176,117.5
De'Andre Hunter,2021-22,0.8972841346153831,0.239,3.754326923076917,0.194,0.06,114.6
Saddiq Bey,2023-24,0.8935096153846162,0.20650000000000002,4.32692307692308,0.163,0.058,118.6
Delon Wright,2017-18,0.892457710280375,0.3205,2.78457943925234,0.169,0.202,110.0
Ben McLemore,2019-20,0.8914068783068809,0.1945,4.583068783068796,0.157,0.05,114.2
Jaren Jackson Jr.,2021-22,0.8903362980769246,0.2915,3.0543269230769283,0.248,0.058,113.9
Markieff Morris,2016-17,0.8897370892018748,0.26,3.4220657276995183,0.203,0.076,111.1
Naz Reid,2024-25,0.8830123170731752,0.30225,2.921463414634161,0.21,0.123,116.2
Tim Duncan,2015-16,0.880995422535213,0.28575,3.0830985915493017,0.171,0.153,108.1
Meyers Leonard,2015-16,0.8751285211267634,0.25125,3.4830985915493073,0.174,0.103,108.5
Tobias Harris,2022-23,0.8714943127962094,0.2655,3.2824644549763065,0.18,0.114,117.2
Duncan Robinson,2019-20,0.8700783068783086,0.20800000000000002,4.183068783068791,0.157,0.068,113.8
Buddy Hield,2020-21,0.8628414804469281,0.30674999999999997,2.812849162011176,0.201,0.141,114.5
Montrezl Harrell,2019-20,0.8626066137566162,0.3215,2.6830687830687907,0.245,0.102,112.3
Tristan Thompson,2015-16,0.8615661971831003,0.14400000000000002,5.983098591549307,0.114,0.04,111.0
Marcin Gortat,2016-17,0.8611973004694811,0.19474999999999998,4.422065727699518,0.146,0.065,112.1
John Henson,2017-18,0.8417424065420575,0.21125,3.984579439252343,0.149,0.083,111.2
Cason Wallace,2024-25,0.8303698780487836,0.21175,3.921463414634161,0.124,0.117,117.2
Santi Aldama,2024-25,0.8203404878048797,0.29074999999999995,2.8214634146341524,0.179,0.149,116.1
Spencer Dinwiddie,2023-24,0.818091346153848,0.32375,2.526923076923083,0.161,0.217,116.8
Zach LaVine,2024-25,0.815702682926836,0.3845,2.1214634146341638,0.251,0.178,115.4
Tyus Jones,2021-22,0.8137969951923076,0.37775000000000003,2.1543269230769226,0.164,0.285,113.0
Mitchell Robinson,2022-23,0.8016502369668255,0.134,5.982464454976309,0.101,0.044,119.9
Otto Porter Jr.,2017-18,0.7834831775700937,0.254,3.0845794392523374,0.182,0.096,110.3
Jared Sullinger,2015-16,0.7792732394366253,0.32699999999999996,2.383098591549313,0.216,0.148,107.4
Marvin Williams,2015-16,0.7715063380281716,0.2215,3.4830985915493073,0.166,0.074,108.5
Richaun Holmes,2020-21,0.753413128491622,0.2345,3.2128491620111816,0.173,0.082,114.9
Dillon Brooks,2020-21,0.7523687150838018,0.34,2.2128491620111816,0.256,0.112,113.9
Malik Beasley,2023-24,0.7500144230769241,0.18624999999999997,4.026923076923083,0.142,0.059,118.3
Jaylen Wells,2024-25,0.7441682926829299,0.2175,3.421463414634161,0.156,0.082,116.7
Andrew Nembhard,2024-25,0.736970487804882,0.33175,2.221463414634158,0.163,0.225,115.5
Jarred Vanderbilt,2021-22,0.7330564903846153,0.1575,4.654326923076923,0.108,0.066,115.5
Gary Trent Jr.,2021-22,0.7319306490384614,0.27575,2.6543269230769226,0.212,0.085,113.5
Trey Lyles,2023-24,0.719037500000003,0.19825,3.6269230769230916,0.139,0.079,117.9
Onyeka Okongwu,2023-24,0.7165913461538468,0.18725,3.82692307692308,0.134,0.071,118.1
Andre Roberson,2015-16,0.7133257042253542,0.12125,5.883098591549313,0.092,0.039,110.9
Alperen Sengun,2024-25,0.7093902439024466,0.4375,1.6214634146341638,0.259,0.238,114.9
Wesley Matthews,2015-16,0.7069943661971859,0.23700000000000002,2.9830985915493073,0.171,0.088,108.0
Zach Edey,2024-25,0.7051730487804895,0.20024999999999998,3.5214634146341552,0.156,0.059,116.8
Jeremy Lamb,2017-18,0.6993764018691592,0.3355,2.0845794392523374,0.22,0.154,109.3
Luc Mbah a Moute,2017-18,0.6988247663551418,0.167,4.184579439252346,0.128,0.052,111.4
Dwight Howard,2017-18,0.690931892523364,0.28975,2.3845794392523345,0.238,0.069,109.6
Chris Boucher,2020-21,0.686350837988829,0.253,2.7128491620111816,0.202,0.068,114.4
Kenneth Faried,2016-17,0.6860089201877926,0.22699999999999998,3.022065727699527,0.179,0.064,110.7
Nikola Mirotic,2017-18,0.6730475467289714,0.28225,2.3845794392523345,0.223,0.079,109.6
Cody Zeller,2015-16,0.6690077464788766,0.19774999999999998,3.383098591549313,0.152,0.061,108.4
Jerami Grant,2022-23,0.6640148104265386,0.30425,2.182464454976298,0.227,0.103,116.1
Cory Joseph,2015-16,0.6566968309859174,0.31525000000000003,2.0830985915493017,0.166,0.199,107.1
Keldon Johnson,2021-22,0.6550914663461546,0.27825,2.3543269230769255,0.21,0.091,113.2
Iman Shumpert,2015-16,0.6525352112676086,0.20500000000000002,3.18309859154931,0.13,0.1,108.2
Andre Drummond,2018-19,0.6382871428571462,0.277,2.304285714285726,0.226,0.068,111.7
DeMarcus Cousins,2015-16,0.6110757042253562,0.47624999999999995,1.2830985915493045,0.351,0.167,106.3
Jalen Duren,2024-25,0.5925753658536617,0.26675,2.221463414634158,0.161,0.141,115.5
Landry Shamet,2019-20,0.5751722222222243,0.1995,2.8830687830687936,0.132,0.09,112.5
DeMarre Carroll,2016-17,0.5727248826291056,0.196,2.9220657276995183,0.154,0.056,110.6
Dirk Nowitzki,2015-16,0.5723746478873267,0.321,1.7830985915493045,0.249,0.096,106.8
Maxi Kleber,2019-20,0.5451558201058211,0.18275000000000002,2.983068783068788,0.134,0.065,112.6
Ish Smith,2018-19,0.5269582142857164,0.37525,1.4042857142857201,0.193,0.243,110.8
Keon Ellis,2024-25,0.5219707317073182,0.185,2.8214634146341524,0.125,0.08,116.1
Christian Wood,2022-23,0.5162682464454997,0.34825,1.4824644549763093,0.259,0.119,115.4
Josh Green,2023-24,0.5151144230769256,0.21225,2.4269230769230887,0.129,0.111,116.7
Kevon Looney,2022-23,0.5113876777251197,0.20600000000000002,2.4824644549763093,0.104,0.136,116.4
Jordan Poole,2021-22,0.5108246394230744,0.40725,1.254326923076917,0.252,0.207,112.1
Nemanja Bjelica,2018-19,0.5097632142857165,0.24225000000000002,2.104285714285723,0.162,0.107,111.5
Dario Šarić,2017-18,0.506637266355143,0.30074999999999996,1.6845794392523459,0.204,0.129,108.9
Derrick Favors,2019-20,0.4972345238095248,0.20025,2.483068783068788,0.135,0.087,112.1
Josh Richardson,2020-21,0.4953610335195538,0.27325,1.812849162011176,0.181,0.123,113.5
Gorgui Dieng,2016-17,0.49531244131455154,0.20450000000000002,2.4220657276995183,0.14,0.086,110.1
Rudy Gay,2018-19,0.48851678571429036,0.32475,1.5042857142857287,0.216,0.145,110.9
Nickeil Alexander-Walker,2024-25,0.48587536585366015,0.26675,1.8214634146341524,0.155,0.149,115.1
Richard Jefferson,2016-17,0.4853953051643181,0.172,2.822065727699524,0.121,0.068,110.5
Terance Mann,2023-24,0.4841711538461562,0.1995,2.4269230769230887,0.135,0.086,116.7
RJ Barrett,2022-23,0.48248009478672893,0.349,1.3824644549763008,0.256,0.124,115.3
Cody Martin,2021-22,0.4801716346153833,0.213,2.254326923076917,0.12,0.124,113.1
Herbert Jones,2023-24,0.47855769230769557,0.22499999999999998,2.1269230769230916,0.141,0.112,116.4
Robert Williams III,2021-22,0.4680804086538472,0.18325000000000002,2.5543269230769283,0.112,0.095,113.4
Dwight Powell,2021-22,0.4632138221153851,0.19675,2.3543269230769255,0.136,0.081,113.2
E'Twaun Moore,2018-19,0.4565525000000014,0.23975000000000002,1.9042857142857201,0.17,0.093,111.3
Coby White,2021-22,0.4439332932692298,0.30525,1.4543269230769198,0.195,0.147,112.3
Courtney Lee,2015-16,0.44161690140845195,0.212,2.0830985915493017,0.146,0.088,107.1
Torrey Craig,2018-19,0.43621785714285854,0.16749999999999998,2.604285714285723,0.121,0.062,112.0
Jake LaRavia,2024-25,0.4346695121951249,0.2525,1.721463414634158,0.14,0.15,115.0
Nikola Vučević,2018-19,0.4338514285714348,0.43200000000000005,1.0042857142857287,0.276,0.208,110.4
Jamal Crawford,2017-18,0.43089077102804085,0.36375,1.1845794392523459,0.231,0.177,108.4
Danuel House Jr.,2019-20,0.4307396825396845,0.18075000000000002,2.3830687830687936,0.135,0.061,112.0
Derrick Jones Jr.,2024-25,0.4287424390243925,0.193,2.221463414634158,0.16,0.044,115.5
Reggie Bullock Jr.,2021-22,0.4245985576923071,0.173,2.45432692307692,0.128,0.06,113.3
Marco Belinelli,2018-19,0.42272928571428803,0.2635,1.604285714285723,0.187,0.102,111.0
Pat Connaughton,2020-21,0.4206687150837989,0.161,2.612849162011173,0.113,0.064,114.3
Daniel Gafford,2024-25,0.41955365853658994,0.25875000000000004,1.6214634146341638,0.186,0.097,114.9
Javonte Green,2021-22,0.41659194711538367,0.15125,2.754326923076917,0.113,0.051,113.6
Rui Hachimura,2023-24,0.41608173076923155,0.22775,1.8269230769230802,0.182,0.061,116.1
De'Anthony Melton,2022-23,0.41421007109004754,0.26175000000000004,1.5824644549763036,0.162,0.133,115.5
Corey Kispert,2021-22,0.4093221153846153,0.19,2.1543269230769226,0.142,0.064,113.0
Kelly Oubre Jr.,2021-22,0.3930318509615376,0.27025,1.4543269230769198,0.223,0.063,112.3
Ziaire Williams,2021-22,0.39134927884615484,0.1905,2.0543269230769283,0.144,0.062,112.9
Jarrett Jack,2017-18,0.38447827102803994,0.39049999999999996,0.984579439252343,0.164,0.302,108.2
Cedi Osman,2022-23,0.38284644549763186,0.25825,1.4824644549763093,0.178,0.107,115.4
Tari Eason,2024-25,0.3750407317073193,0.2465,1.5214634146341552,0.185,0.082,114.8
D.J. Augustin,2018-19,0.3640535714285767,0.36250000000000004,1.0042857142857287,0.169,0.258,110.4
Dennis Schröder,2022-23,0.3620843601895736,0.3345,1.0824644549763036,0.183,0.202,115.0
Michael Kidd-Gilchrist,2017-18,0.36003890186915966,0.20175,1.7845794392523402,0.159,0.057,109.0
Emmanuel Mudiay,2016-17,0.3582225352112629,0.3885,0.9220657276995183,0.222,0.222,108.6
Rodney Hood,2015-16,0.3482161971831005,0.3215,1.0830985915493017,0.215,0.142,106.1
Evan Turner,2018-19,0.3409550000000049,0.3395,1.0042857142857287,0.158,0.242,110.4
Tony Snell,2017-18,0.3342406542056089,0.153,2.184579439252346,0.105,0.064,109.4
Doug McDermott,2021-22,0.3330408653846146,0.22899999999999998,1.4543269230769198,0.178,0.068,112.3
T.J. McConnell,2020-21,0.32656215083799,0.40175000000000005,0.812849162011176,0.149,0.337,112.5
Frank Kaminsky,2016-17,0.32118415492957636,0.31425000000000003,1.0220657276995269,0.216,0.131,108.7
Allen Crabbe,2015-16,0.31590000000000246,0.213,1.4830985915493073,0.159,0.072,106.5
Walker Kessler,2022-23,0.30792073459715696,0.17275000000000001,1.7824644549763065,0.13,0.057,115.7
Daniel Theis,2019-20,0.3070412698412721,0.22199999999999998,1.3830687830687936,0.144,0.104,111.0
Scottie Barnes,2022-23,0.30555331753554416,0.34625,0.8824644549763008,0.2,0.195,114.8
Zach Randolph,2015-16,0.3009158450704284,0.34075,0.883098591549313,0.247,0.125,105.9
Isaac Okoro,2021-22,0.28793906250000095,0.18525,1.5543269230769283,0.123,0.083,112.4
Grant Williams,2021-22,0.27544543269230765,0.1665,1.6543269230769226,0.123,0.058,112.5
Amen Thompson,2024-25,0.27390500000000434,0.29725,0.9214634146341609,0.172,0.167,114.2
Jonathan Kuminga,2023-24,0.27226442307692417,0.32925,0.8269230769230802,0.237,0.123,115.1
Nic Claxton,2022-23,0.2639851895734585,0.22325,1.182464454976298,0.155,0.091,115.1
Kendrick Nunn,2019-20,0.25444312169312455,0.3725,0.6830687830687907,0.236,0.182,110.3
Evan Fournier,2018-19,0.24262642857142963,0.34450000000000003,0.7042857142857173,0.217,0.17,110.1
Trey Murphy III,2023-24,0.24100000000000307,0.26,0.9269230769230887,0.182,0.104,115.2
Tomas Satoransky,2018-19,0.22889285714285812,0.325,0.7042857142857173,0.139,0.248,110.1
Terrance Ferguson,2018-19,0.22219357142857266,0.1385,1.604285714285723,0.104,0.046,111.0
Immanuel Quickley,2021-22,0.22173076923077134,0.4,0.5543269230769283,0.217,0.244,111.4
Bennedict Mathurin,2023-24,0.22152980769231043,0.30475,0.7269230769230859,0.226,0.105,115.0
Jalen Green,2024-25,0.20141524390244245,0.38625,0.5214634146341552,0.267,0.159,113.8
Caleb Martin,2021-22,0.19945432692307627,0.20900000000000002,0.9543269230769198,0.158,0.068,111.8
Devonte' Graham,2021-22,0.19318293269230954,0.34850000000000003,0.5543269230769283,0.191,0.21,111.4
Vince Carter,2016-17,0.18989718309859002,0.23099999999999998,0.822065727699524,0.147,0.112,108.5
JaMychal Green,2019-20,0.1843924603174626,0.17025,1.0830687830687964,0.132,0.051,110.7
Joe Johnson,2015-16,0.1790112676056356,0.307,0.5830985915493017,0.178,0.172,105.6
James Ennis III,2018-19,0.1769617857142871,0.16025,1.104285714285723,0.125,0.047,110.5
Dyson Daniels,2023-24,0.17500673076923293,0.24075,0.7269230769230859,0.123,0.157,115.0
Manu Ginobili,2017-18,0.16948165887850697,0.34975,0.48457943925234304,0.205,0.193,107.7
Darius Miller,2017-18,0.16010887850467254,0.181,0.8845794392523345,0.124,0.076,108.1
J.J. Barea,2017-18,0.16007593457944136,0.5625,0.2845794392523402,0.243,0.426,107.5
Willie Cauley-Stein,2018-19,0.15938035714285942,0.26375,0.604285714285723,0.173,0.121,110.0
Jabari Parker,2016-17,0.15183814553990171,0.35975,0.42206572769951833,0.257,0.137,108.1
Jaden McDaniels,2024-25,0.14184902439024788,0.22825,0.6214634146341638,0.16,0.091,113.9
Taurean Prince,2024-25,0.13906207317073396,0.19275,0.7214634146341581,0.123,0.093,114.0
Jose Calderon,2015-16,0.13707922535211595,0.28375,0.48309859154930734,0.124,0.213,105.5
AJ Green,2024-25,0.13527439024390464,0.1875,0.7214634146341581,0.123,0.086,114.0
Kyle Kuzma,2019-20,0.13429312169312305,0.278,0.48306878306878787,0.221,0.076,110.1
Omri Casspi,2015-16,0.1338211267605647,0.22949999999999998,0.5830985915493017,0.174,0.074,105.6
Rajon Rondo,2017-18,0.1333254672897214,0.4685,0.2845794392523402,0.164,0.406,107.5
Bryn Forbes,2018-19,0.12594535714286076,0.24975000000000003,0.5042857142857287,0.171,0.105,109.9
Kris Dunn,2024-25,0.12554231707317287,0.24075,0.5214634146341552,0.126,0.153,113.8
Deni Avdija,2024-25,0.11982548780488031,0.37275,0.3214634146341524,0.228,0.193,113.6
Peyton Watson,2024-25,0.11978707317073507,0.19275,0.6214634146341638,0.138,0.073,113.9
Cameron Johnson,2020-21,0.1160321229050292,0.22625,0.5128491620111788,0.164,0.083,112.2
John Konchar,2022-23,0.11021800947867212,0.1615,0.6824644549762979,0.1,0.082,114.6
Ochai Agbaji,2022-23,0.10035260663507233,0.208,0.4824644549763093,0.154,0.072,114.4
Chandler Parsons,2015-16,0.09129929577465071,0.3225,0.2830985915493045,0.204,0.158,105.3
Devin Vassell,2021-22,0.09070769230769292,0.256,0.3543269230769255,0.184,0.096,111.2
Shelvin Mack,2015-16,0.08202816901409095,0.44799999999999995,0.18309859154931019,0.229,0.292,105.2
PJ Dozier,2020-21,0.07915083798882752,0.253,0.31284916201117596,0.166,0.116,112.0
Wayne Ellington,2016-17,0.07294788732394218,0.22649999999999998,0.322065727699524,0.174,0.07,108.0
Anfernee Simons,2022-23,0.07052251184833914,0.3865,0.18246445497629793,0.247,0.186,114.1
Shake Milton,2022-23,0.06107997630331573,0.33475,0.18246445497629793,0.175,0.213,114.1
Brandon Bass,2015-16,0.05718591549295951,0.202,0.2830985915493045,0.136,0.088,105.3
Amir Coffey,2023-24,0.05557692307692363,0.16999999999999998,0.3269230769230802,0.119,0.068,114.6
Guerschon Yabusele,2024-25,0.05503365853658829,0.2485,0.22146341463415808,0.163,0.114,113.5
Dwyane Wade,2015-16,0.04240105633803117,0.51025,0.08309859154930166,0.31,0.267,105.1
Josh Okogie,2018-19,0.04065285714285774,0.199,0.2042857142857173,0.148,0.068,109.6
Larry Nance Jr.,2022-23,0.037542061611373294,0.20575,0.18246445497629793,0.118,0.117,114.1
Jabari Smith Jr.,2024-25,0.0238068292682961,0.196,0.12146341463416377,0.16,0.048,113.4
Luis Scola,2015-16,0.019902112676057748,0.2395,0.08309859154930166,0.19,0.066,105.1
Precious Achiuwa,2022-23,0.019564691943128033,0.23725000000000002,0.08246445497630361,0.19,0.063,114.0
Jared Dudley,2015-16,0.01753380281690265,0.21100000000000002,0.08309859154930166,0.127,0.112,105.1
Marc Gasol,2016-17,0.009852347417838744,0.4465,0.02206572769952686,0.262,0.246,107.7
Matisse Thybulle,2021-22,0.007728004807693053,0.14225,0.054326923076928324,0.095,0.063,110.9
CJ Miles,2016-17,0.004628286384975758,0.20975,0.02206572769952686,0.179,0.041,107.7
T.J. Warren,2019-20,-0.004791534391533034,0.28300000000000003,-0.016931216931212134,0.229,0.072,109.6
Kyle Anderson,2022-23,-0.005466706161135575,0.31174999999999997,-0.017535545023690702,0.143,0.225,113.9
Oshae Brissett,2021-22,-0.009774038461539165,0.21400000000000002,-0.0456730769230802,0.166,0.064,110.8
Solomon Hill,2020-21,-0.01313798882681608,0.15075,-0.08715083798882972,0.102,0.065,111.6
Moses Moody,2024-25,-0.018299024390240504,0.233,-0.07853658536583907,0.17,0.084,113.2
Facundo Campazzo,2020-21,-0.025208379888268996,0.28925,-0.08715083798882972,0.128,0.215,111.6
Garrison Mathews,2021-22,-0.025638461538461117,0.17600000000000002,-0.14567307692307452,0.137,0.052,110.7
Lavoy Allen,2015-16,-0.03915070422535054,0.1805,-0.2169014084506955,0.128,0.07,104.8
Deron Williams,2015-16,-0.051348943661964255,0.43925000000000003,-0.11690140845068697,0.218,0.295,104.9
Ausar Thompson,2024-25,-0.05164170731707142,0.28925,-0.1785365853658476,0.185,0.139,113.1
Ersan Ilyasova,2017-18,-0.05202406542055984,0.2415,-0.2154205607476598,0.183,0.078,107.0
Furkan Korkmaz,2019-20,-0.07344880952380775,0.23174999999999998,-0.3169312169312093,0.177,0.073,109.3
Bismack Biyombo,2015-16,-0.0818936619718287,0.13275,-0.616901408450687,0.114,0.025,104.4
Thomas Bryant,2018-19,-0.0939821428571408,0.23750000000000002,-0.395714285714277,0.17,0.09,109.0
Ed Davis,2015-16,-0.0948514084507021,0.1835,-0.5169014084506927,0.125,0.078,104.5
Robin Lopez,2016-17,-0.10156103286385054,0.2125,-0.47793427230047314,0.172,0.054,107.2
Kel'el Ware,2024-25,-0.10312463414633956,0.21550000000000002,-0.47853658536584476,0.169,0.062,112.8
Rodney McGruder,2016-17,-0.10922957746479103,0.189,-0.5779342723004817,0.123,0.088,107.1
Kenrich Williams,2022-23,-0.1369385071090053,0.22175,-0.6175355450236992,0.134,0.117,113.3
Dante Cunningham,2017-18,-0.14774369158878412,0.14550000000000002,-1.015420560747657,0.114,0.042,106.2
Max Christie,2024-25,-0.149108414634145,0.21975,-0.6785365853658476,0.15,0.093,112.6
Alec Burks,2021-22,-0.15797235576923171,0.2895,-0.5456730769230802,0.171,0.158,110.3
Aaron Holiday,2019-20,-0.16696878306878152,0.323,-0.5169312169312121,0.182,0.188,109.1
Luol Deng,2015-16,-0.16721725352112474,0.23325,-0.7169014084506955,0.168,0.087,104.3
Drew Eubanks,2022-23,-0.175249289099526,0.191,-0.9175355450236964,0.122,0.092,113.0
Garrett Temple,2020-21,-0.1809787709497207,0.20400000000000001,-0.8871508379888269,0.126,0.104,110.8
Toney Douglas,2015-16,-0.2035774647887267,0.33,-0.616901408450687,0.189,0.188,104.4
Nick Richards,2024-25,-0.20793902439024203,0.21250000000000002,-0.9785365853658448,0.169,0.058,112.3
Michael Beasley,2017-18,-0.21693574766355211,0.35250000000000004,-0.6154205607476655,0.261,0.122,106.6
Julian Champagnie,2024-25,-0.21772439024390047,0.2225,-0.9785365853658448,0.164,0.078,112.3
Jaxson Hayes,2021-22,-0.22254699519230722,0.19425,-1.1456730769230745,0.159,0.047,109.7
Justin Holiday,2020-21,-0.22615223463687098,0.1905,-1.187150837988824,0.138,0.07,110.5
Jonathan Isaac,2018-19,-0.2406374999999977,0.20125,-1.1957142857142742,0.16,0.055,108.2
Randy Foye,2015-16,-0.24297887323943507,0.265,-0.9169014084506983,0.157,0.144,104.1
Tony Allen,2015-16,-0.2434845070422498,0.21800000000000003,-1.116901408450687,0.167,0.068,103.9
Zaccharie Risacher,2024-25,-0.24854829268292458,0.254,-0.9785365853658448,0.203,0.068,112.3
Arron Afflalo,2015-16,-0.2549880281690112,0.25075000000000003,-1.0169014084506927,0.178,0.097,104.0
Haywood Highsmith,2024-25,-0.25726536585365695,0.174,-1.4785365853658448,0.111,0.084,111.8
Svi Mykhailiuk,2019-20,-0.2593174603174591,0.255,-1.0169312169312121,0.165,0.12,108.6
Anthony Tolliver,2016-17,-0.26284096244131633,0.19075,-1.3779342723004788,0.133,0.077,106.3
Zaza Pachulia,2015-16,-0.26666021126760153,0.23875000000000002,-1.116901408450687,0.163,0.101,103.9
Raymond Felton,2015-16,-0.27182394366196705,0.33275,-0.8169014084506898,0.179,0.205,104.2
Simone Fontecchio,2023-24,-0.2826230769230749,0.222,-1.2730769230769141,0.159,0.084,113.0
Langston Galloway,2018-19,-0.2889128571428553,0.207,-1.395714285714277,0.153,0.072,108.0
Jalen Johnson,2023-24,-0.2914365384615366,0.2995,-0.973076923076917,0.184,0.154,113.3
Gabe Vincent,2024-25,-0.2934895121951202,0.1985,-1.4785365853658448,0.131,0.09,111.8
Alex Caruso,2022-23,-0.2967748815165889,0.22525,-1.317535545023702,0.109,0.155,112.6
Nick Young,2016-17,-0.2999950704225354,0.23475000000000001,-1.2779342723004703,0.192,0.057,106.4
Nerlens Noel,2020-21,-0.3052977653631278,0.12275,-2.487150837988821,0.092,0.041,109.2
Julian Strawther,2024-25,-0.3232668292682886,0.2345,-1.3785365853658362,0.173,0.082,111.9
Troy Brown Jr.,2022-23,-0.3245428909952606,0.16925,-1.9175355450236964,0.119,0.067,112.0
Mirza Teletovic,2015-16,-0.3294859154929527,0.29500000000000004,-1.116901408450687,0.229,0.088,103.9
Scoot Henderson,2024-25,-0.3312673170731657,0.4255,-0.7785365853658419,0.22,0.274,112.5
Jaime Jaquez Jr.,2023-24,-0.33286057692307597,0.28375,-1.1730769230769198,0.181,0.137,113.1
Dewayne Dedmon,2018-19,-0.33690964285713965,0.22525,-1.4957142857142713,0.166,0.079,107.9
Wesley Johnson,2017-18,-0.3385906542056064,0.168,-2.015420560747657,0.126,0.056,105.2
Markelle Fultz,2019-20,-0.3388222222222191,0.41475,-0.8169312169312093,0.21,0.273,108.8
Monta Ellis,2016-17,-0.3466071596244151,0.29425,-1.177934272300476,0.166,0.171,106.5
Mike Muscala,2018-19,-0.3568982142857137,0.19875,-1.7957142857142827,0.138,0.081,107.6
Tyreke Evans,2017-18,-0.3612873831775682,0.505,-0.7154205607476598,0.277,0.304,106.5
Shabazz Napier,2017-18,-0.3691839953271016,0.30374999999999996,-1.2154205607476598,0.192,0.149,106.0
Toumani Camara,2024-25,-0.382385365853656,0.215,-1.778536585365842,0.143,0.096,111.5
Lance Stephenson,2017-18,-0.3876086448598138,0.34750000000000003,-1.1154205607476655,0.208,0.186,106.1
Jeremy Sochan,2024-25,-0.3963292682926779,0.2875,-1.3785365853658362,0.184,0.138,111.9
Justise Winslow,2015-16,-0.4164630281690115,0.17975,-2.31690140845069,0.122,0.077,102.7
Mario Chalmers,2015-16,-0.4235394366197135,0.4165,-1.0169014084506927,0.214,0.27,104.0
Rondae Hollis-Jefferson,2017-18,-0.42652511682242683,0.32425,-1.3154205607476541,0.217,0.143,105.9
Brandon Jennings,2016-17,-0.4344075117370941,0.40299999999999997,-1.0779342723004817,0.172,0.308,106.6
Marvin Bagley III,2018-19,-0.4499914285714269,0.282,-1.5957142857142799,0.237,0.06,107.8
Ayo Dosunmu,2021-22,-0.45562067307692466,0.261,-1.745673076923083,0.138,0.164,109.1
Lance Thomas,2015-16,-0.4561922535211231,0.21550000000000002,-2.116901408450687,0.166,0.066,102.9
James Johnson,2017-18,-0.4603971962616789,0.35,-1.3154205607476541,0.185,0.22,105.9
Tyler Johnson,2017-18,-0.46702324766355036,0.27225,-1.7154205607476598,0.18,0.123,105.5
Ian Mahinmi,2015-16,-0.47524436619717925,0.2245,-2.116901408450687,0.157,0.09,102.9
Brandon Clarke,2019-20,-0.4773158730158697,0.249,-1.9169312169312036,0.18,0.092,107.7
Matt Barnes,2015-16,-0.47739084507041873,0.26275,-1.8169014084506898,0.175,0.117,103.2
Kent Bazemore,2019-20,-0.48424801587301347,0.22875,-2.1169312169312064,0.171,0.077,107.5
Elfrid Payton,2016-17,-0.49342441314554547,0.45775,-1.0779342723004817,0.211,0.329,106.6
Rodions Kurucs,2018-19,-0.5216667857142838,0.21775,-2.395714285714277,0.175,0.057,107.0
KJ Martin,2021-22,-0.5307085336538463,0.22625,-2.3456730769230774,0.158,0.091,108.5
Trevor Booker,2015-16,-0.5318852112676021,0.20325,-2.616901408450687,0.141,0.083,102.4
Jeremy Lin,2015-16,-0.5476014084507,0.361,-1.5169014084506927,0.217,0.192,103.5
Jerryd Bayless,2015-16,-0.5559014084507026,0.29000000000000004,-1.9169014084506983,0.164,0.168,103.1
Juan Toscano-Anderson,2020-21,-0.5574930167597744,0.24374999999999997,-2.2871508379888184,0.108,0.181,109.4
Naji Marshall,2024-25,-0.5651299999999962,0.31775,-1.778536585365842,0.197,0.161,111.5
Cole Anthony,2022-23,-0.5766635071090025,0.38,-1.5175355450236907,0.209,0.228,112.4
Stanley Johnson,2017-18,-0.5897773364485985,0.2255,-2.6154205607476655,0.161,0.086,104.6
Lonnie Walker IV,2020-21,-0.6181025139664781,0.27025,-2.2871508379888184,0.199,0.095,109.4
Jose Alvarado,2022-23,-0.6184164691943146,0.34025,-1.817535545023702,0.191,0.199,112.1
Donald Sloan,2015-16,-0.6188690140845005,0.38275000000000003,-1.616901408450687,0.163,0.293,103.4
JaVale McGee,2018-19,-0.6220360714285688,0.23075,-2.695714285714274,0.197,0.045,106.7
Raul Neto,2020-21,-0.6224495810055866,0.26075,-2.387150837988827,0.155,0.141,109.3
Stephon Castle,2024-25,-0.6302262195121914,0.42625,-1.4785365853658448,0.253,0.231,111.8
Patrick Williams,2022-23,-0.6443114928909945,0.20024999999999998,-3.2175355450236935,0.156,0.059,110.7
Alonzo Gee,2015-16,-0.6521116197183086,0.13824999999999998,-4.7169014084506955,0.091,0.063,100.3
Jordan Hill,2015-16,-0.6598140845070407,0.273,-2.4169014084506983,0.201,0.096,102.6
Cam Reddish,2019-20,-0.6636104497354458,0.24425,-2.7169312169312008,0.185,0.079,106.9
Shaedon Sharpe,2024-25,-0.6640626829268231,0.35350000000000004,-1.8785365853658362,0.25,0.138,111.4
Darrell Arthur,2015-16,-0.6802816901408416,0.2415,-2.81690140845069,0.165,0.102,102.2
Franz Wagner,2023-24,-0.686624038461535,0.38725,-1.7730769230769141,0.25,0.183,112.5
Glenn Robinson III,2019-20,-0.6880625661375638,0.22075,-3.1169312169312064,0.16,0.081,106.5
Davion Mitchell,2024-25,-0.712612317073167,0.31275,-2.278536585365842,0.135,0.237,111.0
Skal Labissiere,2017-18,-0.7331635514018682,0.27,-2.71542056074766,0.204,0.088,104.5
David Nwaba,2017-18,-0.7409964953271007,0.2235,-3.315420560747654,0.153,0.094,103.9
Jalen Suggs,2023-24,-0.7450144230769212,0.30125,-2.473076923076917,0.191,0.147,111.8
Terrence Jones,2015-16,-0.7776859154929557,0.24175000000000002,-3.2169014084506955,0.19,0.069,101.8
Marquese Chriss,2016-17,-0.7845252347417863,0.23225,-3.377934272300479,0.194,0.051,104.3
Goga Bitadze,2024-25,-0.7898663414634131,0.24849999999999997,-3.1785365853658476,0.142,0.142,110.1
Corey Brewer,2015-16,-0.7993999999999978,0.2485,-3.2169014084506955,0.172,0.102,101.8
Jalen McDaniels,2022-23,-0.8048296208530805,0.23550000000000001,-3.4175355450236964,0.165,0.094,110.5
Gradey Dick,2024-25,-0.8168636585365829,0.27425,-2.9785365853658448,0.209,0.087,110.3
Jonathon Simmons,2017-18,-0.8192804906542063,0.31325000000000003,-2.6154205607476655,0.215,0.131,104.6
Cameron Payne,2021-22,-0.8265762019230798,0.4735,-1.745673076923083,0.235,0.318,109.1
Damion Lee,2022-23,-0.8551279620853093,0.224,-3.817535545023702,0.155,0.092,110.1
Wendell Carter Jr.,2023-24,-0.8578499999999984,0.247,-3.473076923076917,0.172,0.1,110.8
Talen Horton-Tucker,2022-23,-0.8734374407582938,0.4555,-1.9175355450236964,0.25,0.274,112.0
Kosta Koufos,2016-17,-0.8923159624413158,0.19075,-4.677934272300476,0.151,0.053,103.0
Thabo Sefolosha,2015-16,-0.8997489436619702,0.19075,-4.7169014084506955,0.121,0.093,100.3
Scotty Pippen Jr.,2024-25,-0.9119842682926782,0.40025,-2.278536585365842,0.188,0.283,111.0
Isaiah Livers,2022-23,-0.9206829383886248,0.15300000000000002,-6.017535545023691,0.117,0.048,107.9
Vít Krejčí,2024-25,-0.9384712195121913,0.26225,-3.578536585365839,0.131,0.175,109.7
Chris Duarte,2021-22,-0.9396223557692325,0.2895,-3.245673076923083,0.207,0.11,107.6
Jae'Sean Tate,2020-21,-0.944832402234636,0.25625,-3.687150837988824,0.161,0.127,108.0
Alex Len,2018-19,-0.9457064285714261,0.27849999999999997,-3.395714285714277,0.214,0.086,106.0
Jarrett Culver,2019-20,-0.9611994708994681,0.26575,-3.6169312169312064,0.187,0.105,106.0
Shabazz Muhammad,2015-16,-0.9784742957746455,0.26325,-3.7169014084506955,0.222,0.055,101.3
Mario Hezonja,2017-18,-0.986105957943926,0.27275000000000005,-3.6154205607476655,0.197,0.101,103.6
Brice Sensabaugh,2024-25,-0.9992021951219461,0.29575,-3.3785365853658362,0.208,0.117,109.9
Yogi Ferrell,2017-18,-1.0253942757009322,0.26875000000000004,-3.815420560747654,0.166,0.137,103.4
Noah Vonleh,2018-19,-1.0565357142857117,0.22499999999999998,-4.695714285714274,0.144,0.108,104.7
Trey Burke,2015-16,-1.0670630281690106,0.39275,-2.7169014084506955,0.242,0.201,102.3
Yves Missi,2024-25,-1.0683146341463396,0.19499999999999998,-5.478536585365845,0.141,0.072,107.8
Michael Carter-Williams,2015-16,-1.097628169014081,0.404,-2.7169014084506955,0.206,0.264,102.3
Khem Birch,2020-21,-1.0992719273743023,0.19675,-5.58715083798883,0.133,0.085,106.1
Ty Lawson,2016-17,-1.1113427230046975,0.415,-2.677934272300476,0.19,0.3,105.0
Chimezie Metu,2021-22,-1.1259109375000014,0.23725,-4.745673076923083,0.184,0.071,106.1
Isaiah Stewart,2022-23,-1.1276911137440746,0.22475,-5.017535545023691,0.17,0.073,108.9
Paolo Banchero,2022-23,-1.1277186018957368,0.40025,-2.817535545023702,0.272,0.171,111.1
Cam Thomas,2023-24,-1.1348817307692272,0.40925,-2.773076923076914,0.296,0.151,111.5
Isaiah Whitehead,2016-17,-1.1392401408450723,0.30974999999999997,-3.677934272300476,0.18,0.173,104.0
Justin Jackson,2017-18,-1.156464602803737,0.19225,-6.015420560747657,0.139,0.071,101.2
Kevin Porter Jr.,2022-23,-1.179410426540283,0.434,-2.7175355450236935,0.239,0.26,111.2
Nik Stauskas,2016-17,-1.1799625586854494,0.25775000000000003,-4.577934272300482,0.161,0.129,103.1
Ja'Kobe Walter,2024-25,-1.205892804878047,0.25775,-4.678536585365848,0.179,0.105,108.6
Chris Bosh,2015-16,-1.2089348591549256,0.34375,-3.5169014084506927,0.247,0.129,101.5
Sterling Brown,2020-21,-1.231243016759776,0.199,-6.187150837988824,0.133,0.088,105.5
Justin Champagnie,2024-25,-1.2326180487804868,0.1995,-6.178536585365848,0.15,0.066,107.1
Jevon Carter,2022-23,-1.2336355450236955,0.26149999999999995,-4.7175355450236935,0.149,0.15,109.2
Ramon Sessions,2015-16,-1.2385070422535178,0.385,-3.2169014084506955,0.214,0.228,101.8
Jon Leuer,2016-17,-1.2403145539906106,0.23500000000000001,-5.27793427230047,0.169,0.088,102.4
Troy Daniels,2017-18,-1.242959228971963,0.20325000000000001,-6.1154205607476655,0.168,0.047,101.1
Tim Frazier,2016-17,-1.255284037558688,0.395,-3.177934272300476,0.161,0.312,104.5
Tre Jones,2023-24,-1.2564711538461482,0.37249999999999994,-3.3730769230769084,0.149,0.298,110.9
Dragan Bender,2017-18,-1.268506892523365,0.19175,-6.6154205607476655,0.125,0.089,100.6
Hollis Thompson,2015-16,-1.2906661971830948,0.211,-6.116901408450687,0.157,0.072,98.9
Ryan Arcidiacono,2018-19,-1.300134642857139,0.26025,-4.995714285714271,0.117,0.191,104.4
Brandon Knight,2015-16,-1.3078267605633753,0.4335,-3.0169014084506927,0.258,0.234,102.0
DeAndre' Bembry,2018-19,-1.3732478571428546,0.28049999999999997,-4.895714285714277,0.168,0.15,104.5
Rodney Stuckey,2015-16,-1.3843080985915435,0.33625,-4.116901408450687,0.202,0.179,100.9
Keita Bates-Diop,2022-23,-1.3918453791469207,0.23925000000000002,-5.817535545023702,0.165,0.099,108.1
Bilal Coulibaly,2023-24,-1.398671153846151,0.20350000000000001,-6.873076923076908,0.139,0.086,107.4
Keyonte George,2024-25,-1.4017346341463388,0.441,-3.1785365853658476,0.237,0.272,110.1
Devin Harris,2015-16,-1.4034781690140812,0.27975,-5.016901408450693,0.168,0.149,100.0
Timofey Mozgov,2016-17,-1.406033450704228,0.21375,-6.577934272300482,0.168,0.061,101.1
Bol Bol,2022-23,-1.4451362559241718,0.22875,-6.317535545023702,0.177,0.069,107.6
Jarell Martin,2017-18,-1.4735849299065424,0.22275,-6.6154205607476655,0.168,0.073,100.6
Jabari Walker,2023-24,-1.4740673076923072,0.20550000000000002,-7.17307692307692,0.159,0.062,107.1
Frank Ntilikina,2019-20,-1.4872275132275108,0.30874999999999997,-4.816931216931209,0.152,0.209,104.8
Sean Kilpatrick,2016-17,-1.498348004694839,0.34225,-4.377934272300479,0.232,0.147,103.3
Tyson Chandler,2015-16,-1.516740845070421,0.174,-8.716901408450695,0.126,0.064,96.3
Malaki Branham,2022-23,-1.5279696682464463,0.272,-5.617535545023699,0.188,0.112,108.3
Jalen Wilson,2024-25,-1.5531736585365812,0.2435,-6.378536585365836,0.161,0.11,106.9
Andrew Harrison,2016-17,-1.5548415492957774,0.31875,-4.877934272300479,0.162,0.209,102.8
Kyle Filipowski,2024-25,-1.6121970731707276,0.28900000000000003,-5.578536585365839,0.184,0.14,107.7
Kris Murray,2023-24,-1.6203124999999994,0.19825,-8.17307692307692,0.136,0.083,106.1
Damyean Dotson,2018-19,-1.6291414285714272,0.247,-6.59571428571428,0.169,0.104,102.8
Tristan da Silva,2024-25,-1.6349117073170718,0.22775,-7.178536585365848,0.149,0.105,106.1
Denzel Valentine,2017-18,-1.6739301401869138,0.3035,-5.515420560747657,0.17,0.178,101.7
Vince Williams Jr.,2023-24,-1.6899778846153801,0.28774999999999995,-5.873076923076908,0.155,0.177,108.4
Jaden Ivey,2023-24,-1.7098730769230712,0.391,-4.373076923076908,0.244,0.196,109.9
Brandon Miller,2023-24,-1.7220711538461493,0.3205,-5.373076923076908,0.235,0.114,108.9
Jordan Hawkins,2024-25,-1.7430980487804864,0.261,-6.678536585365848,0.204,0.076,106.6
Frank Jackson,2021-22,-1.758934254807694,0.26075000000000004,-6.745673076923083,0.203,0.077,104.1
Roy Hibbert,2015-16,-1.7650366197183083,0.1915,-9.216901408450695,0.13,0.082,95.8
Zach Collins,2022-23,-1.7948322274881505,0.344,-5.2175355450236935,0.209,0.18,108.7
Eric Paschall,2019-20,-1.8141047619047603,0.3015,-6.016931216931212,0.207,0.126,103.6
CJ Elleby,2021-22,-1.853215024038463,0.22475,-8.245673076923083,0.143,0.109,102.6
Cody Williams,2024-25,-1.8552758536585343,0.1805,-10.278536585365842,0.122,0.078,103.0
Gerald Henderson,2016-17,-1.8631511737089204,0.256,-7.27793427230047,0.175,0.108,100.4
Shane Larkin,2015-16,-1.9123098591549237,0.39699999999999996,-4.81690140845069,0.172,0.3,100.2
Kyshawn George,2024-25,-2.014935731707313,0.25575000000000003,-7.878536585365836,0.156,0.133,105.4
Mo Bamba,2021-22,-2.033015024038462,0.22475,-9.04567307692308,0.17,0.073,101.8
Kevin Knox II,2018-19,-2.1108685714285675,0.264,-7.995714285714271,0.219,0.06,101.4
Jerian Grant,2017-18,-2.1252838785046713,0.4075,-5.21542056074766,0.172,0.314,102.0
Darius Bazley,2021-22,-2.1573930288461547,0.2385,-9.04567307692308,0.18,0.078,101.8
Isaiah Collier,2024-25,-2.2030024390243863,0.4425,-4.978536585365845,0.186,0.342,108.3
Kobe Bryant,2015-16,-2.2187517605633778,0.45125,-4.916901408450698,0.314,0.183,100.1
Hamidou Diallo,2021-22,-2.219135336538463,0.2865,-7.745673076923083,0.213,0.098,103.1
Allonzo Trier,2018-19,-2.227016785714285,0.30525,-7.295714285714283,0.207,0.131,102.1
Josh Jackson,2018-19,-2.2458407142857126,0.3405,-6.59571428571428,0.234,0.142,102.8
Aleksej Pokusevski,2021-22,-2.287821274038463,0.31575,-7.245673076923083,0.195,0.161,103.6
Tyler Ulis,2017-18,-2.299998831775697,0.39549999999999996,-5.815420560747654,0.184,0.282,101.4
Anthony Black,2024-25,-2.4120113414634097,0.34075,-7.078536585365839,0.19,0.201,106.2
Dennis Smith Jr.,2017-18,-2.4353989485981264,0.50575,-4.815420560747654,0.28,0.301,102.4
Chuma Okeke,2021-22,-2.49932451923077,0.237,-10.54567307692308,0.159,0.104,100.3
Jonathan Mogbo,2024-25,-2.5383121951219474,0.265,-9.578536585365839,0.145,0.16,103.7
Sergio Rodriguez,2016-17,-2.5593288732394393,0.45075,-5.677934272300476,0.189,0.349,102.0
Isaiah Canaan,2015-16,-2.5618492957746435,0.281,-9.116901408450687,0.191,0.12,95.9
Dwayne Bacon,2020-21,-2.627949162011173,0.253,-10.387150837988827,0.193,0.08,101.3
Tre Mann,2021-22,-2.688827884615384,0.294,-9.145673076923075,0.213,0.108,101.7
Killian Hayes,2021-22,-2.7726075721153864,0.33625,-8.245673076923083,0.154,0.243,102.6
Tyrese Martin,2024-25,-2.937893414634142,0.2915,-10.078536585365839,0.179,0.15,103.2
Keon Johnson,2024-25,-2.9646673170731686,0.32299999999999995,-9.178536585365848,0.212,0.148,104.1
Victor Wembanyama,2023-24,-3.0064990384615315,0.47175,-6.373076923076908,0.312,0.213,107.9
Tidjane Salaün,2024-25,-3.0393995121951183,0.219,-13.878536585365836,0.15,0.092,99.4
Isaiah Roby,2020-21,-3.1625656424581,0.2595,-12.187150837988824,0.171,0.118,99.5
Bub Carrington,2024-25,-3.2876408536585333,0.31375,-10.478536585365845,0.154,0.213,102.8
Alex Sarr,2024-25,-3.535875853658532,0.33425000000000005,-10.578536585365839,0.23,0.139,102.7
Jahlil Okafor,2016-17,-3.5406106807511755,0.31675,-11.177934272300476,0.244,0.097,96.5
R.J. Hampton,2021-22,-3.6910777644230786,0.31425,-11.745673076923083,0.18,0.179,99.1
Nick Smith Jr.,2024-25,-3.7084795121951197,0.33175,-11.178536585365848,0.205,0.169,102.1
Theo Maledon,2020-21,-4.864060893854747,0.33575,-14.487150837988821,0.188,0.197,97.2
