PLAYER_ID,PLAYER_NAME,SEASON,AGE,USG_PCT,predicted_archetype_at_target,star_level_potential_at_target,king_prob_at_target,bulldozer_prob_at_target,base_signal_strength,data_completeness,quality_filter_passed,confidence,star_potential_percentile,CREATION_VOLUME_RATIO,LEVERAGE_USG_DELTA,EFG_ISO_WEIGHTED
1627750,Jamal Murray,2019-20,23.0,0.248,King (Resilient Star),0.8115874,0.7914309,0.020156495,0.5303817169069461,0.5,False,Low,100.0,0.6825688073394496,0.0429999999999999,0.4647956989247312
1630169,Tyrese Haliburton,2024-25,25.0,0.21,King (Resilient Star),0.78828055,0.6413556,0.14692497,0.6501957202505217,0.5,False,Low,99.65635738831615,0.7630480167014614,0.095,0.5737523939808481
1627750,Jamal Murray,2018-19,22.0,0.241,King (Resilient Star),0.7627628,0.7364183,0.026344469,0.4963658474142344,0.5,False,Low,99.3127147766323,0.6308243727598566,0.03,0.4333934659090909
1630227,Daishen Nix,2022-23,21.0,0.149,King (Resilient Star),0.76065785,0.67801154,0.0826463,0.9446934968017057,0.5,False,Low,98.96907216494846,0.4716417910447761,0.051,0.3721962025316456
1626209,Mario Hezonja,2015-16,21.0,0.166,King (Resilient Star),0.75956416,0.5066048,0.25295934,0.7117016539440202,0.5,False,Low,98.62542955326461,0.272264631043257,0.097,0.5474018691588785
1629645,Kevin Porter Jr.,2020-21,21.0,0.247,King (Resilient Star),0.7555985,0.69552034,0.06007815,0.8286459748117049,0.5,False,Low,98.28178694158075,0.7407087294727744,0.0389999999999999,0.4928774795799299
1626151,Aaron Harrison,2017-18,23.0,0.147,King (Resilient Star),0.7414863,0.6337852,0.107701145,0.8111181604357511,0.5,False,Low,97.9381443298969,0.268630849220104,0.131,0.2864516129032258
1629614,Andrew Nembhard,2024-25,25.0,0.163,King (Resilient Star),0.74040127,0.5293687,0.21103255,0.502814113597246,0.5,False,Low,97.59450171821305,0.5948795180722891,0.0159999999999999,0.5350784810126582
1629659,Talen Horton-Tucker,2020-21,20.0,0.21,King (Resilient Star),0.7263762,0.40016747,0.32620874,0.8546743697478989,0.5,False,Low,97.2508591065292,0.7205882352941178,0.065,0.5295357142857143
1630625,Dalano Banton,2024-25,25.0,0.237,King (Resilient Star),0.71951634,0.64284587,0.07667047,0.7813013070396695,0.5,False,Low,96.90721649484536,0.5136436597110754,0.0559999999999999,0.4186968749999999
1642267,Bub Carrington,2024-25,19.0,0.154,King (Resilient Star),0.7036017,0.6066764,0.09692529,0.45829638151014424,0.5,False,Low,96.56357388316151,0.521229868228404,0.044,0.488185393258427
1626170,Jerian Grant,2015-16,23.0,0.185,King (Resilient Star),0.7003745,0.63343453,0.06693994,0.8568440139551963,0.5,False,Low,96.21993127147766,0.6786632390745501,0.1029999999999999,0.3906287878787879
203898,Tyler Ennis,2017-18,23.0,0.169,King (Resilient Star),0.6992738,0.6300722,0.06920167,0.6253619118270454,0.5,False,Low,95.87628865979381,0.771513353115727,0.099,0.4024461538461538
1630559,Austin Reaves,2021-22,24.0,0.121,King (Resilient Star),0.6990761,0.46151143,0.23756468,0.4540228426395938,0.5,False,Low,95.53264604810997,0.2842639593908629,0.036,0.5365982142857143
1630591,Jalen Suggs,2022-23,22.0,0.196,King (Resilient Star),0.69889796,0.607122,0.09177593,0.6197544642857139,0.5,False,Low,95.1890034364261,0.5578124999999999,0.0449999999999999,0.4764201680672268
203920,Khem Birch,2017-18,25.0,0.131,King (Resilient Star),0.68839467,0.47943056,0.20896412,0.6984231805929918,0.5,False,Low,94.84536082474226,0.0235849056603773,0.04,1.0
1630560,Cam Thomas,2021-22,20.0,0.212,King (Resilient Star),0.6880526,0.6163897,0.07166291,0.5613539200210471,0.5,False,Low,94.50171821305841,0.6942909760589319,0.0709999999999999,0.4563103448275861
1642354,KJ Simpson,2024-25,22.0,0.188,King (Resilient Star),0.6817341,0.6139,0.067834094,0.6161989795918366,0.5,False,Low,94.15807560137456,0.6228571428571428,0.039,0.3726009174311927
1631170,Jaime Jaquez Jr.,2024-25,24.0,0.194,King (Resilient Star),0.68163383,0.60889417,0.07273966,0.3652380952380952,0.5,False,Low,93.81443298969072,0.5666666666666667,0.038,0.5048204334365325
1628973,Jalen Brunson,2020-21,24.0,0.196,King (Resilient Star),0.68060964,0.600472,0.08013768,0.5198214285714287,0.5,False,Low,93.47079037800687,0.692,0.0289999999999999,0.5764238921001927
1628401,Derrick White,2018-19,24.0,0.178,King (Resilient Star),0.6798713,0.59339017,0.08648114,0.7050337837837837,0.5,False,Low,93.12714776632302,0.6570945945945945,0.06,0.5114575835475579
1630201,Malachi Flynn,2020-21,23.0,0.183,King (Resilient Star),0.6780711,0.62255776,0.05551332,0.46019721019721027,0.5,False,Low,92.78350515463917,0.6885521885521886,0.09,0.4292469437652811
1628972,Troy Brown Jr.,2023-24,24.0,0.139,King (Resilient Star),0.67374927,0.539486,0.13426326,0.66559331797235,0.5,False,Low,92.43986254295532,0.2451612903225807,0.1109999999999999,0.5108289473684211
1630175,Cole Anthony,2020-21,21.0,0.235,King (Resilient Star),0.6729129,0.58960444,0.08330847,0.9568621961212781,0.5,False,Low,92.09621993127148,0.7562141491395793,0.024,0.4463805309734513
1630559,Austin Reaves,2022-23,25.0,0.154,Bulldozer (Fragile Star),0.67089367,0.32663587,0.3442578,0.652689995189995,0.5,False,Low,91.75257731958763,0.4865319865319865,-0.0399999999999999,0.6270934256055364
203918,Rodney Hood,2015-16,23.0,0.215,King (Resilient Star),0.6687897,0.60524267,0.063547,0.45868250843644537,0.5,False,Low,91.40893470790378,0.5118110236220472,0.031,0.4427318681318681
203915,Spencer Dinwiddie,2016-17,24.0,0.14,King (Resilient Star),0.6681155,0.5782583,0.08985721,0.8678831750091338,0.5,False,Low,91.06529209621993,0.7365728900255754,0.093,0.4643402777777777
1642345,Oso Ighodaro,2024-25,22.0,0.103,King (Resilient Star),0.6629158,0.44071963,0.22219622,0.6541191476590634,0.5,False,Low,90.72164948453609,0.0840336134453781,0.085,0.583
1629001,De'Anthony Melton,2018-19,21.0,0.147,King (Resilient Star),0.6619034,0.54923725,0.1126661,0.44853184377199146,0.5,False,Low,90.37800687285224,0.5073891625615763,0.045,0.354504854368932
1631106,Tari Eason,2023-24,23.0,0.188,King (Resilient Star),0.65506077,0.5774158,0.07764493,0.21902666377628438,0.5,False,Low,90.03436426116839,0.2412746585735963,0.034,0.4854591194968553
1628372,Dennis Smith Jr.,2022-23,25.0,0.175,King (Resilient Star),0.65258163,0.5777421,0.07483954,0.6089947495077662,0.5,False,Low,89.69072164948454,0.6431852986217458,0.04,0.4117380952380952
1629013,Landry Shamet,2021-22,25.0,0.16,King (Resilient Star),0.6494608,0.5763754,0.07308536,0.29915276329509893,0.5,False,Low,89.3470790378007,0.2226277372262773,0.0279999999999999,0.4408032786885245
1642281,Jaylon Tyson,2024-25,22.0,0.164,King (Resilient Star),0.64794284,0.54015946,0.107783385,0.33834480780263904,0.5,False,Low,89.00343642611683,0.3413654618473896,0.1219999999999999,0.4627764705882353
203901,Elfrid Payton,2018-19,25.0,0.177,King (Resilient Star),0.6436514,0.5702901,0.073361315,0.7078539128829825,0.5,False,Low,88.65979381443299,0.6304909560723514,0.047,0.4582786885245901
1628973,Jalen Brunson,2021-22,25.0,0.215,King (Resilient Star),0.64244425,0.46351564,0.17892861,0.4562795636808483,0.5,False,Low,88.31615120274914,0.7630827783063748,-0.0169999999999999,0.5314613466334165
1630249,Vít Krejčí,2023-24,24.0,0.098,King (Resilient Star),0.6412433,0.41660312,0.22464016,-0.042007314974182405,0.5,False,Low,87.97250859106529,0.2198795180722891,0.037,0.5608219178082192
203937,Kyle Anderson,2015-16,22.0,0.143,King (Resilient Star),0.6393355,0.517946,0.121389516,0.9768449911084763,0.5,False,Low,87.62886597938144,0.5601659751037343,0.016,0.4959037037037037
1626170,Jerian Grant,2016-17,24.0,0.159,King (Resilient Star),0.6389957,0.53617054,0.10282518,0.3949128802464381,0.5,False,Low,87.2852233676976,0.555256064690027,0.041,0.419378640776699
1628365,Markelle Fultz,2022-23,25.0,0.208,King (Resilient Star),0.6375623,0.48476723,0.15279508,0.7091777408637873,0.5,False,Low,86.94158075601375,0.7406976744186047,0.0279999999999999,0.518602825745683
1626169,Stanley Johnson,2015-16,20.0,0.191,King (Resilient Star),0.63606524,0.5332038,0.102861434,0.7052976190476189,0.5,False,Low,86.5979381443299,0.4883333333333333,-0.061,0.3997713310580205
1630570,Trendon Watford,2022-23,22.0,0.158,Victim (Fragile Role),0.63281804,0.29753157,0.33528647,0.7491537267080745,0.5,False,Low,86.25429553264605,0.4266304347826087,-0.036,0.5733566878980891
1630200,Tre Jones,2022-23,23.0,0.189,King (Resilient Star),0.6319648,0.53804755,0.09391723,0.6625447991331886,0.5,False,Low,85.91065292096219,0.7526254375729288,0.039,0.4822527131782946
1626209,Mario Hezonja,2018-19,24.0,0.208,King (Resilient Star),0.6256998,0.54600036,0.07969946,0.4030725724453483,0.5,False,Low,85.56701030927834,0.4911032028469751,0.049,0.4200217391304349
1629019,Allonzo Trier,2019-20,24.0,0.208,Bulldozer (Fragile Star),0.62436044,0.22586203,0.39849845,0.5463258785942492,0.16666666666666666,False,Low,85.2233676975945,0.5463258785942492,,0.621485380116959
203498,Shabazz Muhammad,2016-17,24.0,0.209,King (Resilient Star),0.6233378,0.51042837,0.112909414,0.4101155666945142,0.5,False,Low,84.87972508591065,0.2183235867446394,0.036,0.4194642857142857
1627739,Kris Dunn,2017-18,24.0,0.245,King (Resilient Star),0.6225704,0.58891976,0.033650614,0.7250997038159522,0.5,False,Low,84.5360824742268,0.8167791706846672,0.0469999999999999,0.4433754427390791
1630702,Jaden Hardy,2022-23,20.0,0.248,King (Resilient Star),0.6224904,0.5145832,0.10790722,0.5183579978952908,0.5,False,Low,84.19243986254295,0.5709023941068141,0.093,0.4462258064516129
1630570,Trendon Watford,2023-24,23.0,0.203,Bulldozer (Fragile Star),0.62231857,0.22708979,0.39522877,0.5760000000000001,0.16666666666666666,False,Low,83.8487972508591,0.5760000000000001,,0.5759537037037037
1641732,Colby Jones,2024-25,23.0,0.138,Victim (Fragile Role),0.6222763,0.28719488,0.3350814,0.5338983050847457,0.16666666666666666,False,Low,83.50515463917526,0.5338983050847457,,0.5306587301587302
1628416,Tyler Dorsey,2018-19,23.0,0.182,King (Resilient Star),0.62224364,0.5454389,0.07680474,0.42005175307720993,0.5,False,Low,83.16151202749141,0.391644908616188,0.049,0.44442
1628380,Zach Collins,2022-23,25.0,0.209,King (Resilient Star),0.6210278,0.37547347,0.24555437,0.34781285944329426,0.5,False,Low,82.81786941580756,0.1368760064412238,0.032,0.539
202692,Alec Burks,2016-17,25.0,0.212,King (Resilient Star),0.6210156,0.53474295,0.08627265,0.6221954005482788,0.5,False,Low,82.4742268041237,0.5991471215351813,0.038,0.3943487544483985
1629669,Jaylen Nowell,2023-24,24.0,0.176,Victim (Fragile Role),0.6205513,0.28850648,0.3320448,0.5534883720930233,0.16666666666666666,False,Low,82.13058419243985,0.5534883720930233,,0.5320840336134454
1630169,Tyrese Haliburton,2023-24,24.0,0.239,King (Resilient Star),0.61917704,0.43214923,0.1870278,0.7251094568262089,0.5,False,Low,81.78694158075601,0.7988064791133845,0.061,0.5442166488794024
1630197,Aleksej Pokusevski,2020-21,19.0,0.197,King (Resilient Star),0.61799854,0.5370832,0.08091531,0.5219973544973543,0.5,False,Low,81.44329896907216,0.3125925925925926,0.0859999999999999,0.2943791469194313
1642347,Jamal Shead,2024-25,22.0,0.179,King (Resilient Star),0.6171048,0.53713477,0.07997005,0.5846069395500135,0.5,False,Low,81.09965635738831,0.538899430740038,0.04,0.4393274647887324
1630314,Brandon Williams,2021-22,22.0,0.246,King (Resilient Star),0.6164521,0.5336028,0.082849294,0.44096538274012687,0.5,False,Low,80.75601374570446,0.658703071672355,0.0559999999999999,0.409972366148532
1627826,Ivica Zubac,2018-19,22.0,0.199,King (Resilient Star),0.6138235,0.51424325,0.09958023,0.5862426513815402,0.5,False,Low,80.41237113402062,0.0349794238683127,0.0549999999999999,0.2938235294117647
1629006,Josh Okogie,2022-23,24.0,0.174,King (Resilient Star),0.6119396,0.5334372,0.078502424,0.39543367346938774,0.5,False,Low,80.06872852233677,0.2357142857142857,0.031,0.3892929292929293
1629652,Luguentz Dort,2021-22,23.0,0.228,King (Resilient Star),0.61189777,0.533448,0.078449786,0.5466864189622035,0.5,False,Low,79.72508591065292,0.3937219730941704,0.038,0.4598382687927106
1628368,De'Aaron Fox,2017-18,20.0,0.227,King (Resilient Star),0.61107546,0.56485236,0.046223104,0.6134887566137566,0.5,False,Low,79.38144329896907,0.7997685185185185,0.03,0.4298292329956584
1631204,Marcus Sasser,2024-25,24.0,0.187,Victim (Fragile Role),0.61091954,0.32361358,0.28730595,0.7027409847434117,0.5,False,Low,79.03780068728523,0.6941747572815533,-0.0509999999999999,0.5400839160839161
1626178,Rondae Hollis-Jefferson,2018-19,24.0,0.21,King (Resilient Star),0.610481,0.47451788,0.13596313,0.41898713128976284,0.5,False,Low,78.69415807560138,0.388663967611336,-0.0849999999999999,0.3622083333333333
1626169,Stanley Johnson,2016-17,21.0,0.144,King (Resilient Star),0.6094432,0.48124474,0.12819843,0.676094137076796,0.5,False,Low,78.35051546391753,0.3930635838150289,0.002,0.3804926470588236
1627747,Caris LeVert,2016-17,22.0,0.161,Victim (Fragile Role),0.6089972,0.2603047,0.3486925,0.36384700176366847,0.5,False,Low,78.00687285223368,0.4382716049382716,-0.0229999999999999,0.537962441314554
1641764,Brandin Podziemski,2023-24,21.0,0.149,Victim (Fragile Role),0.6085652,0.31411722,0.294448,0.4090210233029381,0.5,False,Low,77.66323024054984,0.4237588652482269,0.0229999999999999,0.554276150627615
1627750,Jamal Murray,2016-17,20.0,0.212,King (Resilient Star),0.6060531,0.51676214,0.08929101,0.34359756097560973,0.5,False,Low,77.31958762886599,0.5045731707317073,0.063,0.451534743202417
1629638,Nickeil Alexander-Walker,2020-21,22.0,0.228,King (Resilient Star),0.60598,0.5177849,0.088195086,0.42902593433461395,0.5,False,Low,76.97594501718214,0.4767726161369193,0.0829999999999999,0.4468769230769231
1629684,Grant Williams,2022-23,24.0,0.128,Victim (Fragile Role),0.6021173,0.3245281,0.27758917,0.3392149595687331,0.5,False,Low,76.6323024054983,0.1533018867924528,0.009,0.5997384615384614
1626144,Emmanuel Mudiay,2016-17,21.0,0.222,King (Resilient Star),0.6001381,0.5201333,0.0800048,0.7007320744389708,0.5,False,Low,76.28865979381443,0.5670498084291187,0.0599999999999999,0.3897837837837837
1628369,Jayson Tatum,2017-18,20.0,0.192,King (Resilient Star),0.5991311,0.5156218,0.08350932,0.591133122028526,0.5,False,Low,75.94501718213058,0.4611727416798732,0.0139999999999999,0.415061855670103
203957,Danté Exum,2017-18,22.0,0.223,Victim (Fragile Role),0.59749794,0.30200425,0.2954937,0.6945525291828794,0.16666666666666666,False,Low,75.60137457044674,0.6945525291828794,,0.5300392156862745
1626145,Tyus Jones,2020-21,25.0,0.165,King (Resilient Star),0.5971855,0.47584918,0.1213363,0.48104153555695395,0.5,False,Low,75.25773195876289,0.5969162995594713,0.0219999999999999,0.4761845018450185
1631114,Jalen Williams,2023-24,23.0,0.232,Victim (Fragile Role),0.59702116,0.38753048,0.20949067,0.7815103974406299,0.5,False,Low,74.91408934707904,0.6942291128337639,0.034,0.5307642679900746
1626166,Cameron Payne,2018-19,24.0,0.169,Victim (Fragile Role),0.5969413,0.29736453,0.29957676,0.5557855446216489,0.5,False,Low,74.5704467353952,0.5961995249406176,0.0059999999999999,0.5400557768924303
1626159,Justise Winslow,2019-20,24.0,0.19,King (Resilient Star),0.5966537,0.5075703,0.089083366,0.5847111765668465,0.5,False,Low,74.22680412371135,0.5211912943871706,0.032,0.309945054945055
1626166,Cameron Payne,2019-20,25.0,0.182,Victim (Fragile Role),0.5955007,0.2293063,0.3661944,0.5266106442577031,0.16666666666666666,False,Low,73.8831615120275,0.5266106442577031,,0.6499255319148937
1630243,Trevelin Queen,2021-22,25.0,0.219,Victim (Fragile Role),0.59491175,0.2130269,0.38188484,0.2799999999999999,0.16666666666666666,False,Low,73.53951890034365,0.2799999999999999,,0.786
1630699,MarJon Beauchamp,2024-25,24.0,0.222,Victim (Fragile Role),0.59431714,0.2742911,0.32002604,0.4571428571428572,0.16666666666666666,False,Low,73.19587628865979,0.4571428571428572,,0.5300833333333334
1627875,Marcus Georges-Hunt,2017-18,24.0,0.111,Victim (Fragile Role),0.5936735,0.26675063,0.3269229,0.4647887323943662,0.16666666666666666,False,Low,72.85223367697594,0.4647887323943662,,0.6079696969696969
1626159,Justise Winslow,2016-17,21.0,0.198,King (Resilient Star),0.59293884,0.46947372,0.1234651,0.4990451474707529,0.5,False,Low,72.5085910652921,0.5513264129181085,0.0139999999999999,0.360418410041841
1631097,Bennedict Mathurin,2024-25,23.0,0.222,King (Resilient Star),0.59225106,0.48880327,0.10344778,0.6707244703965236,0.5,False,Low,72.16494845360825,0.5475285171102662,0.043,0.4483333333333333
1629642,Nassir Little,2021-22,22.0,0.155,Victim (Fragile Role),0.59201664,0.2299263,0.36209035,0.4215967177831584,0.5,False,Low,71.8213058419244,0.2504708097928437,-0.09,0.5361654135338345
1629598,Chris Clemons,2019-20,22.0,0.235,Victim (Fragile Role),0.59199923,0.26599833,0.3260009,0.4913294797687861,0.16666666666666666,False,Low,70.44673539518901,0.4913294797687861,,0.5625411764705882
1630286,Trevon Scott,2021-22,25.0,0.207,Victim (Fragile Role),0.59199923,0.26599833,0.3260009,0.5,0.16666666666666666,False,Low,70.44673539518901,0.5,,1.0
1642484,RayJ Dennis,2024-25,24.0,0.212,Victim (Fragile Role),0.59199923,0.26599833,0.3260009,0.4824561403508772,0.16666666666666666,False,Low,70.44673539518901,0.4824561403508772,,0.5835
1631207,Dalen Terry,2022-23,20.0,0.173,Victim (Fragile Role),0.59199923,0.26599833,0.3260009,0.5303030303030304,0.16666666666666666,False,Low,70.44673539518901,0.5303030303030304,,0.6147142857142857
1642450,Daniss Jenkins,2024-25,23.0,0.231,Victim (Fragile Role),0.59199923,0.26599833,0.3260009,0.5,0.16666666666666666,False,Low,70.44673539518901,0.5,,0.875
1629014,Anfernee Simons,2018-19,20.0,0.24,Victim (Fragile Role),0.59199923,0.26599833,0.3260009,0.5227272727272726,0.16666666666666666,False,Low,70.44673539518901,0.5227272727272726,,0.6523478260869565
1641789,Jazian Gortman,2024-25,22.0,0.195,Victim (Fragile Role),0.59199923,0.26599833,0.3260009,0.5327102803738318,0.16666666666666666,False,Low,70.44673539518901,0.5327102803738318,,0.6103859649122807
1630692,Jordan Goodwin,2022-23,24.0,0.165,King (Resilient Star),0.5908586,0.46596646,0.124892116,0.698925836198812,0.5,False,Low,69.0721649484536,0.5754923413566739,-0.071,0.5034486692015209
1631123,Jamaree Bouyea,2022-23,24.0,0.12,Victim (Fragile Role),0.59018666,0.26718006,0.3230066,0.5555555555555556,0.16666666666666666,False,Low,68.72852233676976,0.5555555555555556,,0.7000000000000001
1641718,Keyonte George,2024-25,21.0,0.237,King (Resilient Star),0.5893822,0.5181613,0.071220875,0.4362566383430696,0.5,False,Low,68.38487972508591,0.6050185873605948,0.059,0.4389861751152074
1629645,Kevin Porter Jr.,2019-20,20.0,0.202,King (Resilient Star),0.58867383,0.45491686,0.13375695,0.6432589285714284,0.5,False,Low,68.04123711340206,0.553125,0.0339999999999999,0.435050847457627
1630166,Deni Avdija,2024-25,24.0,0.228,Victim (Fragile Role),0.5884607,0.200216,0.38824466,0.462741739552964,0.5,False,Low,67.69759450171821,0.4421768707482993,-0.035,0.5320564102564104
1627759,Jaylen Brown,2017-18,21.0,0.208,Victim (Fragile Role),0.5879929,0.2998925,0.28810045,0.42468829247675394,0.5,False,Low,67.35395189003437,0.3266272189349112,-0.0829999999999999,0.5216956521739131
1627885,Shaquille Harrison,2018-19,25.0,0.16,King (Resilient Star),0.58758724,0.45620936,0.13137785,0.880143557422969,0.5,False,Low,67.0103092783505,0.6299019607843137,-0.037,0.4434630350194553
1642530,Yuki Kawamura,2024-25,24.0,0.167,Victim (Fragile Role),0.5855124,0.2702275,0.31528488,0.5175438596491228,0.16666666666666666,False,Low,66.49484536082474,0.5175438596491228,,0.5389830508474577
1629017,Khyri Thomas,2020-21,25.0,0.208,Victim (Fragile Role),0.5855124,0.2702275,0.31528488,0.4693877551020407,0.16666666666666666,False,Low,66.49484536082474,0.4693877551020407,,0.5434782608695652
203901,Elfrid Payton,2015-16,22.0,0.198,King (Resilient Star),0.5853691,0.544723,0.040646113,0.533104103343465,0.5,False,Low,65.97938144329896,0.6781914893617021,0.061,0.4505470588235294
202692,Alec Burks,2015-16,24.0,0.246,King (Resilient Star),0.58409494,0.48619455,0.09790041,0.6612218302959042,0.5,False,Low,65.63573883161511,0.7174211248285322,0.03,0.4816558317399617
1628425,Sterling Brown,2018-19,24.0,0.149,King (Resilient Star),0.5837329,0.49318743,0.09054546,0.3008188378978535,0.5,False,Low,65.29209621993127,0.2797927461139897,0.071,0.5076666666666666
1629611,Terance Mann,2019-20,23.0,0.123,Victim (Fragile Role),0.5837318,0.27138835,0.31234342,0.569620253164557,0.16666666666666666,False,Low,64.94845360824742,0.569620253164557,,0.5405777777777777
1628421,Devin Robinson,2018-19,24.0,0.176,Victim (Fragile Role),0.58204263,0.21646984,0.3655728,0.285,0.16666666666666666,False,Low,64.60481099656357,0.285,,0.75
1629962,Devin Cannady,2020-21,25.0,0.181,Victim (Fragile Role),0.5819864,0.21644893,0.36553752,0.3697478991596639,0.16666666666666666,False,Low,64.26116838487972,0.3697478991596639,,0.786
1630567,Scottie Barnes,2023-24,22.0,0.24,King (Resilient Star),0.57911724,0.50433946,0.07477776,0.4881023097673374,0.5,False,Low,63.91752577319587,0.4531864673485444,0.035,0.4562690972222223
1628420,Monte Morris,2017-18,23.0,0.136,Victim (Fragile Role),0.5766665,0.28883588,0.2878306,0.8023952095808383,0.16666666666666666,False,Low,63.57388316151202,0.8023952095808383,,0.75
1629676,Isaiah Roby,2021-22,24.0,0.185,Victim (Fragile Role),0.5764024,0.2584575,0.31794494,0.6598795681063122,0.5,False,Low,63.230240549828174,0.1511627906976744,0.009,0.6287692307692307
1630600,Isaiah Mobley,2022-23,23.0,0.166,Victim (Fragile Role),0.57596636,0.21961692,0.35634947,0.2994011976047904,0.16666666666666666,False,Low,62.88659793814433,0.2994011976047904,,0.667
1630245,Ayo Dosunmu,2024-25,25.0,0.163,Victim (Fragile Role),0.57512355,0.20201334,0.3731102,0.3425911078717202,0.5,False,Low,62.54295532646048,0.3877551020408163,-0.031,0.5917333333333333
1629611,Terance Mann,2020-21,24.0,0.144,King (Resilient Star),0.5751183,0.4761012,0.09901711,0.5607706766917292,0.5,False,Low,62.19931271477663,0.463157894736842,0.072,0.4281136363636363
1629060,Rui Hachimura,2022-23,25.0,0.194,Victim (Fragile Role),0.5749834,0.3945428,0.18044059,0.2535253456221198,0.5,False,Low,61.855670103092784,0.2838709677419355,-0.08,0.4954545454545454
1626224,Cedi Osman,2017-18,23.0,0.151,Victim (Fragile Role),0.5746317,0.22369173,0.35093996,0.2983193277310924,0.16666666666666666,False,Low,61.512027491408936,0.2983193277310924,,0.6051267605633803
203943,Noah Vonleh,2019-20,24.0,0.135,Victim (Fragile Role),0.5745783,0.22367093,0.35090733,0.323699421965318,0.16666666666666666,False,Low,61.16838487972509,0.323699421965318,,0.6490357142857143
1629645,Kevin Porter Jr.,2024-25,25.0,0.248,King (Resilient Star),0.5741162,0.4695778,0.10453837,0.7866987303741033,0.5,False,Low,60.824742268041234,0.8032564450474898,-0.0569999999999999,0.4799527027027026
1629065,Ky Bowman,2019-20,23.0,0.168,King (Resilient Star),0.5731553,0.46702668,0.10612863,1.3369151619755706,0.5,False,Low,60.48109965635739,0.6728624535315986,-0.065,0.4598066298342541
1630578,Alperen Sengun,2022-23,20.0,0.211,Victim (Fragile Role),0.5730943,0.21299262,0.3601017,0.2585105403192797,0.5,False,Low,60.13745704467354,0.3653295128939828,-0.0189999999999999,0.5605058823529412
1630205,Lamar Stevens,2022-23,25.0,0.136,King (Resilient Star),0.5730673,0.4700479,0.10301944,0.7940660919540228,0.5,False,Low,59.79381443298969,0.2298850574712643,0.0129999999999999,0.3203
1628070,Jordan Loyd,2018-19,25.0,0.159,Victim (Fragile Role),0.5729142,0.2825323,0.29038188,0.717948717948718,0.16666666666666666,False,Low,59.27835051546392,0.717948717948718,,0.7496547619047619
1627743,Demetrius Jackson,2017-18,23.0,0.156,Victim (Fragile Role),0.5729142,0.2825323,0.29038188,0.7127659574468085,0.16666666666666666,False,Low,59.27835051546392,0.7127659574468085,,0.6500746268656716
203487,Michael Carter-Williams,2016-17,25.0,0.203,King (Resilient Star),0.571966,0.4687192,0.103246756,0.8339963054187189,0.5,False,Low,58.76288659793815,0.6206896551724138,-0.031,0.38
1626168,Trey Lyles,2020-21,25.0,0.128,Victim (Fragile Role),0.5714568,0.21789739,0.35355937,0.2653846153846154,0.16666666666666666,False,Low,58.075601374570454,0.2653846153846154,,0.6905072463768115
1631257,Jermaine Samuels Jr.,2023-24,25.0,0.098,Victim (Fragile Role),0.5714568,0.21789739,0.35355937,0.28,0.16666666666666666,False,Low,58.075601374570454,0.28,,1.0
1629076,Tyler Cook,2019-20,22.0,0.15,Victim (Fragile Role),0.5714568,0.21789739,0.35355937,0.2830188679245283,0.16666666666666666,False,Low,58.075601374570454,0.2830188679245283,,1.0
1628414,Sindarius Thornwell,2019-20,25.0,0.176,Victim (Fragile Role),0.57140326,0.21787699,0.35352626,0.375,0.16666666666666666,False,Low,57.21649484536082,0.375,,0.6670000000000001
1630564,RaiQuan Gray,2023-24,24.0,0.2,Victim (Fragile Role),0.57140326,0.21787699,0.35352626,0.4,0.16666666666666666,False,Low,57.21649484536082,0.4,,0.668
1627750,Jamal Murray,2020-21,24.0,0.244,King (Resilient Star),0.571318,0.42966947,0.14164852,0.6929822462483752,0.5,False,Low,56.70103092783505,0.7088502894954508,0.0449999999999999,0.5193792298716453
1629599,Amir Coffey,2020-21,24.0,0.145,Victim (Fragile Role),0.5708651,0.24351327,0.32735184,0.2571428571428572,0.16666666666666666,False,Low,56.3573883161512,0.2571428571428572,,0.5484000000000001
1630235,Trent Forrest,2021-22,24.0,0.124,Victim (Fragile Role),0.570735,0.2928829,0.27785206,0.7596153846153846,0.16666666666666666,False,Low,55.84192439862543,0.7596153846153846,,0.5578607594936709
1642265,Rob Dillingham,2024-25,20.0,0.215,Victim (Fragile Role),0.570735,0.2928829,0.27785206,0.7432835820895523,0.16666666666666666,False,Low,55.84192439862543,0.7432835820895523,,0.5534578313253011
1628368,De'Aaron Fox,2018-19,21.0,0.238,King (Resilient Star),0.57021743,0.5279821,0.04223534,0.6691587335708142,0.5,False,Low,55.32646048109966,0.8641444539982803,0.0469999999999999,0.4751880597014925
1629102,Brandon Sampson,2018-19,22.0,0.154,Victim (Fragile Role),0.5700717,0.24246159,0.32761014,0.2559999999999999,0.16666666666666666,False,Low,54.98281786941581,0.2559999999999999,,0.5546875000000001
1630570,Trendon Watford,2021-22,21.0,0.169,Victim (Fragile Role),0.5700182,0.24243881,0.32757935,0.3014705882352941,0.16666666666666666,False,Low,54.63917525773196,0.3014705882352941,,0.5583658536585366
1627772,Daniel Hamilton,2017-18,22.0,0.2,Victim (Fragile Role),0.56934124,0.28077033,0.2885709,0.6240601503759399,0.16666666666666666,False,Low,53.95189003436426,0.6240601503759399,,0.7030120481927711
1630179,Tyrell Terry,2020-21,20.0,0.135,Victim (Fragile Role),0.56934124,0.28077033,0.2885709,0.625,0.16666666666666666,False,Low,53.95189003436426,0.625,,0.6002000000000001
1630235,Trent Forrest,2020-21,23.0,0.144,Victim (Fragile Role),0.56934124,0.28077033,0.2885709,0.6225490196078431,0.16666666666666666,False,Low,53.95189003436426,0.6225490196078431,,0.5791653543307087
1626209,Mario Hezonja,2017-18,23.0,0.197,King (Resilient Star),0.56921303,0.4954818,0.073731214,0.40384613143789316,0.5,False,Low,53.264604810996566,0.2952691680261011,0.0289999999999999,0.4815027624309392
1630529,Herbert Jones,2023-24,25.0,0.141,Victim (Fragile Role),0.56853086,0.16503847,0.4034924,0.46895788010635703,0.5,False,Low,52.92096219931272,0.2165820642978003,0.003,0.593046875
1626188,Quinn Cook,2016-17,24.0,0.192,Victim (Fragile Role),0.5665492,0.2793934,0.28715575,0.6725888324873097,0.16666666666666666,False,Low,52.23367697594502,0.6725888324873097,,0.6215509433962264
1630215,Jared Butler,2023-24,23.0,0.194,Victim (Fragile Role),0.5665492,0.2793934,0.28715575,0.6875,0.16666666666666666,False,Low,52.23367697594502,0.6875,,0.5704125874125874
1629644,KZ Okpala,2019-20,21.0,0.102,Victim (Fragile Role),0.5665492,0.2793934,0.28715575,0.6666666666666666,0.16666666666666666,False,Low,52.23367697594502,0.6666666666666666,,1.0
1631157,Ryan Rollins,2024-25,22.0,0.179,Victim (Fragile Role),0.56562287,0.30296695,0.2626559,0.7067455466294095,0.5,False,Low,51.546391752577314,0.4938875305623472,-0.076,0.5176435643564357
1627763,Malcolm Brogdon,2017-18,25.0,0.189,Victim (Fragile Role),0.5652076,0.18992607,0.37528154,0.3732159823549373,0.5,False,Low,51.20274914089347,0.5380047505938242,-0.078,0.5563024282560706
1630219,Skylar Mays,2021-22,24.0,0.149,Victim (Fragile Role),0.5642116,0.2291213,0.33509034,0.4032258064516129,0.16666666666666666,False,Low,50.85910652920962,0.4032258064516129,,0.571
1629640,Keldon Johnson,2023-24,24.0,0.212,Victim (Fragile Role),0.5640502,0.21517733,0.3488729,0.379712280962281,0.5,False,Low,50.51546391752577,0.3866943866943866,-0.0409999999999999,0.5234784946236559
1629675,Naz Reid,2022-23,23.0,0.242,Victim (Fragile Role),0.5632958,0.35365644,0.20963936,0.18949101068999022,0.5,False,Low,50.171821305841924,0.1870748299319727,0.029,0.6129363636363636
1629626,Bol Bol,2020-21,21.0,0.191,Victim (Fragile Role),0.56321204,0.25306362,0.31014842,0.4563106796116504,0.16666666666666666,False,Low,49.65635738831615,0.4563106796116504,,0.631
1629599,Amir Coffey,2019-20,23.0,0.174,Victim (Fragile Role),0.56321204,0.25306362,0.31014842,0.4564102564102564,0.16666666666666666,False,Low,49.65635738831615,0.4564102564102564,,0.5639213483146068
202699,Tobias Harris,2016-17,24.0,0.214,Victim (Fragile Role),0.5623847,0.17122188,0.39116287,0.29431083991385515,0.5,False,Low,49.140893470790374,0.314070351758794,-0.0739999999999999,0.53644
1627748,Thon Maker,2020-21,24.0,0.145,Victim (Fragile Role),0.56151664,0.25009158,0.31142503,0.2516556291390729,0.16666666666666666,False,Low,47.766323024054984,0.2516556291390729,,1.0
1630234,Ty-Shon Alexander,2020-21,22.0,0.143,Victim (Fragile Role),0.56151664,0.25009158,0.31142503,0.2985074626865672,0.16666666666666666,False,Low,47.766323024054984,0.2985074626865672,,0.833
1631111,Wendell Moore Jr.,2022-23,21.0,0.139,Victim (Fragile Role),0.56151664,0.25009158,0.31142503,0.2950819672131147,0.16666666666666666,False,Low,47.766323024054984,0.2950819672131147,,0.5928888888888889
1630182,Josh Green,2020-21,20.0,0.112,Victim (Fragile Role),0.56151664,0.25009158,0.31142503,0.2516556291390729,0.16666666666666666,False,Low,47.766323024054984,0.2516556291390729,,0.6
203950,Jarnell Stokes,2015-16,22.0,0.133,Victim (Fragile Role),0.56151664,0.25009158,0.31142503,0.2456140350877192,0.16666666666666666,False,Low,47.766323024054984,0.2456140350877192,,1.0
1631159,Leonard Miller,2024-25,21.0,0.239,Victim (Fragile Role),0.56151664,0.25009158,0.31142503,0.2705882352941177,0.16666666666666666,False,Low,47.766323024054984,0.2705882352941177,,0.667
1629015,Zhaire Smith,2018-19,20.0,0.166,Victim (Fragile Role),0.56151664,0.25009158,0.31142503,0.2805755395683453,0.16666666666666666,False,Low,47.766323024054984,0.2805755395683453,,0.643
1641732,Colby Jones,2023-24,22.0,0.178,Victim (Fragile Role),0.5614591,0.25006598,0.31139314,0.3795180722891565,0.16666666666666666,False,Low,44.15807560137457,0.3795180722891565,,0.5784920634920636
1626214,Bryce Dejean-Jones,2015-16,23.0,0.14,Victim (Fragile Role),0.5614591,0.25006598,0.31139314,0.3773087071240106,0.16666666666666666,False,Low,44.15807560137457,0.3773087071240106,,0.6
1626148,Anthony Brown,2016-17,24.0,0.152,Victim (Fragile Role),0.5614591,0.25006598,0.31139314,0.3655913978494624,0.16666666666666666,False,Low,44.15807560137457,0.3655913978494624,,0.5674411764705882
1630306,Rob Edwards,2021-22,25.0,0.227,Victim (Fragile Role),0.5614591,0.25006598,0.31139314,0.3333333333333333,0.16666666666666666,False,Low,44.15807560137457,0.3333333333333333,,1.5
1628439,Isaiah Hicks,2018-19,24.0,0.153,Victim (Fragile Role),0.5614591,0.25006598,0.31139314,0.4011976047904192,0.16666666666666666,False,Low,44.15807560137457,0.4011976047904192,,1.0
1630787,Cameron McGriff,2021-22,24.0,0.122,Victim (Fragile Role),0.5614591,0.25006598,0.31139314,0.3633879781420765,0.16666666666666666,False,Low,44.15807560137457,0.3633879781420765,,0.75
1629669,Jaylen Nowell,2019-20,20.0,0.165,Victim (Fragile Role),0.5614591,0.25006598,0.31139314,0.3663003663003663,0.16666666666666666,False,Low,44.15807560137457,0.3663003663003663,,0.7009700000000001
202706,Jordan Hamilton,2015-16,25.0,0.203,Victim (Fragile Role),0.5614591,0.25006598,0.31139314,0.3993710691823899,0.16666666666666666,False,Low,44.15807560137457,0.3993710691823899,,0.5712007874015747
1629035,Carsen Edwards,2020-21,23.0,0.187,Victim (Fragile Role),0.5614591,0.25006598,0.31139314,0.3433962264150944,0.16666666666666666,False,Low,44.15807560137457,0.3433962264150944,,0.696054945054945
1629607,Jared Harper,2019-20,22.0,0.222,Victim (Fragile Role),0.5614591,0.25006598,0.31139314,0.33,0.16666666666666666,False,Low,44.15807560137457,0.33,,1.0
1630206,Jay Scrubb,2021-22,21.0,0.188,Victim (Fragile Role),0.5614591,0.25006598,0.31139314,0.4271844660194174,0.16666666666666666,False,Low,44.15807560137457,0.4271844660194174,,0.6658181818181819
1627782,Wayne Selden,2016-17,22.0,0.159,Victim (Fragile Role),0.5614591,0.25006598,0.31139314,0.3223140495867769,0.16666666666666666,False,Low,44.15807560137457,0.3223140495867769,,0.7267692307692308
1631245,Quenton Jackson,2022-23,24.0,0.164,Victim (Fragile Role),0.5614591,0.25006598,0.31139314,0.4366197183098592,0.16666666666666666,False,Low,44.15807560137457,0.4366197183098592,,0.5716129032258065
1629648,Jordan Bone,2020-21,23.0,0.121,Victim (Fragile Role),0.5614591,0.25006598,0.31139314,0.4,0.16666666666666666,False,Low,44.15807560137457,0.4,,0.719
1629636,Darius Garland,2020-21,21.0,0.245,King (Resilient Star),0.5613036,0.48479927,0.07650433,0.605526133936424,0.5,False,Low,41.580756013745706,0.7264731750219877,0.0399999999999999,0.4741440677966101
1629726,Garrison Mathews,2021-22,25.0,0.137,King (Resilient Star),0.5609541,0.46692488,0.09402922,0.5983878968253966,0.5,False,Low,41.23711340206185,0.0329861111111111,0.0389999999999999,0.2031052631578947
1627812,Yogi Ferrell,2016-17,24.0,0.192,King (Resilient Star),0.56081927,0.47435856,0.08646074,0.7380275974025973,0.5,False,Low,40.893470790378004,0.6789772727272727,0.033,0.452305439330544
1626144,Emmanuel Mudiay,2018-19,23.0,0.248,King (Resilient Star),0.55985105,0.47177258,0.08807845,0.6344679713990858,0.5,False,Low,40.549828178694156,0.7100103199174407,0.069,0.4524055232558139
1628379,Luke Kennard,2018-19,23.0,0.179,King (Resilient Star),0.5586965,0.4439277,0.114768796,0.7071860495100565,0.5,False,Low,40.20618556701031,0.3646209386281588,-0.1389999999999999,0.4684356435643564
1626224,Cedi Osman,2019-20,25.0,0.162,Victim (Fragile Role),0.5580907,0.23205468,0.32603598,0.35464285714285715,0.5,False,Low,39.86254295532646,0.3,-0.0259999999999999,0.5291173708920188
1630233,Nathan Knight,2022-23,25.0,0.177,Victim (Fragile Role),0.5564844,0.21987583,0.33660856,0.2272727272727272,0.16666666666666666,False,Low,39.51890034364261,0.2272727272727272,,0.8834285714285715
1641724,Jett Howard,2024-25,21.0,0.181,Victim (Fragile Role),0.55562085,0.2542348,0.30138606,0.2192982456140351,0.16666666666666666,False,Low,39.175257731958766,0.2192982456140351,,0.5555333333333333
1629103,Kelan Martin,2019-20,24.0,0.171,Victim (Fragile Role),0.55486155,0.25388736,0.30097422,0.2307692307692307,0.16666666666666666,False,Low,38.48797250859107,0.2307692307692307,,0.5548666666666666
1627846,Abdel Nader,2018-19,25.0,0.148,Victim (Fragile Role),0.55486155,0.25388736,0.30097422,0.28515625,0.16666666666666666,False,Low,38.48797250859107,0.28515625,,0.555972602739726
1630186,Jahmi'us Ramsey,2023-24,23.0,0.18,Victim (Fragile Role),0.55486155,0.25388736,0.30097422,0.2639175257731959,0.16666666666666666,False,Low,38.48797250859107,0.2639175257731959,,0.5554687500000001
1627854,Bryn Forbes,2016-17,23.0,0.172,Victim (Fragile Role),0.55480385,0.25386098,0.3009429,0.3058252427184466,0.16666666666666666,False,Low,37.2852233676976,0.3058252427184466,,0.5438888888888889
1641842,Ronald Holland II,2024-25,19.0,0.177,Victim (Fragile Role),0.55480385,0.25386098,0.3009429,0.396694214876033,0.16666666666666666,False,Low,37.2852233676976,0.396694214876033,,0.5429722222222223
1631207,Dalen Terry,2023-24,21.0,0.127,Victim (Fragile Role),0.55480385,0.25386098,0.3009429,0.3846153846153846,0.16666666666666666,False,Low,37.2852233676976,0.3846153846153846,,0.5404823529411764
1641716,Jarace Walker,2023-24,20.0,0.155,Victim (Fragile Role),0.55480385,0.25386098,0.3009429,0.3247863247863248,0.16666666666666666,False,Low,37.2852233676976,0.3247863247863248,,0.5605263157894737
203915,Spencer Dinwiddie,2017-18,25.0,0.201,King (Resilient Star),0.5545667,0.5068068,0.04775991,0.5402501289324393,0.5,False,Low,36.42611683848797,0.6787003610108303,0.0879999999999999,0.4261648936170212
1630189,Tyler Bey,2020-21,23.0,0.143,Victim (Fragile Role),0.5544214,0.25492105,0.2995004,0.2179487179487179,0.16666666666666666,False,Low,35.738831615120276,0.2179487179487179,,0.8330000000000001
1629686,Deividas Sirvydis,2020-21,21.0,0.15,Victim (Fragile Role),0.5544214,0.25492105,0.2995004,0.2187499999999999,0.16666666666666666,False,Low,35.738831615120276,0.2187499999999999,,0.6428571428571429
1631213,Tyrese Martin,2022-23,24.0,0.164,Victim (Fragile Role),0.5544214,0.25492105,0.2995004,0.2159090909090909,0.16666666666666666,False,Low,35.738831615120276,0.2159090909090909,,0.667
1641809,Drew Peterson,2024-25,25.0,0.121,Victim (Fragile Role),0.5536617,0.2545717,0.29909,0.2352941176470588,0.16666666666666666,False,Low,34.707903780068726,0.2352941176470588,,0.56225
1641771,Jalen Slawson,2023-24,24.0,0.088,Victim (Fragile Role),0.5536617,0.2545717,0.29909,0.2424242424242424,0.16666666666666666,False,Low,34.707903780068726,0.2424242424242424,,1.0
1641788,Alex Fudge,2023-24,21.0,0.176,Victim (Fragile Role),0.5536617,0.2545717,0.29909,0.2304147465437788,0.16666666666666666,False,Low,34.707903780068726,0.2304147465437788,,0.667
1629659,Talen Horton-Tucker,2024-25,24.0,0.208,Victim (Fragile Role),0.55319107,0.27180886,0.28138217,0.5731132075471698,0.16666666666666666,False,Low,34.02061855670103,0.5731132075471698,,0.5284156378600823
1628978,Donte DiVincenzo,2019-20,23.0,0.168,Victim (Fragile Role),0.55306554,0.31740516,0.23566034,0.3377826896230805,0.5,False,Low,33.67697594501718,0.3517915309446254,-0.09,0.51775
1626154,RJ Hunter,2018-19,25.0,0.226,Victim (Fragile Role),0.55282974,0.2107949,0.34203488,0.3,0.16666666666666666,False,Low,33.161512027491405,0.3,,0.8329999999999999
1631367,Jacob Gilyard,2023-24,25.0,0.112,Victim (Fragile Role),0.55282974,0.2107949,0.34203488,0.2810457516339869,0.16666666666666666,False,Low,33.161512027491405,0.2810457516339869,,0.6325
1629618,Jalen Pickett,2024-25,25.0,0.13,Victim (Fragile Role),0.552529,0.23479477,0.31773418,0.3931888544891641,0.16666666666666666,False,Low,32.64604810996563,0.3931888544891641,,0.6052204724409448
1631103,Malaki Branham,2023-24,21.0,0.192,Victim (Fragile Role),0.55242765,0.4168122,0.13561545,0.6818613801452782,0.5,False,Low,32.302405498281786,0.3627118644067796,0.0229999999999999,0.3986542056074766
1626145,Tyus Jones,2017-18,22.0,0.124,Victim (Fragile Role),0.5524113,0.37728617,0.17512517,0.7807657010172491,0.5,False,Low,31.958762886597935,0.5046439628482972,-0.001,0.4327914110429448
1630217,Desmond Bane,2021-22,24.0,0.226,Victim (Fragile Role),0.5494679,0.28320596,0.266262,0.4244163970713433,0.5,False,Low,31.615120274914087,0.3873659117997616,-0.034,0.5286123076923077
1631109,Mark Williams,2022-23,21.0,0.168,Victim (Fragile Role),0.5492535,0.23735984,0.3118937,0.571022803487592,0.5,False,Low,31.27147766323024,0.0328638497652582,0.002,0.667
1630700,Dyson Daniels,2024-25,22.0,0.178,Victim (Fragile Role),0.54892576,0.20913881,0.33978692,0.518648339932988,0.5,False,Low,30.927835051546392,0.4712153518123668,-0.0419999999999999,0.5300407239819005
1629672,Eric Paschall,2020-21,24.0,0.234,Victim (Fragile Role),0.5486186,0.28750256,0.26111606,0.5964204174820611,0.5,False,Low,30.584192439862544,0.3949771689497717,-0.132,0.5442832369942197
1629168,BJ Johnson,2018-19,23.0,0.178,Victim (Fragile Role),0.5463414,0.23851681,0.30782464,0.3317757009345795,0.16666666666666666,False,Low,30.240549828178693,0.3317757009345795,,0.5985915492957746
203933,T.J. Warren,2016-17,23.0,0.188,Victim (Fragile Role),0.5455415,0.20725593,0.33828562,0.35035334346504554,0.5,False,Low,29.896907216494846,0.3164893617021276,-0.041,0.5562773109243698
1629632,Coby White,2024-25,25.0,0.237,Victim (Fragile Role),0.5454694,0.3234938,0.22197562,0.570468768311262,0.5,False,Low,29.553264604810998,0.6013125512715339,0.026,0.5222646657571623
1628401,Derrick White,2017-18,23.0,0.146,Victim (Fragile Role),0.54536706,0.22472243,0.32064465,0.5629629629629629,0.16666666666666666,False,Low,29.20962199312715,0.5629629629629629,,0.6162631578947368
1630187,Daniel Oturu,2020-21,21.0,0.174,Victim (Fragile Role),0.5444055,0.23911305,0.3052925,0.2368421052631578,0.16666666666666666,False,Low,28.865979381443296,0.2368421052631578,,0.625
1629012,Collin Sexton,2022-23,24.0,0.23,Victim (Fragile Role),0.54357314,0.2774299,0.26614323,0.6745988192024776,0.5,False,Low,28.52233676975945,0.6693766937669376,-0.017,0.5400728744939273
1630245,Ayo Dosunmu,2022-23,23.0,0.145,Victim (Fragile Role),0.543008,0.21794797,0.32506004,0.42378737541528255,0.5,False,Low,28.1786941580756,0.4186046511627907,-0.0319999999999999,0.561
1630551,Justin Champagnie,2024-25,24.0,0.15,Victim (Fragile Role),0.54106283,0.24825457,0.29280826,0.5936424588422727,0.5,False,Low,27.835051546391753,0.1486988847583643,-0.003,0.5313
203943,Noah Vonleh,2018-19,23.0,0.144,Victim (Fragile Role),0.5408366,0.20443004,0.3364065,0.3605201863354037,0.5,False,Low,27.491408934707906,0.3869565217391305,-0.0189999999999999,0.5458146067415731
1631121,Bryce McGowens,2023-24,21.0,0.147,Victim (Fragile Role),0.53953683,0.24209443,0.29744244,0.3333333333333333,0.16666666666666666,False,Low,27.147766323024054,0.3333333333333333,,0.5511616161616162
1642349,Ajay Mitchell,2024-25,23.0,0.159,Victim (Fragile Role),0.5392168,0.23211549,0.3071013,0.5200945626477541,0.16666666666666666,False,Low,26.804123711340207,0.5200945626477541,,0.5442318181818181
1628988,Aaron Holiday,2020-21,24.0,0.189,Victim (Fragile Role),0.5392084,0.36644703,0.17276141,0.7622601613867303,0.5,False,Low,26.46048109965636,0.5188284518828452,-0.035,0.4449838709677419
204025,Tim Frazier,2015-16,25.0,0.192,Victim (Fragile Role),0.5387335,0.40144205,0.13729146,0.9751785714285716,0.5,False,Low,26.11683848797251,0.8,-0.065,0.3962464788732394
203894,Shabazz Napier,2015-16,24.0,0.196,Victim (Fragile Role),0.53871346,0.3887049,0.15000859,0.8369380619380616,0.5,False,Low,25.773195876288657,0.5734265734265734,0.0,0.3224268292682927
203095,Evan Fournier,2017-18,25.0,0.226,Victim (Fragile Role),0.5382384,0.3914137,0.14682473,0.4500614634855979,0.5,False,Low,25.42955326460481,0.3706720977596741,0.0829999999999999,0.4978461538461539
1627758,Ron Baker,2016-17,24.0,0.149,Victim (Fragile Role),0.53707993,0.4303692,0.1067107,0.3955201630201629,0.5,False,Low,25.085910652920962,0.4564564564564564,0.02,0.3865197368421052
203926,Doug McDermott,2016-17,25.0,0.162,Victim (Fragile Role),0.53660154,0.29869872,0.23790284,0.3075427256792287,0.5,False,Low,24.742268041237114,0.0736196319018404,-0.015,0.583
1629672,Eric Paschall,2021-22,25.0,0.174,Victim (Fragile Role),0.53591526,0.22860476,0.30731052,0.2515527950310559,0.16666666666666666,False,Low,24.398625429553263,0.2515527950310559,,0.5318148148148149
1630182,Josh Green,2022-23,22.0,0.14,Victim (Fragile Role),0.5345237,0.18093354,0.35359022,0.22049261083743837,0.5,False,Low,24.054982817869416,0.3038793103448275,-0.041,0.576468085106383
1630172,Patrick Williams,2021-22,20.0,0.139,Victim (Fragile Role),0.53438026,0.1884744,0.34590587,0.3730964467005076,0.16666666666666666,False,Low,23.711340206185564,0.3730964467005076,,0.5410952380952381
203900,Markel Brown,2015-16,24.0,0.183,Victim (Fragile Role),0.5342226,0.4172404,0.116982184,0.6825895289996107,0.5,False,Low,23.367697594501717,0.3242506811989101,-0.0119999999999999,0.3649327731092437
1631200,Kris Murray,2024-25,24.0,0.133,Victim (Fragile Role),0.5335382,0.39136353,0.14217468,0.9425114103149245,0.5,False,Low,23.02405498281787,0.2300319488817891,-0.05,0.4604861111111112
1628984,Devonte' Graham,2019-20,25.0,0.243,King (Resilient Star),0.5329131,0.4906868,0.042226307,0.6856784504657069,0.5,False,Low,22.68041237113402,0.6883996613039797,0.061,0.4369520295202952
1627748,Thon Maker,2019-20,23.0,0.16,King (Resilient Star),0.53279203,0.46647093,0.06632109,0.08735499462943076,0.5,False,Low,22.336769759450174,0.037593984962406,0.0519999999999999,0.5
1628367,Josh Jackson,2018-19,22.0,0.234,Victim (Fragile Role),0.5324302,0.40271163,0.12971856,0.74197632423756,0.5,False,Low,21.993127147766323,0.5730337078651685,-0.003,0.3852745098039216
1629028,Deandre Ayton,2021-22,23.0,0.217,Victim (Fragile Role),0.5313896,0.25141722,0.27997234,0.4694158595641645,0.5,False,Low,21.649484536082475,0.024364406779661,-0.0799999999999999,0.7717391304347826
1629713,Justin James,2019-20,23.0,0.181,Victim (Fragile Role),0.5305726,0.22632574,0.30424684,0.2344827586206896,0.16666666666666666,False,Low,21.305841924398624,0.2344827586206896,,0.5441176470588236
1627743,Demetrius Jackson,2018-19,24.0,0.182,Victim (Fragile Role),0.5305506,0.2220088,0.3085418,0.537037037037037,0.16666666666666666,False,Low,20.962199312714777,0.537037037037037,,0.5706896551724139
1626167,Myles Turner,2019-20,24.0,0.18,Victim (Fragile Role),0.53038585,0.25652727,0.2738586,0.42591385101758555,0.5,False,Low,20.618556701030926,0.0525587828492392,-0.0579999999999999,0.5631578947368421
1627775,Patrick McCaw,2019-20,24.0,0.093,Victim (Fragile Role),0.52923083,0.37614316,0.15308765,1.337839335180055,0.5,False,Low,20.274914089347078,0.337950138504155,0.006,0.3863606557377049
1629626,Bol Bol,2022-23,23.0,0.177,Victim (Fragile Role),0.52872956,0.18753038,0.3411992,0.48585035959463874,0.5,False,Low,19.93127147766323,0.3958810068649885,-0.0949999999999999,0.5331387283236995
1627823,Juancho Hernangomez,2020-21,25.0,0.167,Victim (Fragile Role),0.5283158,0.21486816,0.31344762,0.5444605420784665,0.5,False,Low,19.587628865979383,0.0649895178197065,-0.067,0.563
1629056,Terence Davis,2021-22,25.0,0.244,Victim (Fragile Role),0.5273717,0.4269761,0.10039561,0.5361655592469544,0.5,False,Low,19.243986254295535,0.4542635658914729,0.02,0.4410580204778157
203095,Evan Fournier,2016-17,24.0,0.229,King (Resilient Star),0.52576375,0.47153434,0.054229394,0.5598438952587541,0.5,False,Low,18.900343642611684,0.411062906724512,0.039,0.4613614775725593
1630554,Jason Preston,2022-23,23.0,0.166,Victim (Fragile Role),0.5251849,0.2824283,0.24275662,0.5289256198347106,0.16666666666666666,False,Low,18.556701030927837,0.5289256198347106,,0.5277343750000001
1630200,Tre Jones,2024-25,25.0,0.136,Victim (Fragile Role),0.5247678,0.41463658,0.11013125,0.6091346512495337,0.5,False,Low,18.213058419243985,0.6135770234986945,0.086,0.5140297872340426
1629614,Andrew Nembhard,2023-24,24.0,0.161,Victim (Fragile Role),0.5241227,0.3587369,0.16538581,0.4454501849283404,0.5,False,Low,17.869415807560138,0.5857605177993528,-0.031,0.5104972375690607
1630200,Tre Jones,2023-24,24.0,0.149,Victim (Fragile Role),0.52396894,0.2355767,0.28839222,0.5171957563712882,0.5,False,Low,17.525773195876287,0.5646481178396072,-0.0169999999999999,0.5307652173913043
1630570,Trendon Watford,2024-25,24.0,0.226,Victim (Fragile Role),0.5238451,0.42701477,0.096830316,0.7189563614351748,0.5,False,Low,17.18213058419244,0.62557781201849,-0.021,0.5108620689655172
1630245,Ayo Dosunmu,2023-24,24.0,0.168,Victim (Fragile Role),0.52371013,0.1937622,0.32994795,0.45102933486718255,0.5,False,Low,16.83848797250859,0.4333821376281113,-0.041,0.5942601351351351
203484,Kentavious Caldwell-Pope,2016-17,24.0,0.187,King (Resilient Star),0.5236678,0.47430855,0.04935929,0.5152917905228186,0.5,False,Low,16.49484536082474,0.3733170134638923,0.081,0.4329639344262295
203484,Kentavious Caldwell-Pope,2017-18,25.0,0.165,Victim (Fragile Role),0.52184975,0.4387329,0.083116844,0.3774988174077578,0.5,False,Low,16.151202749140893,0.2754966887417219,0.0169999999999999,0.4249230769230769
203504,Trey Burke,2017-18,25.0,0.249,Victim (Fragile Role),0.5208564,0.29959363,0.22126278,0.4625840336134454,0.5,False,Low,15.807560137457044,0.728235294117647,-0.01,0.5315654281098546
203937,Kyle Anderson,2018-19,25.0,0.127,Victim (Fragile Role),0.5207053,0.18222933,0.33847594,0.07715336134453792,0.5,False,Low,15.463917525773196,0.3435294117647058,-0.053,0.5871917808219178
1629632,Coby White,2023-24,24.0,0.224,Victim (Fragile Role),0.5191246,0.4406371,0.0784875,0.5394637250504597,0.5,False,Low,15.120274914089347,0.5729984301412873,-0.013,0.5102986301369863
1628983,Shai Gilgeous-Alexander,2018-19,20.0,0.182,Victim (Fragile Role),0.5185657,0.4174128,0.10115294,0.6098007323285924,0.5,False,Low,14.776632302405499,0.7429420505200593,-0.037,0.50356
204456,T.J. McConnell,2015-16,24.0,0.167,Victim (Fragile Role),0.518245,0.3541523,0.1640927,0.38396930462612744,0.5,False,Low,14.432989690721648,0.7841140529531568,-0.018,0.5165818181818181
1628402,Frank Jackson,2019-20,22.0,0.203,Victim (Fragile Role),0.51707745,0.40714246,0.109934986,0.6304227053140096,0.5,False,Low,14.0893470790378,0.466183574879227,-0.066,0.4686839378238341
1627736,Malik Beasley,2016-17,20.0,0.216,Victim (Fragile Role),0.5165538,0.23178177,0.28477207,0.3214285714285714,0.16666666666666666,False,Low,13.745704467353953,0.3214285714285714,,0.529
1630534,Ochai Agbaji,2022-23,23.0,0.154,Victim (Fragile Role),0.5163205,0.407363,0.10895753,0.49289023858015696,0.5,False,Low,13.402061855670103,0.1995926680244399,0.039,0.3272857142857142
1626143,Jahlil Okafor,2017-18,22.0,0.216,Victim (Fragile Role),0.5160809,0.20896618,0.30711472,0.3973063973063973,0.16666666666666666,False,Low,12.886597938144329,0.3973063973063973,,0.5761949152542373
1630223,Jalen Harris,2020-21,22.0,0.219,Victim (Fragile Role),0.5160809,0.20896618,0.30711472,0.4405286343612334,0.16666666666666666,False,Low,12.886597938144329,0.4405286343612334,,0.59616
1631223,David Roddy,2024-25,24.0,0.159,Victim (Fragile Role),0.51349306,0.27102172,0.24247132,0.2618181818181818,0.16666666666666666,False,Low,12.371134020618557,0.2618181818181818,,0.521
1630183,Jaden McDaniels,2021-22,21.0,0.149,Victim (Fragile Role),0.51267064,0.26526266,0.247408,0.3675322642473804,0.5,False,Low,12.027491408934708,0.1305903398926654,-0.0549999999999999,0.529
1628407,Dwayne Bacon,2019-20,24.0,0.189,Victim (Fragile Role),0.5124909,0.4295818,0.08290914,0.7223396501457723,0.5,False,Low,11.683848797250858,0.6275510204081632,0.0179999999999999,0.3699268292682927
1641717,Cason Wallace,2024-25,21.0,0.124,Victim (Fragile Role),0.5122802,0.27448103,0.23779918,0.6253725902125554,0.5,False,Low,11.34020618556701,0.3875432525951557,-0.031,0.5293035714285714
201937,Ricky Rubio,2015-16,25.0,0.173,Victim (Fragile Role),0.5122621,0.4087311,0.10353102,0.5633534180543381,0.5,False,Low,10.996563573883162,0.5858895705521472,-0.0269999999999999,0.3930366492146597
1627782,Wayne Selden,2018-19,24.0,0.178,Victim (Fragile Role),0.5120635,0.40856326,0.103500254,0.7232340374072879,0.5,False,Low,10.652920962199312,0.4785553047404063,-0.0929999999999999,0.4146792452830188
1626179,Terry Rozier,2016-17,23.0,0.167,Victim (Fragile Role),0.51194257,0.4041789,0.10776367,0.9193309319435928,0.5,False,Low,10.309278350515463,0.53862660944206,-0.111,0.4005258964143426
1627936,Alex Caruso,2018-19,25.0,0.184,Victim (Fragile Role),0.511637,0.37705523,0.13458177,1.0206502181025081,0.5,False,Low,9.965635738831615,0.6183206106870229,-0.041,0.4258148148148147
1628373,Frank Ntilikina,2017-18,19.0,0.166,Victim (Fragile Role),0.5113589,0.40133286,0.110026054,0.5717857142857141,0.5,False,Low,9.621993127147768,0.608,0.0219999999999999,0.3502565789473684
1629669,Jaylen Nowell,2022-23,23.0,0.238,Victim (Fragile Role),0.5112112,0.3796026,0.13160862,0.4122614045618247,0.5,False,Low,9.278350515463918,0.5798319327731092,-0.1629999999999999,0.5038695652173913
1629006,Josh Okogie,2019-20,21.0,0.148,Victim (Fragile Role),0.51036084,0.2691088,0.24125206,0.39968679458239276,0.5,False,Low,8.934707903780069,0.2686230248306998,0.005,0.527016806722689
1629003,Shake Milton,2021-22,25.0,0.174,Victim (Fragile Role),0.50829244,0.3326641,0.17562835,0.5130199579831932,0.5,False,Low,8.59106529209622,0.6084558823529411,-0.0339999999999999,0.4310211480362537
1627755,Tyler Ulis,2016-17,21.0,0.199,Victim (Fragile Role),0.50825983,0.4416753,0.06658454,0.8231172099712367,0.5,False,Low,8.24742268041237,0.8842281879194631,-0.093,0.4197096774193549
1629164,Brandon Goodwin,2019-20,24.0,0.22,Victim (Fragile Role),0.5079172,0.31337672,0.19454049,0.5622222222222223,0.16666666666666666,False,Low,7.903780068728522,0.5622222222222223,,0.5115810276679842
203462,Archie Goodwin,2016-17,22.0,0.203,Victim (Fragile Role),0.50774515,0.24111442,0.2666307,0.6676470588235295,0.16666666666666666,False,Low,7.560137457044673,0.6676470588235295,,0.5735859030837004
1629667,Jalen McDaniels,2021-22,24.0,0.152,Victim (Fragile Role),0.5077441,0.2804234,0.22732067,0.2367021276595744,0.16666666666666666,False,Low,7.216494845360824,0.2367021276595744,,0.5206404494382022
1626181,Norman Powell,2015-16,23.0,0.174,Victim (Fragile Role),0.50750536,0.21648598,0.29101938,0.4107142857142857,0.16666666666666666,False,Low,6.872852233676976,0.4107142857142857,,0.5383333333333333
1627763,Malcolm Brogdon,2016-17,24.0,0.182,Victim (Fragile Role),0.50587463,0.3896228,0.11625181,0.5438350584136091,0.5,False,Low,6.529209621993128,0.5222381635581061,0.0229999999999999,0.4393324175824176
1626169,Stanley Johnson,2020-21,25.0,0.13,Victim (Fragile Role),0.50539905,0.4022657,0.103133366,0.49113258317025416,0.5,False,Low,6.185567010309279,0.2876712328767123,0.0209999999999999,0.3722619047619047
1628977,Hamidou Diallo,2018-19,20.0,0.16,Victim (Fragile Role),0.505342,0.27549958,0.2298424,0.31,0.16666666666666666,False,Low,5.670103092783505,0.31,,0.5165161290322582
1627815,Sheldon Mac,2016-17,24.0,0.138,Victim (Fragile Role),0.505342,0.27549958,0.2298424,0.4145077720207254,0.16666666666666666,False,Low,5.670103092783505,0.4145077720207254,,0.51875
1629014,Anfernee Simons,2019-20,21.0,0.18,Victim (Fragile Role),0.5053256,0.42635614,0.078969486,0.3699311352253756,0.5,False,Low,5.154639175257731,0.5843071786310517,0.007,0.4529428571428572
1629629,Cam Reddish,2022-23,23.0,0.166,Victim (Fragile Role),0.50531614,0.32760626,0.1777099,0.596566404128191,0.5,False,Low,4.810996563573884,0.3098859315589353,-0.057,0.5147791411042946
1628021,David Nwaba,2016-17,24.0,0.118,Victim (Fragile Role),0.504716,0.193401,0.31131497,0.550667701863354,0.5,False,Low,4.4673539518900345,0.2608695652173913,-0.03,0.5835
203114,Khris Middleton,2015-16,24.0,0.224,Victim (Fragile Role),0.50386536,0.40807387,0.095791474,0.4734957317962936,0.5,False,Low,4.123711340206185,0.4422880490296221,0.091,0.4617367205542725
203933,T.J. Warren,2018-19,25.0,0.221,Victim (Fragile Role),0.5038572,0.19422735,0.30962986,0.478563829787234,0.5,False,Low,3.7800687285223367,0.3829787234042553,-0.01,0.5406578947368421
1629656,Quentin Grimes,2024-25,25.0,0.218,Victim (Fragile Role),0.50342476,0.3624918,0.140933,0.48549279235503734,0.5,False,Low,3.436426116838488,0.5328798185941043,0.0169999999999999,0.5097340425531914
1630544,Tre Mann,2022-23,22.0,0.2,Victim (Fragile Role),0.5029222,0.43518272,0.067739435,0.27757166548211315,0.5,False,Low,3.0927835051546393,0.6932006633499171,0.0119999999999999,0.4485454545454546
1629631,De'Andre Hunter,2021-22,24.0,0.194,Victim (Fragile Role),0.5023081,0.34622714,0.15608092,0.315447504302926,0.5,False,Low,2.7491408934707904,0.3132530120481928,-0.018,0.3952692307692308
1630177,Theo Maledon,2020-21,20.0,0.188,Victim (Fragile Role),0.5022549,0.38689184,0.11536304,0.747457482993197,0.5,False,Low,2.405498281786942,0.5523809523809524,-0.041,0.3957881773399014
1630182,Josh Green,2023-24,23.0,0.129,Victim (Fragile Role),0.5020561,0.38900274,0.11305335,0.5624020737327188,0.5,False,Low,2.0618556701030926,0.2157258064516129,0.0279999999999999,0.4913177570093457
1641741,Ricky Council IV,2024-25,23.0,0.196,Victim (Fragile Role),0.50201,0.37388223,0.12812777,0.474,0.16666666666666666,False,Low,1.718213058419244,0.474,,0.4336455696202532
1630558,Davion Mitchell,2023-24,25.0,0.147,Victim (Fragile Role),0.50185895,0.36219913,0.1396598,1.4550883256528417,0.5,False,Low,1.3745704467353952,0.489247311827957,-0.0999999999999999,0.4501758241758242
203114,Khris Middleton,2016-17,25.0,0.227,Victim (Fragile Role),0.5015265,0.36205196,0.1394745,0.3935075093867334,0.5,False,Low,1.0309278350515463,0.4568210262828536,0.0199999999999999,0.3819342465753425
1631100,AJ Griffin,2022-23,19.0,0.174,Victim (Fragile Role),0.50126237,0.3492547,0.15200767,0.3773894557823129,0.5,False,Low,0.6872852233676976,0.3561904761904761,0.021,0.488903743315508
1630581,Josh Giddey,2021-22,19.0,0.218,Victim (Fragile Role),0.5011412,0.40902355,0.09211765,0.36565476190476187,0.5,False,Low,0.3436426116838488,0.5333333333333332,-0.0169999999999999,0.434869140625
