PLAYER_ID,PLAYER_NAME,SEASON,ZONE_DISPLACEMENT,COUNTER_PUNCH_EFF,COMPRESSION_SCORE,RIM_DETERRENCE,RS_SHOTS,PO_SHOTS,RESILIENCE_SCORE
1641726,Dereck Lively II,2023-24,0.0661,-0.0521,-0.7699,0.0649,321,95,2.0297410502999815
1641726,Dereck Lively II,2023-24,0.0661,-0.0521,-0.7699,0.0649,321,95,0.6462409880494063
1641726,Dereck Lively II,2023-24,0.0661,-0.0521,-0.7699,0.0649,321,95,0.0262708626949872
1641726,Dereck Lively II,2023-24,0.0661,-0.0521,-0.7699,0.0649,321,95,-0.2374630894043067
1629614,Andrew Nembhard,2023-24,0.031,0.1307,0.1518,0.0209,552,182,1.7189312829312504
1629614,Andrew Nembhard,2023-24,0.031,0.1307,0.1518,0.0209,552,182,0.7833843412907328
1629614,Andrew Nembhard,2023-24,0.031,0.1307,0.1518,0.0209,552,182,0.6318506992198777
1628401,Derrick White,2023-24,0.1235,0.0286,-0.52,-0.043,839,241,1.1605287000453015
1628401,Derrick White,2023-24,0.1235,0.0286,-0.52,-0.043,839,241,0.0856098981521436
1628401,Derrick White,2023-24,0.1235,0.0286,-0.52,-0.043,839,241,0.0152662638141873
1628401,Derrick White,2023-24,0.1235,0.0286,-0.52,-0.043,839,241,-0.4441953815861066
203932,Aaron Gordon,2023-24,0.0987,0.0741,0.4201,-0.0543,715,118,1.1336071185299188
203932,Aaron Gordon,2023-24,0.0987,0.0741,0.4201,-0.0543,715,118,-0.0183972737522844
1630573,Sam Hauser,2023-24,0.1613,-0.0072,-1.444,-0.0232,556,84,1.0729077976540826
1630573,Sam Hauser,2023-24,0.1613,-0.0072,-1.444,-0.0232,556,84,0.801204820749073
1630573,Sam Hauser,2023-24,0.1613,-0.0072,-1.444,-0.0232,556,84,-0.2128057432194442
1630573,Sam Hauser,2023-24,0.1613,-0.0072,-1.444,-0.0232,556,84,-1.7689745986940502
1630167,Obi Toppin,2023-24,0.1021,0.0229,-0.1205,-0.0559,576,134,0.981370661095571
1630167,Obi Toppin,2023-24,0.1021,0.0229,-0.1205,-0.0559,576,134,0.6361676987478164
1630167,Obi Toppin,2023-24,0.1021,0.0229,-0.1205,-0.0559,576,134,0.4555244828354081
201950,Jrue Holiday,2023-24,0.0854,0.1167,0.7748,0.0854,688,193,0.8975566833341497
201950,Jrue Holiday,2023-24,0.0854,0.1167,0.7748,0.0854,688,193,0.1986323121995155
201950,Jrue Holiday,2023-24,0.0854,0.1167,0.7748,0.0854,688,193,-0.0343058017426503
201950,Jrue Holiday,2023-24,0.0854,0.1167,0.7748,0.0854,688,193,-0.7255536253991794
1628384,OG Anunoby,2023-24,0.1114,-0.0251,-0.227,0.0279,577,111,0.8418043172895996
1628384,OG Anunoby,2023-24,0.1114,-0.0251,-0.227,0.0279,577,111,-0.3894928294575738
1630162,Anthony Edwards,2023-24,0.044,0.0373,0.2143,0.0248,1553,323,0.8243622163915474
1630162,Anthony Edwards,2023-24,0.044,0.0373,0.2143,0.0248,1553,323,0.3640228231532588
1630162,Anthony Edwards,2023-24,0.044,0.0373,0.2143,0.0248,1553,323,0.2402983919051738
1630182,Josh Green,2023-24,0.1941,0.0048,-0.9245,-0.0775,374,85,0.8084094673451483
1630182,Josh Green,2023-24,0.1941,0.0048,-0.9245,-0.0775,374,85,-0.176343444095815
1630182,Josh Green,2023-24,0.1941,0.0048,-0.9245,-0.0775,374,85,-0.3071538667176289
1630182,Josh Green,2023-24,0.1941,0.0048,-0.9245,-0.0775,374,85,-0.3494449971710351
201572,Brook Lopez,2023-24,0.2284,0.0328,-0.3879,0.0673,755,75,0.8011365130325884
1630202,Payton Pritchard,2023-24,0.0507,-0.2252,0.4999,-0.0111,630,102,0.7701764627200711
1630202,Payton Pritchard,2023-24,0.0507,-0.2252,0.4999,-0.0111,630,102,0.6909554578371334
1630202,Payton Pritchard,2023-24,0.0507,-0.2252,0.4999,-0.0111,630,102,-0.978841837334134
1630202,Payton Pritchard,2023-24,0.0507,-0.2252,0.4999,-0.0111,630,102,-1.0006387916257424
1628392,Isaiah Hartenstein,2023-24,0.2421,0.0609,1.055,-0.2339,365,74,0.7093786776842312
1628392,Isaiah Hartenstein,2023-24,0.2421,0.0609,1.055,-0.2339,365,74,0.272995779669219
1630596,Evan Mobley,2023-24,0.04,-0.0819,0.21,-0.0102,552,146,0.7015589129203915
1630596,Evan Mobley,2023-24,0.04,-0.0819,0.21,-0.0102,552,146,-0.6930256284991172
1628973,Jalen Brunson,2023-24,0.0717,-0.0278,-0.2163,0.0276,1647,340,0.6963744214705483
1628973,Jalen Brunson,2023-24,0.0717,-0.0278,-0.2163,0.0276,1647,340,0.1633901960494045
1630178,Tyrese Maxey,2023-24,0.1479,-0.0873,0.6069,0.1362,1416,138,0.686863210362314
1629655,Daniel Gafford,2023-24,0.0336,-0.0755,0.1985,0.0336,480,123,0.6851575615926385
1629655,Daniel Gafford,2023-24,0.0336,-0.0755,0.1985,0.0336,480,123,0.3916732390941138
1629655,Daniel Gafford,2023-24,0.0336,-0.0755,0.1985,0.0336,480,123,0.3490817852682838
1629655,Daniel Gafford,2023-24,0.0336,-0.0755,0.1985,0.0336,480,123,-0.527846161037979
1629008,Michael Porter Jr.,2023-24,0.0759,0.016,0.3139,-0.0045,1078,146,0.6421606958017541
1629008,Michael Porter Jr.,2023-24,0.0759,0.016,0.3139,-0.0045,1078,146,-0.6843307097946342
1626157,Karl-Anthony Towns,2023-24,0.0749,-0.0692,0.1598,-0.0263,950,231,0.5950552582516405
1626157,Karl-Anthony Towns,2023-24,0.0749,-0.0692,0.1598,-0.0263,950,231,0.005551220374045
1626157,Karl-Anthony Towns,2023-24,0.0749,-0.0692,0.1598,-0.0263,950,231,-0.5228510321320972
201935,James Harden,2023-24,0.1492,0.2542,-0.2091,-0.064,822,89,0.5787728585458013
1629023,P.J. Washington,2023-24,0.1785,0.1453,-0.3444,-0.0307,809,233,0.5569986896213323
1629023,P.J. Washington,2023-24,0.1785,0.1453,-0.3444,-0.0307,809,233,-0.2223699859308674
1629023,P.J. Washington,2023-24,0.1785,0.1453,-0.3444,-0.0307,809,233,-0.4276856258198576
1629023,P.J. Washington,2023-24,0.1785,0.1453,-0.3444,-0.0307,809,233,-0.4739014113300387
1626167,Myles Turner,2023-24,0.1121,0.0357,0.1072,-0.0442,908,205,0.5380517523739478
1626167,Myles Turner,2023-24,0.1121,0.0357,0.1072,-0.0442,908,205,0.3710811045161283
1626167,Myles Turner,2023-24,0.1121,0.0357,0.1072,-0.0442,908,205,0.2481837649214409
1629652,Luguentz Dort,2023-24,0.1006,-0.0033,-0.3001,-0.0238,657,91,0.5344572846656237
1629652,Luguentz Dort,2023-24,0.1006,-0.0033,-0.3001,-0.0238,657,91,-0.3621912603639643
203497,Rudy Gobert,2023-24,0.0116,0.096,-0.2735,-0.0083,613,104,0.5327265710951377
203497,Rudy Gobert,2023-24,0.0116,0.096,-0.2735,-0.0083,613,104,0.1117378346954745
203497,Rudy Gobert,2023-24,0.0116,0.096,-0.2735,-0.0083,613,104,0.0131816071852736
202685,Jonas Valančiūnas,2023-24,0.1981,-0.1199,-3.3563,0.1822,719,42,0.5034608707347571
1629638,Nickeil Alexander-Walker,2023-24,0.1043,-0.1092,-0.6077,-0.0441,536,112,0.4946782224743687
1629638,Nickeil Alexander-Walker,2023-24,0.1043,-0.1092,-0.6077,-0.0441,536,112,-0.2964453009476404
1629638,Nickeil Alexander-Walker,2023-24,0.1043,-0.1092,-0.6077,-0.0441,536,112,-0.8709086229753596
1628378,Donovan Mitchell,2023-24,0.0969,0.0463,0.0721,0.0386,1088,224,0.49237726936524
1628378,Donovan Mitchell,2023-24,0.0969,0.0463,0.0721,0.0386,1088,224,0.1521471951320981
203081,Damian Lillard,2023-24,0.1323,0.0004,-0.4668,-0.0505,1270,81,0.4777535948767831
203076,Anthony Davis,2023-24,0.0729,0.058,-1.1767,0.0134,1283,93,0.476596981450298
1630183,Jaden McDaniels,2023-24,0.0943,0.0256,0.4854,0.0768,626,140,0.4640725795786675
1630183,Jaden McDaniels,2023-24,0.0943,0.0256,0.4854,0.0768,626,140,0.2484923568930959
1630183,Jaden McDaniels,2023-24,0.0943,0.0256,0.4854,0.0768,626,140,0.2403646693359435
1628983,Shai Gilgeous-Alexander,2023-24,0.1022,-0.0325,-0.784,-0.0667,1487,224,0.4409878502172507
1628983,Shai Gilgeous-Alexander,2023-24,0.1022,-0.0325,-0.784,-0.0667,1487,224,-0.3245727275932368
203999,Nikola Jokić,2023-24,0.0688,-0.0203,0.5107,0.0154,1403,242,0.4187163644375068
203999,Nikola Jokić,2023-24,0.0688,-0.0203,0.5107,0.0154,1403,242,0.2583199666602689
1627759,Jaylen Brown,2023-24,0.0538,0.0291,0.1203,0.0263,1256,338,0.4158570192006127
1627759,Jaylen Brown,2023-24,0.0538,0.0291,0.1203,0.0263,1256,338,0.0899527134964376
1627759,Jaylen Brown,2023-24,0.0538,0.0291,0.1203,0.0263,1256,338,0.0716534010569054
1627759,Jaylen Brown,2023-24,0.0538,0.0291,0.1203,0.0263,1256,338,0.0341871976205673
1627884,Derrick Jones Jr.,2023-24,0.0803,-0.0554,-0.1959,0.0479,495,159,0.4036470638984255
1627884,Derrick Jones Jr.,2023-24,0.0803,-0.0554,-0.1959,0.0479,495,159,0.1194307639302138
1627884,Derrick Jones Jr.,2023-24,0.0803,-0.0554,-0.1959,0.0479,495,159,0.0591598413711997
1627884,Derrick Jones Jr.,2023-24,0.0803,-0.0554,-0.1959,0.0479,495,159,-0.2871571920072038
2544,LeBron James,2023-24,0.1057,-0.0358,0.1119,0.104,1268,99,0.399305622208655
201143,Al Horford,2023-24,0.0704,-0.0463,-0.5527,-0.0391,419,137,0.3963342631233714
201143,Al Horford,2023-24,0.0704,-0.0463,-0.5527,-0.0391,419,137,0.3465108018768162
201143,Al Horford,2023-24,0.0704,-0.0463,-0.5527,-0.0391,419,137,-0.0742750521496725
201143,Al Horford,2023-24,0.0704,-0.0463,-0.5527,-0.0391,419,137,-0.2897876330928587
1628369,Jayson Tatum,2023-24,0.0562,-0.0381,-0.2322,0.0193,1426,372,0.365932916694186
1628369,Jayson Tatum,2023-24,0.0562,-0.0381,-0.2322,0.0193,1426,372,0.1021448522307749
1628369,Jayson Tatum,2023-24,0.0562,-0.0381,-0.2322,0.0193,1426,372,0.0613830782620158
1628369,Jayson Tatum,2023-24,0.0562,-0.0381,-0.2322,0.0193,1426,372,-0.0838011890749263
202681,Kyrie Irving,2023-24,0.0816,-0.0718,-0.1253,-0.0292,1130,398,0.3630478142258799
202681,Kyrie Irving,2023-24,0.0816,-0.0718,-0.1253,-0.0292,1130,398,0.0186774106591081
202681,Kyrie Irving,2023-24,0.0816,-0.0718,-0.1253,-0.0292,1130,398,-0.6705177972738003
202681,Kyrie Irving,2023-24,0.0816,-0.0718,-0.1253,-0.0292,1130,398,-0.6885375910175611
1627826,Ivica Zubac,2023-24,0.0822,-0.0734,0.4313,-0.0822,519,70,0.3439597236040647
1627736,Malik Beasley,2023-24,0.1616,0.0968,1.1993,0.0503,722,40,0.3434033396580183
1626164,Devin Booker,2023-24,0.1837,-0.085,0.975,0.1837,1305,65,0.2967634691582086
1628386,Jarrett Allen,2023-24,0.0644,-0.0181,0.3722,0.0493,819,37,0.2861963483200992
1631114,Jalen Williams,2023-24,0.0562,-0.0694,0.3871,0.0432,1007,158,0.2718312579674172
1631114,Jalen Williams,2023-24,0.0562,-0.0694,0.3871,0.0432,1007,158,-0.2654420900469925
1628404,Josh Hart,2023-24,0.0811,-0.0178,0.4781,0.0668,678,150,0.2653921457711951
1628404,Josh Hart,2023-24,0.0811,-0.0178,0.4781,0.0668,678,150,0.2393445195075648
1627783,Pascal Siakam,2023-24,0.1034,0.0741,-0.4914,-0.0334,1271,289,0.2639693683658626
1627783,Pascal Siakam,2023-24,0.1034,0.0741,-0.4914,-0.0334,1271,289,0.025902586842749
1627783,Pascal Siakam,2023-24,0.1034,0.0741,-0.4914,-0.0334,1271,289,-0.0915795376084909
203937,Kyle Anderson,2023-24,0.0531,0.0735,0.5882,-0.0173,432,57,0.2634009940367817
203937,Kyle Anderson,2023-24,0.0531,0.0735,0.5882,-0.0173,432,57,-0.2442667588337597
1630174,Aaron Nesmith,2023-24,0.1122,-0.0536,-0.2936,-0.0305,635,141,0.2497098291189973
1630174,Aaron Nesmith,2023-24,0.1122,-0.0536,-0.2936,-0.0305,635,141,-0.1899702940985076
1630174,Aaron Nesmith,2023-24,0.1122,-0.0536,-0.2936,-0.0305,635,141,-0.2896917521172094
1628978,Donte DiVincenzo,2023-24,0.1487,-0.13,1.0054,0.0944,1001,190,0.2273325847478421
1628978,Donte DiVincenzo,2023-24,0.1487,-0.13,1.0054,0.0944,1001,190,-0.4024111836524586
1631094,Paolo Banchero,2023-24,0.0635,0.1057,0.2138,-0.0298,1405,149,0.225636871083069
202331,Paul George,2023-24,0.0405,-0.0466,-0.2358,-0.0146,1235,95,0.2158354529731637
1628389,Bam Adebayo,2023-24,0.1809,-0.0356,0.9755,-0.1428,1017,97,0.2052624465778264
201144,Mike Conley,2023-24,0.117,-0.0848,1.0887,0.0888,644,144,0.1769969805122712
201144,Mike Conley,2023-24,0.117,-0.0848,1.0887,0.0888,644,144,0.0028795568405098
201144,Mike Conley,2023-24,0.117,-0.0848,1.0887,0.0888,644,144,-0.2738987972022161
1630591,Jalen Suggs,2023-24,0.1195,-0.0976,0.6568,-0.0006,713,82,0.1681764058992844
203114,Khris Middleton,2023-24,0.1122,-0.033,-0.2892,0.0015,643,114,0.1473499132922031
203484,Kentavious Caldwell-Pope,2023-24,0.1295,-0.0763,-1.3138,-0.0967,587,86,0.1279595791696031
203484,Kentavious Caldwell-Pope,2023-24,0.1295,-0.0763,-1.3138,-0.0967,587,86,-0.5209244146589139
1629029,Luka Dončić,2023-24,0.093,-0.1007,-0.2879,-0.0482,1647,503,0.1219973468714038
1629029,Luka Dončić,2023-24,0.093,-0.1007,-0.2879,-0.0482,1647,503,-0.468233400759731
1629029,Luka Dončić,2023-24,0.093,-0.1007,-0.2879,-0.0482,1647,503,-0.8741596126730384
1629029,Luka Dončić,2023-24,0.093,-0.1007,-0.2879,-0.0482,1647,503,-0.907048793319191
1629675,Naz Reid,2023-24,0.0677,-0.0609,0.0347,0.0084,849,142,0.1217093338959671
1629675,Naz Reid,2023-24,0.0677,-0.0609,0.0347,0.0084,849,142,0.083522342125045
1629675,Naz Reid,2023-24,0.0677,-0.0609,0.0347,0.0084,849,142,-0.0368747734762776
1631170,Jaime Jaquez Jr.,2023-24,0.2483,-0.0782,-0.8703,-0.1657,715,52,0.1091090751636067
1628997,Caleb Martin,2023-24,0.1617,0.1057,-1.0356,-0.1281,557,45,0.0997300084741089
1630169,Tyrese Haliburton,2023-24,0.155,0.004,-0.5039,-0.0429,1044,215,0.0947755146026547
1630169,Tyrese Haliburton,2023-24,0.155,0.004,-0.5039,-0.0429,1044,215,-0.1886083000341967
1630169,Tyrese Haliburton,2023-24,0.155,0.004,-0.5039,-0.0429,1044,215,-0.6161564618637676
1630529,Herbert Jones,2023-24,0.146,-0.1298,0.3845,0.0257,587,41,0.0659939346003209
204001,Kristaps Porziņģis,2023-24,0.1933,0.0278,-1.1109,-0.1673,750,60,0.0465624383608763
204001,Kristaps Porziņģis,2023-24,0.1933,0.0278,-1.1109,-0.1673,750,60,-0.1625615280767272
201587,Nicolas Batum,2023-24,0.0617,0.1874,0.0882,-0.0009,255,29,0.0404473565362701
1631128,Christian Braun,2023-24,0.1201,-0.0839,0.4688,0.0972,482,54,0.0268049645499639
1631128,Christian Braun,2023-24,0.1201,-0.0839,0.4688,0.0972,482,54,-0.7901543511646201
1629611,Terance Mann,2023-24,0.1025,0.0758,0.0859,-0.0119,492,46,0.0164170192862371
1630532,Franz Wagner,2023-24,0.0626,-0.0238,0.2409,-0.0584,1092,103,-0.0080036700501214
1626192,Pat Connaughton,2023-24,0.2488,-0.0582,1.3437,0.2437,347,25,-0.023687055514417
1630581,Josh Giddey,2023-24,0.1866,-0.0079,0.5623,-0.0954,847,75,-0.0566276956695392
1630581,Josh Giddey,2023-24,0.1866,-0.0079,0.5623,-0.0954,847,75,-0.2378008438274486
201142,Kevin Durant,2023-24,0.1951,-0.0143,-0.298,0.0728,1436,67,-0.0623086071265067
1627752,Taurean Prince,2023-24,0.0908,-0.0244,1.3731,0.0329,569,29,-0.0710498813031765
1626162,Kelly Oubre Jr.,2023-24,0.0537,0.0743,0.3403,0.0483,878,64,-0.0718345477373557
1631096,Chet Holmgren,2023-24,0.0653,-0.0888,0.2835,-0.0216,998,119,-0.0738246123391173
1631096,Chet Holmgren,2023-24,0.0653,-0.0888,0.2835,-0.0216,998,119,-0.2856129960585208
201976,Patrick Beverley,2023-24,0.1955,-0.0613,-1.0295,0.0329,379,39,-0.0751598555922676
1626171,Bobby Portis,2023-24,0.1361,-0.0257,-0.8927,0.0593,918,91,-0.1365907965578797
200768,Kyle Lowry,2023-24,0.1254,-0.1532,-0.7173,-0.0392,375,31,-0.1493029713904479
1629636,Darius Garland,2023-24,0.0341,-0.0353,-0.0309,0.014,841,171,-0.1643587631984503
1629636,Darius Garland,2023-24,0.0341,-0.0353,-0.0309,0.014,841,171,-0.4276769313733691
203078,Bradley Beal,2023-24,0.0942,-0.0424,0.4643,0.0065,735,59,-0.200667386013101
203468,CJ McCollum,2023-24,0.1932,-0.0062,-0.1881,0.0325,1055,74,-0.2066209932061029
1626181,Norman Powell,2023-24,0.0908,-0.032,0.1911,0.0324,766,61,-0.2431299414269915
203501,Tim Hardaway Jr.,2023-24,0.061,0.005,-0.1226,0.0056,973,58,-0.3061294496564594
1630559,Austin Reaves,2023-24,0.1076,0.1447,-0.0532,-0.0327,937,61,-0.3064549376871109
203994,Jusuf Nurkić,2023-24,0.0666,-0.0133,-1.5387,0.043,627,26,-0.3251385713165686
1629622,Max Strus,2023-24,0.0832,-0.023,-0.4463,-0.0388,725,103,-0.3329304766130483
1629622,Max Strus,2023-24,0.0832,-0.023,-0.4463,-0.0388,725,103,-0.4500435268393967
1627750,Jamal Murray,2023-24,0.0964,-0.0355,-0.0811,0.0599,984,247,-0.3566973846030571
1627750,Jamal Murray,2023-24,0.0964,-0.0355,-0.0811,0.0599,984,247,-0.8632541965898473
1641717,Cason Wallace,2023-24,0.1426,-0.0745,-1.4074,-0.0901,479,40,-0.357427325428387
1641717,Cason Wallace,2023-24,0.1426,-0.0745,-1.4074,-0.0901,479,40,-0.6035792506422738
202711,Bojan Bogdanovic,2023-24,0.174,-0.0732,-0.9215,-0.0841,681,24,-0.3749870930978055
1629312,Haywood Highsmith,2023-24,0.2757,-0.0248,0.2175,-0.0889,329,27,-0.4183174938580781
1627747,Caris LeVert,2023-24,0.1124,0.0408,-0.2097,0.0387,818,102,-0.4373370642519645
1627747,Caris LeVert,2023-24,0.1124,0.0408,-0.2097,0.0387,818,102,-0.9336000187312968
1630171,Isaac Okoro,2023-24,0.1634,-0.1505,0.4107,0.0006,479,68,-0.4557779314494455
1630171,Isaac Okoro,2023-24,0.1634,-0.1505,0.4107,0.0006,479,68,-0.6933871036131778
201569,Eric Gordon,2023-24,0.0966,-0.404,0.2796,0.0344,617,28,-0.5032130083541279
1628976,Wendell Carter Jr.,2023-24,0.177,-0.0402,-0.2525,-0.1187,425,47,-0.5367725820850208
1630173,Precious Achiuwa,2023-24,0.1733,-0.0553,-3.611,0.1198,469,43,-0.5379661917236351
202704,Reggie Jackson,2023-24,0.0957,-0.0006,0.0418,-0.0106,752,47,-0.60497010566866
202704,Reggie Jackson,2023-24,0.0957,-0.0006,0.0418,-0.0106,752,47,-0.9581321745227408
1630530,Trey Murphy III,2023-24,0.0991,-0.1578,0.8172,0.0579,620,47,-0.7287523612271224
203914,Gary Harris,2023-24,0.1356,-0.0441,-1.1875,-0.0227,296,28,-0.886027332320042
1629060,Rui Hachimura,2023-24,0.2017,-0.2554,0.3762,0.0997,676,38,-0.911175345754156
1626220,Royce O'Neale,2023-24,0.0902,-0.1266,-0.1578,0.0132,532,21,-0.9182599232587006
1630175,Cole Anthony,2023-24,0.0535,-0.0573,0.186,0.0221,760,41,-0.9875377373112684
1626156,D'Angelo Russell,2023-24,0.1004,-0.1003,-0.2088,-0.014,1075,73,-1.0003664559929752
202699,Tobias Harris,2023-24,0.1225,0.2,0.4205,-0.0276,951,51,-1.0059955364150772
202695,Kawhi Leonard,2023-24,0.2078,-0.0063,-0.0589,0.0817,1162,24,-1.0195106887552037
1629599,Amir Coffey,2023-24,0.0779,-0.0294,-0.0513,-0.0102,349,22,-1.1249616639588695
1627742,Brandon Ingram,2023-24,0.1396,-0.1307,-1.3715,-0.0097,1015,54,-1.3681841941733413
201566,Russell Westbrook,2023-24,0.1497,-0.1347,0.6026,-0.1057,663,50,-1.56651660637038
1627777,Georges Niang,2023-24,0.0656,-0.2387,-0.1606,0.0283,632,41,-1.5821959521561726
1627777,Georges Niang,2021-22,0.2161,-0.0363,-2.9005,-0.0626,562,48,1.5909758791745192
1627777,Georges Niang,2021-22,0.2161,-0.0363,-2.9005,-0.0626,562,48,-1.0978855575032216
1628467,Maxi Kleber,2021-22,0.1177,0.1792,-0.638,-0.0426,353,106,1.514426744151714
1628467,Maxi Kleber,2021-22,0.1177,0.1792,-0.638,-0.0426,353,106,0.8996286515143211
1628467,Maxi Kleber,2021-22,0.1177,0.1792,-0.638,-0.0426,353,106,-0.2246960717600374
1629630,Ja Morant,2021-22,0.0762,-0.1103,0.4295,0.024,1174,183,1.4697648456037866
1629630,Ja Morant,2021-22,0.0762,-0.1103,0.4295,0.024,1174,183,-0.0788098978783347
203490,Otto Porter Jr.,2021-22,0.1042,0.0594,-0.9912,-0.0923,416,77,1.335394885940035
203490,Otto Porter Jr.,2021-22,0.1042,0.0594,-0.9912,-0.0923,416,77,1.1274452719152286
203490,Otto Porter Jr.,2021-22,0.1042,0.0594,-0.9912,-0.0923,416,77,0.3693764013569163
203490,Otto Porter Jr.,2021-22,0.1042,0.0594,-0.9912,-0.0923,416,77,-0.8927022848663119
1626145,Tyus Jones,2021-22,0.0868,0.0059,0.5228,-0.024,552,99,1.1989241736771714
1626145,Tyus Jones,2021-22,0.0868,0.0059,0.5228,-0.024,552,99,-0.0349835102806684
101108,Chris Paul,2021-22,0.0712,0.0081,0.7821,0.0226,733,154,1.0721062688300045
101108,Chris Paul,2021-22,0.0712,0.0081,0.7821,0.0226,733,154,-0.1331399684347611
1626172,Kevon Looney,2021-22,0.1733,0.2066,-1.9381,-0.0646,364,88,1.0711476322163342
1626172,Kevon Looney,2021-22,0.1733,0.2066,-1.9381,-0.0646,364,88,0.6158805928676812
1626172,Kevon Looney,2021-22,0.1733,0.2066,-1.9381,-0.0646,364,88,0.5057207468242513
1626172,Kevon Looney,2021-22,0.1733,0.2066,-1.9381,-0.0646,364,88,-0.1705581095379768
1629673,Jordan Poole,2021-22,0.0703,0.0451,0.3915,-0.0205,1053,253,1.0493027404010495
1629673,Jordan Poole,2021-22,0.0703,0.0451,0.3915,-0.0205,1053,253,0.8997742479618268
1629673,Jordan Poole,2021-22,0.0703,0.0451,0.3915,-0.0205,1053,253,0.321378900850736
1629673,Jordan Poole,2021-22,0.0703,0.0451,0.3915,-0.0205,1053,253,0.1568285581346581
200782,P.J. Tucker,2021-22,0.0441,0.0206,-0.0046,-0.0046,428,109,1.0426861889584813
200782,P.J. Tucker,2021-22,0.0441,0.0206,-0.0046,-0.0046,428,109,0.1575535446313201
200782,P.J. Tucker,2021-22,0.0441,0.0206,-0.0046,-0.0046,428,109,-0.1852986473240015
201143,Al Horford,2021-22,0.0612,-0.0178,0.0705,0.0014,569,193,1.02854112824939
201143,Al Horford,2021-22,0.0612,-0.0178,0.0705,0.0014,569,193,0.5229550462849821
201143,Al Horford,2021-22,0.0612,-0.0178,0.0705,0.0014,569,193,0.3696803123302039
201143,Al Horford,2021-22,0.0612,-0.0178,0.0705,0.0014,569,193,0.0942862539367756
203915,Spencer Dinwiddie,2021-22,0.0704,0.0592,-0.2326,-0.0295,734,191,1.0184683463227937
203915,Spencer Dinwiddie,2021-22,0.0704,0.0592,-0.2326,-0.0295,734,191,0.4110342537276709
203915,Spencer Dinwiddie,2021-22,0.0704,0.0592,-0.2326,-0.0295,734,191,-0.1780440164522193
201939,Stephen Curry,2021-22,0.1704,0.0525,-0.3601,-0.0783,1219,438,1.000428985298822
201939,Stephen Curry,2021-22,0.1704,0.0525,-0.3601,-0.0783,1219,438,0.5034551169105949
201939,Stephen Curry,2021-22,0.1704,0.0525,-0.3601,-0.0783,1219,438,0.4716105845968176
201939,Stephen Curry,2021-22,0.1704,0.0525,-0.3601,-0.0783,1219,438,0.0299035023596511
1628449,Chris Boucher,2021-22,0.1317,0.1347,-0.0243,0.0893,576,42,0.9905456881363728
1629130,Duncan Robinson,2021-22,0.1702,0.0435,1.6927,0.0739,726,57,0.9869862523569716
1629130,Duncan Robinson,2021-22,0.1702,0.0435,1.6927,0.0739,726,57,0.0199059772650545
202710,Jimmy Butler III,2021-22,0.0695,0.1014,1.126,-0.0279,827,328,0.9429876406310972
202710,Jimmy Butler III,2021-22,0.0695,0.1014,1.126,-0.0279,827,328,0.588715171088447
202710,Jimmy Butler III,2021-22,0.0695,0.1014,1.126,-0.0279,827,328,0.1587547200777281
1629631,De'Andre Hunter,2021-22,0.1609,0.1634,-0.9432,-0.102,575,70,0.9279138950951245
1628971,Bruce Brown,2021-22,0.1946,0.02,1.6447,-0.1131,506,37,0.9200020647095576
1629028,Deandre Ayton,2021-22,0.0301,0.0791,0.1637,-0.0179,697,164,0.8947320832736251
1629028,Deandre Ayton,2021-22,0.0301,0.0791,0.1637,-0.0179,697,164,0.3859145646698214
1628960,Grayson Allen,2021-22,0.1004,0.0041,0.9611,0.0925,569,82,0.8766326715980826
1628960,Grayson Allen,2021-22,0.1004,0.0041,0.9611,0.0925,569,82,-0.8661868282613823
1628973,Jalen Brunson,2021-22,0.1133,-0.0371,-0.3188,-0.0314,1008,310,0.8574320326055309
1628973,Jalen Brunson,2021-22,0.1133,-0.0371,-0.3188,-0.0314,1008,310,0.3150171674459263
1628973,Jalen Brunson,2021-22,0.1133,-0.0371,-0.3188,-0.0314,1008,310,-0.2283064504097492
1629684,Grant Williams,2021-22,0.0209,-0.0679,0.206,0.0166,432,149,0.8372079648573385
1629684,Grant Williams,2021-22,0.0209,-0.0679,0.206,0.0166,432,149,0.3803528192259665
1629684,Grant Williams,2021-22,0.0209,-0.0679,0.206,0.0166,432,149,-0.033847951226759
1629684,Grant Williams,2021-22,0.0209,-0.0679,0.206,0.0166,432,149,-0.1598032667067181
1628420,Monté Morris,2021-22,0.1834,0.0442,-1.1494,-0.1678,773,51,0.8313080817266492
1629661,Cameron Johnson,2021-22,0.0888,-0.019,0.1575,0.0521,606,99,0.768678717964464
1629661,Cameron Johnson,2021-22,0.0888,-0.019,0.1575,0.0521,606,99,0.0067170954649444
203937,Kyle Anderson,2021-22,0.0795,0.1015,-0.1942,-0.0104,469,51,0.7495364871090251
203937,Kyle Anderson,2021-22,0.0795,0.1015,-0.1942,-0.0104,469,51,-0.0146643838783404
1630183,Jaden McDaniels,2021-22,0.1877,0.1229,-0.6037,-0.0548,604,34,0.7130454602832307
203109,Jae Crowder,2021-22,0.0811,0.0293,0.5267,0.0273,542,105,0.7110702098014544
203109,Jae Crowder,2021-22,0.0811,0.0293,0.5267,0.0273,542,105,-0.3579684495798735
201980,Danny Green,2021-22,0.1791,0.02,0.1775,0.0094,319,88,0.6975811405012137
201980,Danny Green,2021-22,0.1791,0.02,0.1775,0.0094,319,88,0.0065732007084962
203999,Nikola Jokić,2021-22,0.2695,0.0475,-1.1293,-0.2214,1308,106,0.6838558921652496
203552,Seth Curry,2021-22,0.1601,0.0529,-0.8348,0.0039,739,39,0.6417074519536409
1629003,Shake Milton,2021-22,0.1686,0.171,-0.0553,-0.0894,402,38,0.6385886637608504
1629003,Shake Milton,2021-22,0.1686,0.171,-0.0553,-0.0894,402,38,0.14257627533036
1628369,Jayson Tatum,2021-22,0.0476,0.0108,-0.2284,-0.0327,1562,472,0.6379273446278517
1628369,Jayson Tatum,2021-22,0.0476,0.0108,-0.2284,-0.0327,1562,472,0.3597329398269189
1628369,Jayson Tatum,2021-22,0.0476,0.0108,-0.2284,-0.0327,1562,472,0.1586367659455983
1628369,Jayson Tatum,2021-22,0.0476,0.0108,-0.2284,-0.0327,1562,472,-0.1504046340513164
203903,Jordan Clarkson,2021-22,0.2068,0.0978,-0.1775,0.0013,1111,73,0.5912833358746306
1629057,Robert Williams III,2021-22,0.0507,0.1,0.8157,-0.0405,368,77,0.5524852507329874
1629057,Robert Williams III,2021-22,0.0507,0.1,0.8157,-0.0405,368,77,0.5182793471251379
1629057,Robert Williams III,2021-22,0.0507,0.1,0.8157,-0.0405,368,77,0.5071563936884146
1630178,Tyrese Maxey,2021-22,0.073,0.0338,0.5138,-0.0247,1031,182,0.547955033717955
1630178,Tyrese Maxey,2021-22,0.073,0.0338,0.5138,-0.0247,1031,182,0.1234621482214073
1628969,Mikal Bridges,2021-22,0.135,-0.0844,-0.4702,0.0847,858,138,0.4692260477015395
1628969,Mikal Bridges,2021-22,0.135,-0.0844,-0.4702,0.0847,858,138,-0.3023568125103821
203493,Reggie Bullock Jr.,2021-22,0.0825,0.041,-0.9973,-0.027,501,151,0.4670031215322955
203493,Reggie Bullock Jr.,2021-22,0.0825,0.041,-0.9973,-0.027,501,151,0.4200925935370572
203493,Reggie Bullock Jr.,2021-22,0.0825,0.041,-0.9973,-0.027,501,151,-0.0286608270897154
203992,Bogdan Bogdanović,2021-22,0.1557,-0.0648,0.3791,0.0293,791,49,0.463236105047821
203507,Giannis Antetokounmpo,2021-22,0.0774,-0.0913,-0.6988,-0.023,1243,284,0.4433596459934644
203507,Giannis Antetokounmpo,2021-22,0.0774,-0.0913,-0.6988,-0.023,1243,284,0.3550565439995887
1629622,Max Strus,2021-22,0.0824,-0.028,0.4296,0.0145,648,182,0.4318170183724005
1629622,Max Strus,2021-22,0.0824,-0.028,0.4296,0.0145,648,182,0.1083385468656444
1629622,Max Strus,2021-22,0.0824,-0.028,0.4296,0.0145,648,182,-0.4946419505363156
1626192,Pat Connaughton,2021-22,0.0598,0.067,0.0731,0.0227,495,88,0.4241916542006921
1626192,Pat Connaughton,2021-22,0.0598,0.067,0.0731,0.0227,495,88,0.0231893263631332
203935,Marcus Smart,2021-22,0.0312,0.0234,0.02,-0.0202,716,278,0.4236474508652548
203935,Marcus Smart,2021-22,0.0312,0.0234,0.02,-0.0202,716,278,0.3863908260463456
203935,Marcus Smart,2021-22,0.0312,0.0234,0.02,-0.0202,716,278,0.2479799804521248
203935,Marcus Smart,2021-22,0.0312,0.0234,0.02,-0.0202,716,278,0.1752714349950777
1629029,Luka Dončić,2021-22,0.062,-0.0059,0.3019,0.0156,1401,352,0.4167800232834399
1629029,Luka Dončić,2021-22,0.062,-0.0059,0.3019,0.0156,1401,352,-0.2120280170098805
1629029,Luka Dončić,2021-22,0.062,-0.0059,0.3019,0.0156,1401,352,-0.3124454223110231
1627827,Dorian Finney-Smith,2021-22,0.0912,0.0297,-0.7405,-0.0912,690,157,0.3668118946871563
1627827,Dorian Finney-Smith,2021-22,0.0912,0.0297,-0.7405,-0.0912,690,157,0.3455849707281787
1627827,Dorian Finney-Smith,2021-22,0.0912,0.0297,-0.7405,-0.0912,690,157,0.1140763324796953
1627742,Brandon Ingram,2021-22,0.0657,-0.0609,0.0059,-0.0186,980,117,0.3601482807690414
1630217,Desmond Bane,2021-22,0.0697,0.037,0.1135,-0.0202,1163,159,0.3430997169420384
1630217,Desmond Bane,2021-22,0.0697,0.037,0.1135,-0.0202,1163,159,-0.297802868707278
1629013,Landry Shamet,2021-22,0.1436,0.0006,-0.0628,0.007,483,48,0.29802362998949
1629013,Landry Shamet,2021-22,0.1436,0.0006,-0.0628,0.007,483,48,-0.6195175743802139
1630533,Ziaire Williams,2021-22,0.1457,-0.0045,0.0512,-0.009,472,52,0.2929723044179815
1630533,Ziaire Williams,2021-22,0.1457,-0.0045,0.0512,-0.009,472,52,0.2610701698491294
1628997,Caleb Martin,2021-22,0.0879,-0.0683,-0.1828,-0.0879,409,80,0.2616993041436429
1628997,Caleb Martin,2021-22,0.0879,-0.0683,-0.1828,-0.0879,409,80,-0.7469907678886406
1628997,Caleb Martin,2021-22,0.0879,-0.0683,-0.1828,-0.0879,409,80,-1.3202743038794724
1630162,Anthony Edwards,2021-22,0.0982,0.0676,-0.7111,-0.0919,1243,110,0.2363581482927672
1626164,Devin Booker,2021-22,0.0622,0.0048,0.2953,0.0176,1419,175,0.2354044951577437
1626164,Devin Booker,2021-22,0.0622,0.0048,0.2953,0.0176,1419,175,-0.0976954099704828
201976,Patrick Beverley,2021-22,0.2565,0.0816,0.5036,0.0972,435,49,0.2223830700820369
203114,Khris Middleton,2021-22,0.1583,0.0553,-0.0357,-0.0023,1021,24,0.1950455636764917
1629216,Gabe Vincent,2021-22,0.0684,-0.0591,-0.6584,-0.0289,508,130,0.1830353091024794
1629216,Gabe Vincent,2021-22,0.0684,-0.0591,-0.6584,-0.0289,508,130,0.1553667816607288
1629216,Gabe Vincent,2021-22,0.0684,-0.0591,-0.6584,-0.0289,508,130,-0.3853317454192893
1627759,Jaylen Brown,2021-22,0.0317,-0.0235,-0.344,-0.0303,1215,419,0.1638710292219256
1627759,Jaylen Brown,2021-22,0.0317,-0.0235,-0.344,-0.0303,1215,419,0.0698229103640287
1627759,Jaylen Brown,2021-22,0.0317,-0.0235,-0.344,-0.0303,1215,419,-0.0772796462313177
1627759,Jaylen Brown,2021-22,0.0317,-0.0235,-0.344,-0.0303,1215,419,-0.1381300743206364
202699,Tobias Harris,2021-22,0.1036,0.045,0.435,-0.0005,1021,162,0.1452510804120607
202699,Tobias Harris,2021-22,0.1036,0.045,0.435,-0.0005,1021,162,-0.0444639666622044
1628389,Bam Adebayo,2021-22,0.0415,0.0442,-0.3467,0.0415,727,174,0.1436715445728402
1628389,Bam Adebayo,2021-22,0.0415,0.0442,-0.3467,0.0415,727,174,-0.2427835191488345
1628389,Bam Adebayo,2021-22,0.0415,0.0442,-0.3467,0.0415,727,174,-0.3282722468677622
202685,Jonas Valančiūnas,2021-22,0.1038,-0.0665,-1.2554,0.0898,938,68,0.1416252553584204
202711,Bojan Bogdanovic,2021-22,0.1675,0.1431,-0.5066,-0.0706,928,81,0.1401069293475179
202696,Nikola Vučević,2021-22,0.1768,-0.0075,0.3694,-0.0661,1152,91,0.1331624934454157
1628991,Jaren Jackson Jr.,2021-22,0.0876,-0.0011,-0.0051,-0.0857,1036,155,0.108230891912487
1628991,Jaren Jackson Jr.,2021-22,0.0876,-0.0011,-0.0051,-0.0857,1036,155,-0.3866622681258755
1627783,Pascal Siakam,2021-22,0.1346,0.0289,-0.1706,-0.0807,1206,107,0.0977094846713505
1630173,Precious Achiuwa,2021-22,0.1255,0.0968,1.0817,0.067,638,52,0.0897262666196377
203897,Zach LaVine,2021-22,0.0474,-0.0425,0.5203,0.0232,1186,63,0.0671573432176064
1628989,Kevin Huerter,2021-22,0.133,-0.1431,-1.0453,-0.0481,758,47,0.0645255682256336
1630567,Scottie Barnes,2021-22,0.0967,-0.0822,0.7219,-0.0616,979,41,0.063436595401342
1629680,Matisse Thybulle,2021-22,0.1533,-0.1418,-0.3015,-0.1,300,24,0.061292560728434
1630529,Herbert Jones,2021-22,0.0857,0.0476,-0.3466,-0.0335,606,44,0.0445241053926901
203952,Andrew Wiggins,2021-22,0.0853,-0.0059,0.2987,0.0248,1019,305,0.0368511409187875
203952,Andrew Wiggins,2021-22,0.0853,-0.0059,0.2987,0.0248,1019,305,-0.0453784461004703
203952,Andrew Wiggins,2021-22,0.0853,-0.0059,0.2987,0.0248,1019,305,-0.2149511380198145
203952,Andrew Wiggins,2021-22,0.0853,-0.0059,0.2987,0.0248,1019,305,-0.5195347361824936
1629637,Jaxson Hayes,2021-22,0.1303,-0.0438,-1.2358,0.0556,397,25,0.0084826432380751
1628401,Derrick White,2021-22,0.0839,-0.1015,-0.1487,-0.0549,799,176,0.0040134249446822
1628401,Derrick White,2021-22,0.0839,-0.1015,-0.1487,-0.0549,799,176,-0.6762929368282976
1628401,Derrick White,2021-22,0.0839,-0.1015,-0.1487,-0.0549,799,176,-0.7587891982670042
1628401,Derrick White,2021-22,0.0839,-0.1015,-0.1487,-0.0549,799,176,-1.274871289754175
1628378,Donovan Mitchell,2021-22,0.1197,0.0045,-0.5039,0.039,1374,133,-0.0083277511057145
203497,Rudy Gobert,2021-22,0.1206,-0.1322,-1.2592,0.1206,506,33,-0.010326834025895
201568,Danilo Gallinari,2021-22,0.214,-0.0461,-0.3456,-0.0011,595,45,-0.014908353976802
201935,James Harden,2021-22,0.0376,0.0373,0.0414,-0.0038,992,158,-0.0425197949467168
201935,James Harden,2021-22,0.0376,0.0373,0.0414,-0.0038,992,158,-0.4721936017247895
1626171,Bobby Portis,2021-22,0.0847,-0.0312,-0.317,-0.0556,869,114,-0.0527908540345924
1626171,Bobby Portis,2021-22,0.0847,-0.0312,-0.317,-0.0556,869,114,-0.5181137657111805
203939,Dwight Powell,2021-22,0.0762,-0.0716,-1.6262,0.0269,401,35,-0.0573848960125507
203939,Dwight Powell,2021-22,0.0762,-0.0716,-1.6262,0.0269,401,35,-0.4937961429943666
203932,Aaron Gordon,2021-22,0.247,0.0884,-0.4632,-0.1829,830,54,-0.058317696956232
203500,Steven Adams,2021-22,0.2732,0.0795,1.494,-0.2732,383,21,-0.0922767936249319
1627736,Malik Beasley,2021-22,0.286,0.0941,3.1677,0.286,847,44,-0.1104395716634535
1629639,Tyler Herro,2021-22,0.0679,-0.0327,-0.2143,-0.0254,1117,181,-0.1273185773040938
1629639,Tyler Herro,2021-22,0.0679,-0.0327,-0.2143,-0.0254,1117,181,-0.4982001970157096
1629639,Tyler Herro,2021-22,0.0679,-0.0327,-0.2143,-0.0254,1117,181,-0.6653078028394344
1629632,Coby White,2021-22,0.2291,-0.0784,-1.3605,-0.1029,642,44,-0.1518064297499197
1627832,Fred VanVleet,2021-22,0.101,-0.0567,0.1421,0.0077,1091,54,-0.1556733557576871
1629018,Gary Trent Jr.,2021-22,0.0919,-0.0236,-0.3925,-0.014,1085,82,-0.1978164868546748
1629020,Jarred Vanderbilt,2021-22,0.1735,-0.1737,-3.6825,0.1735,361,27,-0.2343633438434774
1628381,John Collins,2021-22,0.182,0.0389,-0.5032,-0.0308,644,39,-0.2627907446435334
203468,CJ McCollum,2021-22,0.0564,-0.0568,-0.1055,-0.0126,1164,125,-0.2838352656777566
1626220,Royce O'Neale,2021-22,0.0694,-0.0443,-0.412,0.0156,443,35,-0.3000943836737618
1629001,De'Anthony Melton,2021-22,0.1422,-0.1284,-0.8994,-0.0792,692,65,-0.3560727791982612
1626157,Karl-Anthony Towns,2021-22,0.0792,-0.0876,-0.1598,0.0649,1214,79,-0.3655982494364683
201950,Jrue Holiday,2021-22,0.0926,-0.2297,-0.3021,-0.0649,953,232,-0.4038091314201159
201950,Jrue Holiday,2021-22,0.0926,-0.2297,-0.3021,-0.0649,953,232,-0.5519485860486575
203115,Will Barton,2021-22,0.2591,-0.0126,-0.6671,-0.1952,895,65,-0.4259553374367965
201144,Mike Conley,2021-22,0.118,-0.0339,-0.7922,-0.0338,790,57,-0.4583331958262024
1626156,D'Angelo Russell,2021-22,0.0962,-0.1986,-0.1157,0.0334,972,72,-0.5050915805499693
1630245,Ayo Dosunmu,2021-22,0.2441,-0.125,-1.7964,-0.2441,593,26,-0.5804701556645353
201142,Kevin Durant,2021-22,0.2168,-0.1558,-1.0461,-0.034,1115,83,-0.629858466560521
203954,Joel Embiid,2021-22,0.0548,-0.0233,0.5515,0.0374,1333,161,-0.7498733663060665
203954,Joel Embiid,2021-22,0.0548,-0.0233,0.5515,0.0374,1333,161,-1.5645578311682744
200768,Kyle Lowry,2021-22,0.0633,-0.1417,0.1314,0.0074,623,85,-0.8111718576911392
200768,Kyle Lowry,2021-22,0.0633,-0.1417,0.1314,0.0074,623,85,-0.961221468538859
200768,Kyle Lowry,2021-22,0.0633,-0.1417,0.1314,0.0074,623,85,-2.1053006748388037
201942,DeMar DeRozan,2021-22,0.0998,-0.0688,-0.5372,-0.0545,1531,95,-0.8964963638502147
1626166,Cameron Payne,2021-22,0.17,-0.0771,0.3338,0.0454,587,74,-0.9738878338846968
1626166,Cameron Payne,2021-22,0.17,-0.0771,0.3338,0.0454,587,74,-1.5003000219720275
1629027,Trae Young,2021-22,0.1582,-0.1668,-0.0609,-0.0508,1543,69,-1.7946682463008727
1628988,Aaron Holiday,2019-20,0.1056,0.3248,0.4998,0.0179,631,21,0.8391236075977754
1629014,Anfernee Simons,2019-20,0.1225,0.0702,-0.0982,-0.0451,577,26,0.0566822931163236
202692,Alec Burks,2019-20,0.1077,-0.0978,-0.2505,-0.0384,767,49,-0.7638347466362726
201143,Al Horford,2019-20,0.3284,0.0034,-1.5201,0.2572,709,25,-0.8097313146378631
101108,Chris Paul,2020-21,0.0802,-0.0858,-0.0968,0.0158,875,300,1.3848445333728872
101108,Chris Paul,2020-21,0.0802,-0.0858,-0.0968,0.0158,875,300,0.5630297440783641
101108,Chris Paul,2020-21,0.0802,-0.0858,-0.0968,0.0158,875,300,0.2609997935665042
101108,Chris Paul,2020-21,0.0802,-0.0858,-0.0968,0.0158,875,300,-0.627232712549257
202704,Reggie Jackson,2020-21,0.0783,-0.0286,0.0458,-0.016,584,251,1.3115968467735073
202704,Reggie Jackson,2020-21,0.0783,-0.0286,0.0458,-0.016,584,251,0.3540896600447782
202704,Reggie Jackson,2020-21,0.0783,-0.0286,0.0458,-0.016,584,251,0.2768280391803796
201144,Mike Conley,2020-21,0.1945,0.0032,0.2531,-0.0478,637,67,1.218978178524047
1629661,Cameron Johnson,2020-21,0.0855,0.0637,0.5007,0.0514,482,110,1.1505767372742008
1629661,Cameron Johnson,2020-21,0.0855,0.0637,0.5007,0.0514,482,110,0.4530565652298125
1629661,Cameron Johnson,2020-21,0.0855,0.0637,0.5007,0.0514,482,110,0.4009451611117319
1629661,Cameron Johnson,2020-21,0.0855,0.0637,0.5007,0.0514,482,110,-0.1869666800546053
203552,Seth Curry,2020-21,0.0383,0.0609,0.1148,-0.015,551,147,1.0822999099421875
203552,Seth Curry,2020-21,0.0383,0.0609,0.1148,-0.015,551,147,0.5046953602851031
203081,Damian Lillard,2020-21,0.0586,0.0099,0.0106,-0.0444,1330,133,1.0454218251880207
101150,Lou Williams,2020-21,0.1412,-0.012,-0.4674,-0.0534,646,110,1.0333891536385622
101150,Lou Williams,2020-21,0.1412,-0.012,-0.4674,-0.0534,646,110,0.3266129217719372
101150,Lou Williams,2020-21,0.1412,-0.012,-0.4674,-0.0534,646,110,0.0641036368776979
1629029,Luka Dončić,2020-21,0.0524,-0.0465,-0.1656,-0.0368,1346,196,0.9984404191744518
1628378,Donovan Mitchell,2020-21,0.0988,0.0498,0.5337,-0.0012,1087,235,0.95328699820137
1628378,Donovan Mitchell,2020-21,0.0988,0.0498,0.5337,-0.0012,1087,235,0.8295663434480547
1629027,Trae Young,2020-21,0.0661,-0.0077,-0.0932,-0.0385,1112,359,0.9127379217366955
1629027,Trae Young,2020-21,0.0661,-0.0077,-0.0932,-0.0385,1112,359,0.2335843455665865
1629027,Trae Young,2020-21,0.0661,-0.0077,-0.0932,-0.0385,1112,359,-0.4667014356605945
203954,Joel Embiid,2020-21,0.0643,-0.0493,0.186,-0.0518,898,197,0.8513784385441194
203954,Joel Embiid,2020-21,0.0643,-0.0493,0.186,-0.0518,898,197,0.0641006488943341
202695,Kawhi Leonard,2020-21,0.0848,0.0318,0.5054,0.0689,907,213,0.8385466466575247
202695,Kawhi Leonard,2020-21,0.0848,0.0318,0.5054,0.0689,907,213,0.2463260241670903
201950,Jrue Holiday,2020-21,0.0645,-0.0659,-0.4325,-0.0605,821,388,0.8337509415146724
201950,Jrue Holiday,2020-21,0.0645,-0.0659,-0.4325,-0.0605,821,388,0.1652977542804777
201950,Jrue Holiday,2020-21,0.0645,-0.0659,-0.4325,-0.0605,821,388,-0.2926441398294289
201950,Jrue Holiday,2020-21,0.0645,-0.0659,-0.4325,-0.0605,821,388,-0.7385523536404389
203497,Rudy Gobert,2020-21,0.0611,0.0341,-0.9756,0.0608,576,80,0.7332254093531712
203497,Rudy Gobert,2020-21,0.0611,0.0341,-0.9756,0.0608,576,80,0.1255063174264002
201145,Jeff Green,2020-21,0.0626,0.1712,0.409,-0.0025,527,32,0.7294324340668028
1626192,Pat Connaughton,2020-21,0.0988,0.033,-1.1047,-0.0729,386,119,0.7137472765424543
1626192,Pat Connaughton,2020-21,0.0988,0.033,-1.1047,-0.0729,386,119,0.5255977204294807
1626192,Pat Connaughton,2020-21,0.0988,0.033,-1.1047,-0.0729,386,119,0.3602673537784807
1626192,Pat Connaughton,2020-21,0.0988,0.033,-1.1047,-0.0729,386,119,-0.0900154979266807
1628369,Jayson Tatum,2020-21,0.0843,-0.022,-0.2945,-0.0403,1317,111,0.6965815439098606
201587,Nicolas Batum,2020-21,0.1228,0.0005,1.0256,0.0792,412,109,0.6921695250356913
201587,Nicolas Batum,2020-21,0.1228,0.0005,1.0256,0.0792,412,109,0.2065307273049583
201587,Nicolas Batum,2020-21,0.1228,0.0005,1.0256,0.0792,412,109,-0.0191986158948925
204060,Joe Ingles,2020-21,0.0447,-0.0079,0.4461,0.0257,561,79,0.6859828951643797
204060,Joe Ingles,2020-21,0.0447,-0.0079,0.4461,0.0257,561,79,-0.9318291288381206
1628415,Dillon Brooks,2020-21,0.1788,0.1126,-0.5476,0.106,1031,97,0.6544877812772538
201572,Brook Lopez,2020-21,0.1096,0.0225,-0.3767,0.0997,640,216,0.6469166998556191
201572,Brook Lopez,2020-21,0.1096,0.0225,-0.3767,0.0997,640,216,0.5013049037890946
201572,Brook Lopez,2020-21,0.1096,0.0225,-0.3767,0.0997,640,216,0.0283260366994167
201572,Brook Lopez,2020-21,0.1096,0.0225,-0.3767,0.0997,640,216,0.0069690130579935
1629630,Ja Morant,2020-21,0.1336,0.0438,-0.5809,-0.1064,956,113,0.6376349903591366
200794,Paul Millsap,2020-21,0.1745,-0.0062,1.0111,0.0073,401,49,0.6327871175605506
1626220,Royce O'Neale,2020-21,0.0416,0.0512,0.3868,0.0313,394,85,0.6041619403875905
1626220,Royce O'Neale,2020-21,0.0416,0.0512,0.3868,0.0313,394,85,0.5763604605688714
1629028,Deandre Ayton,2020-21,0.0678,0.013,-1.3708,0.0461,687,234,0.5944429968333994
1629028,Deandre Ayton,2020-21,0.0678,0.013,-1.3708,0.0461,687,234,0.4867513140526773
1629028,Deandre Ayton,2020-21,0.0678,0.013,-1.3708,0.0461,687,234,-0.0434342953679579
1629028,Deandre Ayton,2020-21,0.0678,0.013,-1.3708,0.0461,687,234,-0.10504953336139
1626164,Devin Booker,2020-21,0.0743,-0.0421,-0.7232,-0.0681,1286,469,0.5663232134181533
1626164,Devin Booker,2020-21,0.0743,-0.0421,-0.7232,-0.0681,1286,469,-0.2058075790044859
1626164,Devin Booker,2020-21,0.0743,-0.0421,-0.7232,-0.0681,1286,469,-0.2708389614486405
1626164,Devin Booker,2020-21,0.0743,-0.0421,-0.7232,-0.0681,1286,469,-0.5552368170123383
1629060,Rui Hachimura,2020-21,0.1093,0.2691,0.1929,-0.0666,648,47,0.5515650296355656
1627826,Ivica Zubac,2020-21,0.0375,0.0,-0.7983,-0.0299,393,57,0.5511682519020212
1627826,Ivica Zubac,2020-21,0.0375,0.0,-0.7983,-0.0299,393,57,0.3389163222625777
1627826,Ivica Zubac,2020-21,0.0375,0.0,-0.7983,-0.0299,393,57,-0.4639271399592349
1629680,Matisse Thybulle,2020-21,0.1474,-0.0257,0.1987,-0.0161,243,52,0.5432357604232894
1629680,Matisse Thybulle,2020-21,0.1474,-0.0257,0.1987,-0.0161,243,52,-0.0699660652567137
202684,Tristan Thompson,2020-21,0.22,-0.0143,-1.3889,0.22,324,34,0.5428688910565747
1626171,Bobby Portis,2020-21,0.0818,-0.1252,0.3898,-0.0097,598,151,0.5358748879178528
1626171,Bobby Portis,2020-21,0.0818,-0.1252,0.3898,-0.0097,598,151,0.1114167767365765
1626171,Bobby Portis,2020-21,0.0818,-0.1252,0.3898,-0.0097,598,151,-0.2851053614104296
1626171,Bobby Portis,2020-21,0.0818,-0.1252,0.3898,-0.0097,598,151,-1.5475356105137408
203109,Jae Crowder,2020-21,0.0707,-0.0052,-0.0814,0.003,492,184,0.5050467792167549
203109,Jae Crowder,2020-21,0.0707,-0.0052,-0.0814,0.003,492,184,0.146518579657794
203109,Jae Crowder,2020-21,0.0707,-0.0052,-0.0814,0.003,492,184,-0.0269177325802962
203109,Jae Crowder,2020-21,0.0707,-0.0052,-0.0814,0.003,492,184,-0.2399637862240052
202699,Tobias Harris,2020-21,0.0279,-0.0272,-0.121,0.0081,924,215,0.5019084858677965
202699,Tobias Harris,2020-21,0.0279,-0.0272,-0.121,0.0081,924,215,-0.3804572722195156
1630267,Facundo Campazzo,2020-21,0.0732,-0.1597,0.9626,0.0732,313,74,0.5005827844501519
1630267,Facundo Campazzo,2020-21,0.0732,-0.1597,0.9626,0.0732,313,74,0.0550413646860528
201565,Derrick Rose,2020-21,0.0876,0.0335,0.6781,0.067,611,84,0.4464511037295066
1628969,Mikal Bridges,2020-21,0.0819,-0.0417,-0.2185,-0.0463,669,190,0.445956274497938
1628969,Mikal Bridges,2020-21,0.0819,-0.0417,-0.2185,-0.0463,669,190,0.0846676690842585
1628969,Mikal Bridges,2020-21,0.0819,-0.0417,-0.2185,-0.0463,669,190,-0.0844238271588184
1628969,Mikal Bridges,2020-21,0.0819,-0.0417,-0.2185,-0.0463,669,190,-0.5451999456319906
203507,Giannis Antetokounmpo,2020-21,0.0416,0.0085,-0.6482,0.0271,1100,439,0.4385454562697154
203507,Giannis Antetokounmpo,2020-21,0.0416,0.0085,-0.6482,0.0271,1100,439,0.2195758813628874
203507,Giannis Antetokounmpo,2020-21,0.0416,0.0085,-0.6482,0.0271,1100,439,-0.3088319611657642
203507,Giannis Antetokounmpo,2020-21,0.0416,0.0085,-0.6482,0.0271,1100,439,-0.3157345874636157
1628989,Kevin Huerter,2020-21,0.1007,0.0235,-0.8079,-0.0786,730,180,0.4296331157745009
1628989,Kevin Huerter,2020-21,0.1007,0.0235,-0.8079,-0.0786,730,180,0.0384055213908052
1628989,Kevin Huerter,2020-21,0.1007,0.0235,-0.8079,-0.0786,730,180,-0.3975178206507878
2546,Carmelo Anthony,2020-21,0.1984,-0.0309,-0.5051,-0.0246,777,60,0.4063506329916969
203496,Robert Covington,2020-21,0.2146,0.0935,1.4608,0.1702,508,36,0.4061244062600448
1629008,Michael Porter Jr.,2020-21,0.1451,-0.0588,-0.9532,-0.0798,815,135,0.3905873240809787
1629008,Michael Porter Jr.,2020-21,0.1451,-0.0588,-0.9532,-0.0798,815,135,-0.4256594174054721
201980,Danny Green,2020-21,0.1466,0.0734,1.7079,0.0734,543,47,0.3849623675687293
201980,Danny Green,2020-21,0.1466,0.0734,1.7079,0.0734,543,47,-0.5334568806877779
201568,Danilo Gallinari,2020-21,0.0659,-0.0587,-0.1847,-0.0159,473,174,0.3178072370825151
201568,Danilo Gallinari,2020-21,0.0659,-0.0587,-0.1847,-0.0159,473,174,-0.114468154521799
201568,Danilo Gallinari,2020-21,0.0659,-0.0587,-0.1847,-0.0159,473,174,-0.4572356809625431
1627732,Ben Simmons,2020-21,0.1756,0.0276,-1.1672,0.1756,583,95,0.3057458113110075
1627732,Ben Simmons,2020-21,0.1756,0.0276,-1.1672,0.1756,583,95,-0.182484070928091
202711,Bojan Bogdanovic,2020-21,0.1288,0.0681,-0.419,-0.0846,925,137,0.2918045286835363
202711,Bojan Bogdanovic,2020-21,0.1288,0.0681,-0.419,-0.0846,925,137,0.0616286425497213
1628971,Bruce Brown,2020-21,0.2078,-0.0167,0.1071,-0.152,423,79,0.2591451533740454
1628971,Bruce Brown,2020-21,0.2078,-0.0167,0.1071,-0.152,423,79,0.1296443721833892
200782,P.J. Tucker,2020-21,0.0758,0.0,0.6098,0.0699,177,98,0.2329593949408693
200782,P.J. Tucker,2020-21,0.0758,0.0,0.6098,0.0699,177,98,-0.1446376668136239
200782,P.J. Tucker,2020-21,0.0758,0.0,0.6098,0.0699,177,98,-0.2360196525249857
200782,P.J. Tucker,2020-21,0.0758,0.0,0.6098,0.0699,177,98,-0.3122990487813846
203114,Khris Middleton,2020-21,0.0992,-0.0446,-0.3014,-0.0549,1074,452,0.2308092710469631
203114,Khris Middleton,2020-21,0.0992,-0.0446,-0.3014,-0.0549,1074,452,0.2226442721393856
203114,Khris Middleton,2020-21,0.0992,-0.0446,-0.3014,-0.0549,1074,452,-0.1582973325195587
203114,Khris Middleton,2020-21,0.0992,-0.0446,-0.3014,-0.0549,1074,452,-0.3849514876797564
203925,Joe Harris,2020-21,0.0782,-0.1026,0.4146,0.0257,707,123,0.21821154844502
203925,Joe Harris,2020-21,0.0782,-0.1026,0.4146,0.0257,707,123,-1.0066559700190547
202331,Paul George,2020-21,0.0322,-0.0096,0.0503,0.0116,949,373,0.2164844583542251
202331,Paul George,2020-21,0.0322,-0.0096,0.0503,0.0116,949,373,0.0865458904318416
202331,Paul George,2020-21,0.0322,-0.0096,0.0503,0.0116,949,373,-0.0648228946577072
203999,Nikola Jokić,2020-21,0.1045,-0.0497,0.5887,0.0031,1290,228,0.0965818812292114
203999,Nikola Jokić,2020-21,0.1045,-0.0497,0.5887,0.0031,1290,228,-0.1733653392928702
1629130,Duncan Robinson,2020-21,0.2159,-0.0355,-1.0489,-0.0175,717,29,0.0887600141827336
202685,Jonas Valančiūnas,2020-21,0.2321,-0.0779,1.2629,-0.2186,743,58,0.0714939254646645
202694,Marcus Morris Sr.,2020-21,0.0243,0.0085,0.004,0.0019,581,200,0.0632846879709047
202694,Marcus Morris Sr.,2020-21,0.0243,0.0085,0.004,0.0019,581,200,-0.0781515570102786
202694,Marcus Morris Sr.,2020-21,0.0243,0.0085,0.004,0.0019,581,200,-0.1885336529559317
203991,Clint Capela,2020-21,0.0851,-0.0141,-0.7659,0.0851,695,136,0.0243148256042695
203991,Clint Capela,2020-21,0.0851,-0.0141,-0.7659,0.0851,695,136,-0.0911773795665806
203991,Clint Capela,2020-21,0.0851,-0.0141,-0.7659,0.0851,695,136,-0.2941195099178277
1628973,Jalen Brunson,2020-21,0.0993,0.0062,0.3897,0.0096,627,44,0.0188676919513779
203903,Jordan Clarkson,2020-21,0.0626,-0.0299,-0.7933,-0.059,1074,165,0.004346417900635
203903,Jordan Clarkson,2020-21,0.0626,-0.0299,-0.7933,-0.059,1074,165,-0.1697561029302589
1628381,John Collins,2020-21,0.1031,0.0396,-0.0704,-0.0581,771,182,-0.0138585697551661
1628381,John Collins,2020-21,0.1031,0.0396,-0.0704,-0.0581,771,182,-0.0545433617288707
1628381,John Collins,2020-21,0.1031,0.0396,-0.0704,-0.0581,771,182,-0.197546840098361
1626181,Norman Powell,2020-21,0.1714,-0.0103,-0.616,0.0509,916,76,-0.0261154084356369
1629628,RJ Barrett,2020-21,0.129,-0.113,0.8804,-0.0289,1059,67,-0.0278391240409709
202722,Davis Bertans,2020-21,0.0781,0.1667,1.8219,0.0628,475,26,-0.0492719258639061
1626196,Josh Richardson,2020-21,0.1148,-0.0682,0.8067,0.0311,617,28,-0.0522597701389968
1628467,Maxi Kleber,2020-21,0.1467,0.0417,0.1784,-0.0424,275,30,-0.0614676415014897
1627827,Dorian Finney-Smith,2020-21,0.1467,-0.1229,0.4274,0.0372,466,64,-0.0783255342917558
1629013,Landry Shamet,2020-21,0.0955,0.0699,1.4634,0.0854,455,41,-0.1044702915371512
1629013,Landry Shamet,2020-21,0.0955,0.0699,1.4634,0.0854,455,41,-0.8324299317191184
201609,Goran Dragic,2020-21,0.2111,0.0413,-1.087,-0.1208,554,54,-0.2601898198942184
203078,Bradley Beal,2020-21,0.0394,-0.0493,0.0848,-0.0227,1382,123,-0.2636446393717245
203493,Reggie Bullock Jr.,2020-21,0.2217,-0.098,0.7736,0.0556,560,39,-0.2808780673885565
1629003,Shake Milton,2020-21,0.2197,-0.0928,0.9079,-0.0667,667,47,-0.3301281912133752
203501,Tim Hardaway Jr.,2020-21,0.0996,-0.0431,-0.0342,-0.0173,908,100,-0.3311767048292104
203932,Aaron Gordon,2020-21,0.1846,-0.052,-0.5467,0.1845,496,99,-0.3447018464719061
203932,Aaron Gordon,2020-21,0.1846,-0.052,-0.5467,0.1845,496,99,-1.1237416316054658
201566,Russell Westbrook,2020-21,0.0607,-0.0591,-0.2849,-0.0117,1238,84,-0.478933318912921
1629134,Kendrick Nunn,2020-21,0.1995,-0.0589,-1.055,-0.1051,657,43,-0.5518178186081371
203484,Kentavious Caldwell-Pope,2020-21,0.0797,-0.1787,-0.4219,-0.0283,506,29,-0.5751852194443129
1629001,De'Anthony Melton,2020-21,0.2178,-0.0706,0.1838,0.0425,393,30,-0.5756716668921138
203471,Dennis Schröder,2020-21,0.1264,0.0061,0.6778,0.0311,757,70,-0.5912913831370324
1628389,Bam Adebayo,2020-21,0.1676,0.0102,-0.7815,-0.1205,800,57,-0.6150654631210962
203937,Kyle Anderson,2020-21,0.1555,-0.0779,0.0525,0.064,657,42,-0.637698621199743
202681,Kyrie Irving,2020-21,0.0512,-0.025,-0.0641,-0.0262,1086,163,-0.6862501317531468
202681,Kyrie Irving,2020-21,0.0512,-0.025,-0.0641,-0.0262,1086,163,-0.9193497576514768
1629639,Tyler Herro,2020-21,0.1115,-0.1486,-0.8855,-0.0713,695,38,-0.7826892653066311
203526,Raul Neto,2020-21,0.1104,-0.1042,0.0232,0.0153,445,34,-0.9205690121308594
1628960,Grayson Allen,2020-21,0.11,-0.0976,1.0325,0.1072,414,33,-0.9874412529851564
203944,Julius Randle,2020-21,0.1231,-0.0912,0.5974,0.0652,1320,94,-1.0107013082483989
1628398,Kyle Kuzma,2020-21,0.1141,-0.2154,0.1205,0.083,756,48,-1.023725926074886
203524,Solomon Hill,2020-21,0.0657,-0.1702,0.2823,-0.0253,297,24,-1.031025232240093
203524,Solomon Hill,2020-21,0.0657,-0.1702,0.2823,-0.0253,297,24,-1.1993269203482346
1627936,Alex Caruso,2020-21,0.2632,-0.0923,0.9172,0.1842,304,38,-1.051805473492343
202710,Jimmy Butler III,2020-21,0.2071,-0.1487,0.7072,-0.1683,734,64,-1.2099335258128103
1626178,Rondae Hollis-Jefferson,2018-19,0.2597,0.0186,-1.2947,0.2011,487,33,1.5131865176981307
202704,Reggie Jackson,2018-19,0.2062,0.0356,-0.5126,0.0678,1043,65,1.4408945771486716
203954,Joel Embiid,2018-19,0.0293,-0.0093,0.1776,-0.0014,1197,159,1.30005951192568
203954,Joel Embiid,2018-19,0.0293,-0.0093,0.1776,-0.0014,1197,159,-0.7066467278428599
201588,George Hill,2018-19,0.1289,0.0928,0.6138,0.1164,375,117,1.267962158708677
201588,George Hill,2018-19,0.1289,0.0928,0.6138,0.1164,375,117,0.889236175685129
201588,George Hill,2018-19,0.1289,0.0928,0.6138,0.1164,375,117,0.6248136803727992
1626149,Montrezl Harrell,2018-19,0.0856,0.1875,0.1378,-0.0698,885,62,1.2273096226622973
201939,Stephen Curry,2018-19,0.0515,0.0402,0.2689,-0.0059,1329,423,1.16159683186843
201939,Stephen Curry,2018-19,0.0515,0.0402,0.2689,-0.0059,1329,423,0.4738905330455626
201939,Stephen Curry,2018-19,0.0515,0.0402,0.2689,-0.0059,1329,423,0.4451320609131717
201939,Stephen Curry,2018-19,0.0515,0.0402,0.2689,-0.0059,1329,423,-0.4650099114398017
202695,Kawhi Leonard,2018-19,0.0663,-0.0288,0.3372,-0.003,1129,495,1.1331240287506246
202695,Kawhi Leonard,2018-19,0.0663,-0.0288,0.3372,-0.003,1129,495,0.7213068527235236
202695,Kawhi Leonard,2018-19,0.0663,-0.0288,0.3372,-0.003,1129,495,0.5381532708416947
202695,Kawhi Leonard,2018-19,0.0663,-0.0288,0.3372,-0.003,1129,495,0.296479863241114
1628386,Jarrett Allen,2018-19,0.1545,-0.0373,-4.1147,0.1545,584,32,1.072893554282044
203110,Draymond Green,2018-19,0.1479,0.0131,-0.5985,0.0883,421,227,1.0670859782351148
203110,Draymond Green,2018-19,0.1479,0.0131,-0.5985,0.0883,421,227,0.7421028445869094
203110,Draymond Green,2018-19,0.1479,0.0131,-0.5985,0.0883,421,227,0.739048036552192
203110,Draymond Green,2018-19,0.1479,0.0131,-0.5985,0.0883,421,227,0.2653851615679525
201142,Kevin Durant,2018-19,0.0898,0.0073,-0.1913,-0.049,1383,243,1.0592041658618578
201142,Kevin Durant,2018-19,0.0898,0.0073,-0.1913,-0.049,1383,243,0.0653951648775236
203918,Rodney Hood,2018-19,0.1166,-0.0273,0.2576,0.0113,670,110,1.0241259608223143
203918,Rodney Hood,2018-19,0.1166,-0.0273,0.2576,0.0113,670,110,-0.079178107463967
203918,Rodney Hood,2018-19,0.1166,-0.0273,0.2576,0.0113,670,110,-1.3728409180689258
202694,Marcus Morris Sr.,2018-19,0.0595,0.3216,-0.02,-0.0299,840,79,1.0217105803122029
202694,Marcus Morris Sr.,2018-19,0.0595,0.3216,-0.02,-0.0299,840,79,-0.0819216343363764
201933,Blake Griffin,2018-19,0.1847,-0.0046,0.4138,0.1638,1338,39,1.0055333064545602
1628470,Torrey Craig,2018-19,0.0733,-0.0044,0.3476,0.006,362,69,0.9929142051377258
1628470,Torrey Craig,2018-19,0.0733,-0.0044,0.3476,0.006,362,69,-0.237817678672862
202691,Klay Thompson,2018-19,0.0547,-0.0024,-0.3095,-0.0419,1402,359,0.9294044423388592
202691,Klay Thompson,2018-19,0.0547,-0.0024,-0.3095,-0.0419,1402,359,-0.3966480083640241
202691,Klay Thompson,2018-19,0.0547,-0.0024,-0.3095,-0.0419,1402,359,-0.4439541511606116
202691,Klay Thompson,2018-19,0.0547,-0.0024,-0.3095,-0.0419,1402,359,-0.4476150911731569
203090,Maurice Harkless,2018-19,0.1113,-0.0597,-0.878,0.016,386,108,0.8728485476777309
203090,Maurice Harkless,2018-19,0.1113,-0.0597,-0.878,0.016,386,108,0.1754975083498426
203090,Maurice Harkless,2018-19,0.1113,-0.0597,-0.878,0.016,386,108,-0.0680719290985696
202710,Jimmy Butler III,2018-19,0.1162,0.0785,-0.1632,-0.0871,903,173,0.8426438848787619
202710,Jimmy Butler III,2018-19,0.1162,0.0785,-0.1632,-0.0871,903,173,-0.0274376729655536
101150,Lou Williams,2018-19,0.1015,0.0241,-0.7628,-0.0188,1138,104,0.826554120138538
202339,Eric Bledsoe,2018-19,0.1092,-0.0214,-0.5507,-0.0904,971,184,0.8198080853632753
202339,Eric Bledsoe,2018-19,0.1092,-0.0214,-0.5507,-0.0904,971,184,-0.2923336691404802
202339,Eric Bledsoe,2018-19,0.1092,-0.0214,-0.5507,-0.0904,971,184,-0.8605886664990267
201571,D.J. Augustin,2018-19,0.0757,0.0289,-0.2475,-0.0333,673,41,0.8056516080038493
2738,Andre Iguodala,2018-19,0.0468,0.0229,-0.1278,-0.0275,301,166,0.8005057925996399
2738,Andre Iguodala,2018-19,0.0468,0.0229,-0.1278,-0.0275,301,166,0.6860974274829424
2738,Andre Iguodala,2018-19,0.0468,0.0229,-0.1278,-0.0275,301,166,0.1921528910937156
2738,Andre Iguodala,2018-19,0.0468,0.0229,-0.1278,-0.0275,301,166,-0.8942099419459524
1628401,Derrick White,2018-19,0.1125,0.0256,-0.2355,0.1125,618,74,0.7471121114162094
200782,P.J. Tucker,2018-19,0.0863,0.0339,0.708,0.0454,522,88,0.7390780446085865
200782,P.J. Tucker,2018-19,0.0863,0.0339,0.708,0.0454,522,88,0.6778281767014762
203999,Nikola Jokić,2018-19,0.0266,-0.0341,-0.2243,-0.0199,1202,261,0.6949979199465642
203999,Nikola Jokić,2018-19,0.0266,-0.0341,-0.2243,-0.0199,1202,261,0.3601453609273368
202324,Derrick Favors,2018-19,0.2049,0.011,-1.8362,0.2049,619,36,0.6826075634358068
201937,Ricky Rubio,2018-19,0.1834,0.0226,-0.0123,0.0542,729,65,0.6503919962071946
203210,JaMychal Green,2018-19,0.1672,0.116,0.6129,-0.0652,476,43,0.643583547747466
1626192,Pat Connaughton,2018-19,0.1145,-0.0018,-0.6024,-0.0255,350,77,0.6239827989082231
1626192,Pat Connaughton,2018-19,0.1145,-0.0018,-0.6024,-0.0255,350,77,0.5128968421344611
1626192,Pat Connaughton,2018-19,0.1145,-0.0018,-0.6024,-0.0255,350,77,-0.4622319485417587
201572,Brook Lopez,2018-19,0.1048,-0.0146,1.0337,0.0929,786,134,0.6209267768527166
201572,Brook Lopez,2018-19,0.1048,-0.0146,1.0337,0.0929,786,134,0.6119997857004267
201572,Brook Lopez,2018-19,0.1048,-0.0146,1.0337,0.0929,786,134,-1.1849237530983228
203516,James Ennis III,2018-19,0.0831,-0.085,-0.2505,-0.0454,294,64,0.5828887629637031
203516,James Ennis III,2018-19,0.0831,-0.085,-0.2505,-0.0454,294,64,0.414147051556388
203468,CJ McCollum,2018-19,0.0825,-0.0709,-0.1398,-0.0206,1242,349,0.5696342541515509
203468,CJ McCollum,2018-19,0.0825,-0.0709,-0.1398,-0.0206,1242,349,0.1715600061058558
203468,CJ McCollum,2018-19,0.0825,-0.0709,-0.1398,-0.0206,1242,349,0.0705378129167954
201586,Serge Ibaka,2018-19,0.0274,-0.0029,0.2819,0.0179,877,193,0.5640061526753521
201586,Serge Ibaka,2018-19,0.0274,-0.0029,0.2819,0.0179,877,193,0.1539232619016308
201586,Serge Ibaka,2018-19,0.0274,-0.0029,0.2819,0.0179,877,193,-0.495938886587053
201586,Serge Ibaka,2018-19,0.0274,-0.0029,0.2819,0.0179,877,193,-0.6541520390049631
1626179,Terry Rozier,2018-19,0.0718,-0.1189,0.4141,-0.0347,666,59,0.5545948559307412
1626179,Terry Rozier,2018-19,0.0718,-0.1189,0.4141,-0.0347,666,59,-0.884800882554247
200768,Kyle Lowry,2018-19,0.1177,-0.0134,0.6992,0.0462,736,277,0.5141844269227205
200768,Kyle Lowry,2018-19,0.1177,-0.0134,0.6992,0.0462,736,277,-0.0134223280451595
200768,Kyle Lowry,2018-19,0.1177,-0.0134,0.6992,0.0462,736,277,-0.0886586554446521
200768,Kyle Lowry,2018-19,0.1177,-0.0134,0.6992,0.0462,736,277,-0.5732740007852231
1628983,Shai Gilgeous-Alexander,2018-19,0.1488,0.196,1.0804,-0.057,787,59,0.5092496292590165
201143,Al Horford,2018-19,0.1652,-0.0317,-0.2545,-0.1126,722,110,0.4992744118940012
201143,Al Horford,2018-19,0.1652,-0.0317,-0.2545,-0.1126,722,110,-0.6008194426883087
1626220,Royce O'Neale,2018-19,0.0301,0.1989,0.7756,-0.0202,338,45,0.4853611701388255
203114,Khris Middleton,2018-19,0.1587,-0.0073,-1.0674,-0.0877,1148,201,0.4788209123652636
203114,Khris Middleton,2018-19,0.1587,-0.0073,-1.0674,-0.0877,1148,201,0.1874172673298406
203114,Khris Middleton,2018-19,0.1587,-0.0073,-1.0674,-0.0877,1148,201,-0.4415449309189611
203914,Gary Harris,2018-19,0.0584,0.0912,-0.0266,0.0584,636,157,0.4519077090303705
203914,Gary Harris,2018-19,0.0584,0.0912,-0.0266,0.0584,636,157,-0.1981260485328303
1627783,Pascal Siakam,2018-19,0.1029,-0.0674,0.3835,-0.0867,943,383,0.4115669589191055
1627783,Pascal Siakam,2018-19,0.1029,-0.0674,0.3835,-0.0867,943,383,0.1650659699382135
1627783,Pascal Siakam,2018-19,0.1029,-0.0674,0.3835,-0.0867,943,383,-0.0319605235723506
1627783,Pascal Siakam,2018-19,0.1029,-0.0674,0.3835,-0.0867,943,383,-0.7335506613475344
203932,Aaron Gordon,2018-19,0.0527,-0.0415,-0.0269,0.0195,1042,62,0.4095703480289713
201976,Patrick Beverley,2018-19,0.142,0.0219,-0.3222,-0.078,476,47,0.3969757164771463
203081,Damian Lillard,2018-19,0.0573,0.0079,0.325,-0.0308,1530,328,0.3895248355986417
203081,Damian Lillard,2018-19,0.0573,0.0079,0.325,-0.0308,1530,328,0.0247930495522236
203081,Damian Lillard,2018-19,0.0573,0.0079,0.325,-0.0308,1530,328,-0.2903699578079504
1627759,Jaylen Brown,2018-19,0.1694,0.0316,0.3601,-0.1,792,86,0.378650495802445
1627759,Jaylen Brown,2018-19,0.1694,0.0316,0.3601,-0.1,792,86,0.1273929119824111
201936,Tyreke Evans,2018-19,0.1402,0.0794,0.9727,0.0098,660,48,0.3712146703288773
203500,Steven Adams,2018-19,0.1139,0.1766,-0.2761,-0.0829,807,41,0.339718339257758
203085,Austin Rivers,2018-19,0.0518,0.021,0.0893,-0.0351,571,62,0.3317397211500461
203085,Austin Rivers,2018-19,0.0518,0.021,0.0893,-0.0351,571,62,-0.1068687829782253
202681,Kyrie Irving,2018-19,0.0697,-0.1081,-0.2836,-0.0411,1240,179,0.3285304482529387
202681,Kyrie Irving,2018-19,0.0697,-0.1081,-0.2836,-0.0411,1240,179,-0.7255858417041859
1627732,Ben Simmons,2018-19,0.0896,-0.0037,-1.5704,0.0896,960,116,0.3232352213533791
1627732,Ben Simmons,2018-19,0.0896,-0.0037,-1.5704,0.0896,960,116,-0.5543261892711483
1628379,Luke Kennard,2018-19,0.201,-0.0411,0.2691,0.071,531,47,0.3155138507115388
1627734,Domantas Sabonis,2018-19,0.3087,-0.1306,2.2907,-0.2497,700,29,0.3013493227497418
1627832,Fred VanVleet,2018-19,0.1267,-0.0084,-1.137,-0.1118,599,166,0.2985682292416601
1627832,Fred VanVleet,2018-19,0.1267,-0.0084,-1.137,-0.1118,599,166,-0.0351006724013004
1627832,Fred VanVleet,2018-19,0.1267,-0.0084,-1.137,-0.1118,599,166,-0.1910601262150758
1627832,Fred VanVleet,2018-19,0.1267,-0.0084,-1.137,-0.1118,599,166,-2.3356098610933245
1628369,Jayson Tatum,2018-19,0.0398,-0.0829,0.1649,0.0362,1036,112,0.2982015916565094
1628369,Jayson Tatum,2018-19,0.0398,-0.0829,0.1649,0.0362,1036,112,-0.299329323364232
1627750,Jamal Murray,2018-19,0.0559,-0.0586,-0.434,-0.004,1171,252,0.2758112218210825
1627750,Jamal Murray,2018-19,0.0559,-0.0586,-0.434,-0.004,1171,252,0.2180800127589452
203507,Giannis Antetokounmpo,2018-19,0.0704,-0.0392,0.6288,-0.0578,1246,261,0.2253104797930326
203507,Giannis Antetokounmpo,2018-19,0.0704,-0.0392,0.6288,-0.0578,1246,261,-0.0442738891996725
203507,Giannis Antetokounmpo,2018-19,0.0704,-0.0392,0.6288,-0.0578,1246,261,-0.5967702201643421
202709,Cory Joseph,2018-19,0.1832,0.1404,1.7161,0.1152,544,24,0.2112057100481567
202699,Tobias Harris,2018-19,0.1283,-0.0778,-0.5601,-0.1113,1251,167,0.2035431423995987
202699,Tobias Harris,2018-19,0.1283,-0.0778,-0.5601,-0.1113,1251,167,-0.422421613066399
202329,Al-Farouq Aminu,2018-19,0.1674,-0.0183,-0.6104,-0.0624,593,109,0.1555974680573678
202329,Al-Farouq Aminu,2018-19,0.1674,-0.0183,-0.6104,-0.0624,593,109,-0.20803927009986
202329,Al-Farouq Aminu,2018-19,0.1674,-0.0183,-0.6104,-0.0624,593,109,-0.418480463989111
203924,Jerami Grant,2018-19,0.1456,0.0548,0.8637,-0.0257,821,40,0.1431735003701011
201569,Eric Gordon,2018-19,0.0346,0.0384,0.3194,0.0055,938,150,0.1268694373616553
201569,Eric Gordon,2018-19,0.0346,0.0384,0.3194,0.0055,938,150,0.060737050125955
1628420,Monté Morris,2018-19,0.174,-0.0876,-1.3644,0.0083,759,86,0.1170247333056305
1628420,Monté Morris,2018-19,0.174,-0.0876,-1.3644,0.0083,759,86,-1.303105227267276
202331,Paul George,2018-19,0.0965,0.0218,-0.1792,0.0047,1606,101,0.0637044205513939
1627736,Malik Beasley,2018-19,0.1235,-0.1122,-0.8091,-0.076,782,93,0.0635855894374193
1627736,Malik Beasley,2018-19,0.1235,-0.1122,-0.8091,-0.076,782,93,-0.2493645596551871
202683,Enes Freedom,2018-19,0.0692,0.2017,-0.2881,-0.0125,683,146,0.0618909646449052
202683,Enes Freedom,2018-19,0.0692,0.2017,-0.2881,-0.0125,683,146,-0.3847510428450413
202683,Enes Freedom,2018-19,0.0692,0.2017,-0.2881,-0.0125,683,146,-0.779064475479575
203471,Dennis Schröder,2018-19,0.1277,0.094,-0.3238,-0.0757,1099,55,0.0612326560109859
201152,Thaddeus Young,2018-19,0.096,-0.0481,0.1594,-0.0506,839,42,0.0382099954449495
1627763,Malcolm Brogdon,2018-19,0.15,-0.0332,0.6542,-0.1461,748,78,0.0079818722886308
202711,Bojan Bogdanovic,2018-19,0.0848,-0.1438,0.0699,-0.0025,1051,63,-0.0028233849644653
200746,LaMarcus Aldridge,2018-19,0.0634,-0.1224,0.5386,-0.0058,1319,121,-0.0083416970969028
203497,Rudy Gobert,2018-19,0.0822,-0.3467,0.2271,-0.0667,712,32,-0.0220308766663122
202330,Gordon Hayward,2018-19,0.0863,-0.092,0.4612,0.0386,635,70,-0.0349251812728109
202330,Gordon Hayward,2018-19,0.0863,-0.092,0.4612,0.0386,635,70,-0.5761983322586021
101108,Chris Paul,2018-19,0.1083,0.1363,0.8824,0.0651,717,145,-0.0376370073209274
101108,Chris Paul,2018-19,0.1083,0.1363,0.8824,0.0651,717,145,-0.5995625582631027
1627854,Bryn Forbes,2018-19,0.1038,-0.0073,0.2557,-0.0121,788,56,-0.043721920997259
201188,Marc Gasol,2018-19,0.1795,0.0207,0.0668,-0.0628,870,180,-0.0473479445166852
201188,Marc Gasol,2018-19,0.1795,0.0207,0.0668,-0.0628,870,180,-0.0610624593129838
201188,Marc Gasol,2018-19,0.1795,0.0207,0.0668,-0.0628,870,180,-0.6365392185329974
201188,Marc Gasol,2018-19,0.1795,0.0207,0.0668,-0.0628,870,180,-0.9239233467375276
200794,Paul Millsap,2018-19,0.0606,0.037,-0.1768,-0.0541,664,156,-0.0490473868186406
200794,Paul Millsap,2018-19,0.0606,0.037,-0.1768,-0.0541,664,156,-0.3619189260522594
200755,JJ Redick,2018-19,0.1135,0.0181,-1.6417,-0.0671,1027,124,-0.076435871169211
200755,JJ Redick,2018-19,0.1135,0.0181,-1.6417,-0.0671,1027,124,-0.4680447567498976
201942,DeMar DeRozan,2018-19,0.0498,0.0112,-1.0277,-0.0247,1312,119,-0.0766262338778629
203486,Mason Plumlee,2018-19,0.0428,-0.1218,1.968,-0.0405,439,47,-0.0938397123209702
203486,Mason Plumlee,2018-19,0.0428,-0.1218,1.968,-0.0405,439,47,-0.5277089367224568
203109,Jae Crowder,2018-19,0.0227,-0.0006,0.0856,0.0096,793,46,-0.0946897727380592
202323,Evan Turner,2018-19,0.2279,-0.1936,-2.0719,0.055,443,46,-0.1659715229099047
202323,Evan Turner,2018-19,0.2279,-0.1936,-2.0719,0.055,443,46,-0.5075453141430307
202323,Evan Turner,2018-19,0.2279,-0.1936,-2.0719,0.055,443,46,-2.5170879525477696
201980,Danny Green,2018-19,0.0718,-0.1268,-0.3755,-0.0064,628,155,-0.167924883803103
201980,Danny Green,2018-19,0.0718,-0.1268,-0.3755,-0.0064,628,155,-0.3158580375162679
201980,Danny Green,2018-19,0.0718,-0.1268,-0.3755,-0.0064,628,155,-0.3584402126513199
201980,Danny Green,2018-19,0.0718,-0.1268,-0.3755,-0.0064,628,155,-1.5270965171740227
203082,Terrence Ross,2018-19,0.188,-0.0253,2.4477,0.0873,1020,54,-0.1743411590290971
201566,Russell Westbrook,2018-19,0.0482,-0.0017,0.0679,-0.0061,1473,111,-0.1757026493688516
202697,Iman Shumpert,2018-19,0.2359,-0.0338,-1.0022,-0.0512,445,26,-0.1941667338428617
1628390,Terrance Ferguson,2018-19,0.0682,0.0306,-0.2099,-0.0629,471,25,-0.1975746315835908
203083,Andre Drummond,2018-19,0.0372,-0.0222,-0.2537,-0.0092,1045,54,-0.2148400573831685
201954,Darren Collison,2018-19,0.0736,-0.0639,-0.1124,-0.0039,658,45,-0.2625539022195878
101123,Gerald Green,2018-19,0.1269,-0.1803,-0.2645,-0.0644,577,40,-0.275755955061523
203991,Clint Capela,2018-19,0.0462,-0.2236,-0.3694,-0.038,732,82,-0.2913502816310295
203991,Clint Capela,2018-19,0.0462,-0.2236,-0.3694,-0.038,732,82,-0.4155119422674546
1629013,Landry Shamet,2018-19,0.2108,-0.0892,-0.868,-0.0723,562,38,-0.3080986562715302
202397,Ish Smith,2018-19,0.1496,-0.0757,-1.3608,-0.0637,485,38,-0.3145599418541285
200752,Rudy Gay,2018-19,0.0859,-0.1333,-0.4765,-0.0754,744,70,-0.3645136490229482
204038,Langston Galloway,2018-19,0.1856,0.0,-0.6425,-0.0276,587,34,-0.3719649802233069
201158,Marco Belinelli,2018-19,0.1091,-0.0397,0.0583,0.0632,686,38,-0.3921109887019317
201568,Danilo Gallinari,2018-19,0.0607,-0.1379,0.2731,-0.0085,882,111,-0.4275357710178276
201988,Patty Mills,2018-19,0.156,-0.1214,1.3264,0.1032,662,43,-0.4573542621248211
201935,James Harden,2018-19,0.1081,-0.0221,-0.3018,-0.0591,1908,263,-0.4615180188536932
201935,James Harden,2018-19,0.1081,-0.0221,-0.3018,-0.0591,1908,263,-0.4617772436455096
1626167,Myles Turner,2018-19,0.1502,-0.0823,0.4898,-0.0198,780,35,-0.5165507335494541
204060,Joe Ingles,2018-19,0.18,-0.1154,-0.6434,-0.0471,800,37,-0.6861571098130747
202083,Wesley Matthews,2018-19,0.1769,-0.0893,0.3479,0.0537,697,30,-0.7024109040172837
203095,Evan Fournier,2018-19,0.1217,-0.0414,-0.5378,-0.1217,1067,69,-0.8176893024259827
202696,Nikola Vučević,2018-19,0.0654,-0.201,0.5721,0.009,1353,58,-0.8468699992606188
201961,Wayne Ellington,2018-19,0.1982,-0.075,0.9634,-0.0128,457,35,-0.8542889273954382
203915,Spencer Dinwiddie,2018-19,0.0966,-0.0251,0.178,0.059,823,62,-0.9076018159687644
1628371,Jonathan Isaac,2018-19,0.1608,-0.1806,-0.936,-0.1246,647,40,-0.9112875908634768
1628378,Donovan Mitchell,2018-19,0.0706,-0.1136,0.5784,0.0194,1525,111,-0.938056629644326
1626156,D'Angelo Russell,2018-19,0.075,-0.1452,0.2581,0.0352,1516,103,-0.9953298295890604
201960,DeMarre Carroll,2018-19,0.1625,-0.0541,-0.4885,-0.1102,575,38,-1.0398343889944988
203925,Joe Harris,2018-19,0.1348,-0.121,0.4373,0.0745,748,43,-1.1357355061451284
1626192,Pat Connaughton,2022-23,0.1606,0.0907,0.243,0.0576,421,30,1.7435553309973906
202695,Kawhi Leonard,2022-23,0.1459,0.0476,-0.8335,-0.084,869,44,1.4282127955502717
1628470,Torrey Craig,2022-23,0.2864,0.2114,-1.7465,-0.1815,499,45,1.3317263452367547
1628470,Torrey Craig,2022-23,0.2864,0.2114,-1.7465,-0.1815,499,45,-1.0778607738902952
1628997,Caleb Martin,2022-23,0.0752,0.0656,-0.0677,-0.0219,547,206,1.2870095879278425
1628997,Caleb Martin,2022-23,0.0752,0.0656,-0.0677,-0.0219,547,206,1.1486775394461075
1628997,Caleb Martin,2022-23,0.0752,0.0656,-0.0677,-0.0219,547,206,0.3336548328356804
1628997,Caleb Martin,2022-23,0.0752,0.0656,-0.0677,-0.0219,547,206,-0.5409310204949194
1630559,Austin Reaves,2022-23,0.1512,-0.0451,-0.2519,-0.0761,488,193,1.092366880122778
1630559,Austin Reaves,2022-23,0.1512,-0.0451,-0.2519,-0.0761,488,193,0.2698023768485777
1630559,Austin Reaves,2022-23,0.1512,-0.0451,-0.2519,-0.0761,488,193,0.0142893453262643
203999,Nikola Jokić,2022-23,0.1852,-0.0515,0.0515,-0.1817,1020,412,1.055406267668088
203999,Nikola Jokić,2022-23,0.1852,-0.0515,0.0515,-0.1817,1020,412,0.1978244936639982
203999,Nikola Jokić,2022-23,0.1852,-0.0515,0.0515,-0.1817,1020,412,0.1690195388087818
203999,Nikola Jokić,2022-23,0.1852,-0.0515,0.0515,-0.1817,1020,412,0.0883558006988112
200768,Kyle Lowry,2022-23,0.1753,-0.0024,-0.5966,-0.0418,484,173,1.046182018072934
200768,Kyle Lowry,2022-23,0.1753,-0.0024,-0.5966,-0.0418,484,173,0.5218140048771398
200768,Kyle Lowry,2022-23,0.1753,-0.0024,-0.5966,-0.0418,484,173,-0.0749604100759192
200768,Kyle Lowry,2022-23,0.1753,-0.0024,-0.5966,-0.0418,484,173,-0.4436712062245702
202710,Jimmy Butler III,2022-23,0.1338,-0.039,1.0249,-0.09,887,440,1.0078765290676477
202710,Jimmy Butler III,2022-23,0.1338,-0.039,1.0249,-0.09,887,440,-0.0029939712030676
202710,Jimmy Butler III,2022-23,0.1338,-0.039,1.0249,-0.09,887,440,-0.0548726197021165
202710,Jimmy Butler III,2022-23,0.1338,-0.039,1.0249,-0.09,887,440,-0.2022147039881683
1630162,Anthony Edwards,2022-23,0.0325,0.063,-0.447,-0.0163,1538,113,0.8939902952723202
1626164,Devin Booker,2022-23,0.0789,0.0523,-0.3613,-0.0109,1067,241,0.8841733179778456
1626164,Devin Booker,2022-23,0.0789,0.0523,-0.3613,-0.0109,1067,241,0.7783448783138476
1629216,Gabe Vincent,2022-23,0.0786,0.0013,0.5418,0.0386,567,246,0.8479680267590582
1629216,Gabe Vincent,2022-23,0.0786,0.0013,0.5418,0.0386,567,246,0.6344110027745343
1629216,Gabe Vincent,2022-23,0.0786,0.0013,0.5418,0.0386,567,246,0.1523860331979407
1629216,Gabe Vincent,2022-23,0.0786,0.0013,0.5418,0.0386,567,246,0.0937964264834372
202699,Tobias Harris,2022-23,0.1251,0.0212,-0.6855,-0.0489,845,134,0.8380631664082304
202699,Tobias Harris,2022-23,0.1251,0.0212,-0.6855,-0.0489,845,134,-0.4413397135084389
1629060,Rui Hachimura,2022-23,0.0751,0.0906,0.3054,0.02,584,131,0.8098392965303469
1629060,Rui Hachimura,2022-23,0.0751,0.0906,0.3054,0.02,584,131,0.5854364822075798
1629060,Rui Hachimura,2022-23,0.0751,0.0906,0.3054,0.02,584,131,0.2650490364088419
1628973,Jalen Brunson,2022-23,0.1218,-0.0685,-0.1654,-0.0596,1195,229,0.7553207537180296
1628973,Jalen Brunson,2022-23,0.1218,-0.0685,-0.1654,-0.0596,1195,229,-0.1389170859080382
200782,P.J. Tucker,2022-23,0.1843,-0.05,-1.2321,-0.0324,225,51,0.7413469602712105
200782,P.J. Tucker,2022-23,0.1843,-0.05,-1.2321,-0.0324,225,51,-0.5860065305708525
1630171,Isaac Okoro,2022-23,0.0952,-0.0375,0.5259,-0.0183,354,23,0.7377420737339949
1629022,Lonnie Walker IV,2022-23,0.1833,0.0722,-1.8401,-0.1724,525,60,0.7313861792065909
1629022,Lonnie Walker IV,2022-23,0.1833,0.0722,-1.8401,-0.1724,525,60,-0.3190821437885393
203992,Bogdan Bogdanović,2022-23,0.0707,0.1108,1.3604,0.0134,611,54,0.7282337918619264
1627750,Jamal Murray,2022-23,0.0825,0.0808,-0.2603,-0.0355,1033,410,0.6683170946561943
1627750,Jamal Murray,2022-23,0.0825,0.0808,-0.2603,-0.0355,1033,410,0.6485088196254924
1627750,Jamal Murray,2022-23,0.0825,0.0808,-0.2603,-0.0355,1033,410,0.5448553194570216
1627750,Jamal Murray,2022-23,0.0825,0.0808,-0.2603,-0.0355,1033,410,0.0972841017876539
1628969,Mikal Bridges,2022-23,0.0797,0.09,0.1488,-0.0005,1265,77,0.6189050970940204
1629611,Terance Mann,2022-23,0.2289,0.174,0.0813,-0.1561,522,32,0.5665117275636176
203935,Marcus Smart,2022-23,0.0941,0.1062,0.1479,-0.0072,599,221,0.5565510942917774
203935,Marcus Smart,2022-23,0.0941,0.1062,0.1479,-0.0072,599,221,0.2323420974029557
203935,Marcus Smart,2022-23,0.0941,0.1062,0.1479,-0.0072,599,221,0.0770187844437393
1628401,Derrick White,2022-23,0.0978,0.082,-0.0869,-0.0248,758,184,0.5298294460428005
1628401,Derrick White,2022-23,0.0978,0.082,-0.0869,-0.0248,758,184,0.3661048896248675
1628401,Derrick White,2022-23,0.0978,0.082,-0.0869,-0.0248,758,184,-0.7349658604007201
2544,LeBron James,2022-23,0.0869,0.0016,0.2108,-0.0316,1219,295,0.5202425959780215
2544,LeBron James,2022-23,0.0869,0.0016,0.2108,-0.0316,1219,295,-0.3449338161438084
2544,LeBron James,2022-23,0.0869,0.0016,0.2108,-0.0316,1219,295,-0.7756945291990529
1629622,Max Strus,2022-23,0.0227,-0.0083,0.09,0.0211,790,189,0.4927190747710255
1629622,Max Strus,2022-23,0.0227,-0.0083,0.09,0.0211,790,189,-0.2900117838872544
1629622,Max Strus,2022-23,0.0227,-0.0083,0.09,0.0211,790,189,-0.5505939171046337
1629622,Max Strus,2022-23,0.0227,-0.0083,0.09,0.0211,790,189,-0.7556158249161751
1628379,Luke Kennard,2022-23,0.2188,0.1154,0.2087,0.003,381,23,0.4497013934164501
203497,Rudy Gobert,2022-23,0.0541,-0.0895,-0.412,-0.0376,544,46,0.4229661418490912
1629628,RJ Barrett,2022-23,0.053,0.025,0.0624,-0.0076,1176,164,0.4176414649252515
1629628,RJ Barrett,2022-23,0.053,0.025,0.0624,-0.0076,1176,164,0.1319165373145718
203484,Kentavious Caldwell-Pope,2022-23,0.1166,-0.0995,0.0464,-0.0313,631,162,0.3818895496207446
203484,Kentavious Caldwell-Pope,2022-23,0.1166,-0.0995,0.0464,-0.0313,631,162,0.3367061313043934
203484,Kentavious Caldwell-Pope,2022-23,0.1166,-0.0995,0.0464,-0.0313,631,162,-0.2134816993577567
203484,Kentavious Caldwell-Pope,2022-23,0.1166,-0.0995,0.0464,-0.0313,631,162,-0.6078799393079419
1629684,Grant Williams,2022-23,0.1471,0.0507,-0.5814,-0.018,474,53,0.3668514924953117
1629684,Grant Williams,2022-23,0.1471,0.0507,-0.5814,-0.018,474,53,-0.2955182767442429
1628971,Bruce Brown,2022-23,0.0892,0.0672,-0.0318,-0.0075,740,174,0.3628219652990363
1628971,Bruce Brown,2022-23,0.0892,0.0672,-0.0318,-0.0075,740,174,0.3063302067482217
1628971,Bruce Brown,2022-23,0.0892,0.0672,-0.0318,-0.0075,740,174,0.1690526058780001
1628971,Bruce Brown,2022-23,0.0892,0.0672,-0.0318,-0.0075,740,174,-0.2662636881196745
1627749,Dejounte Murray,2022-23,0.0788,0.1088,0.68,-0.0057,1319,103,0.3614321443125786
1629651,Nic Claxton,2022-23,0.1081,-0.0952,0.7299,-0.0849,587,25,0.3606604382725569
201567,Kevin Love,2022-23,0.0448,0.0177,-0.3367,0.0011,424,119,0.3407023319555914
201567,Kevin Love,2022-23,0.0448,0.0177,-0.3367,0.0011,424,119,-0.2791788677830203
201567,Kevin Love,2022-23,0.0448,0.0177,-0.3367,0.0011,424,119,-0.294750399592106
201567,Kevin Love,2022-23,0.0448,0.0177,-0.3367,0.0011,424,119,-0.4613190294400563
203937,Kyle Anderson,2022-23,0.0781,-0.0258,-0.0732,0.0216,494,30,0.2945199165772901
201572,Brook Lopez,2022-23,0.1501,0.0038,-1.1853,0.0788,899,67,0.2900335791251638
1628369,Jayson Tatum,2022-23,0.0369,-0.0326,0.1085,0.0052,1559,404,0.2843499994366751
1628369,Jayson Tatum,2022-23,0.0369,-0.0326,0.1085,0.0052,1559,404,-0.074473673863815
1628369,Jayson Tatum,2022-23,0.0369,-0.0326,0.1085,0.0052,1559,404,-0.2246573307555485
1628960,Grayson Allen,2022-23,0.1245,-0.0236,-0.9554,-0.1007,557,41,0.2832062374359207
1626181,Norman Powell,2022-23,0.1194,0.0908,-0.17,-0.0773,709,75,0.2631612941641365
1627759,Jaylen Brown,2022-23,0.0594,-0.0107,-0.2707,0.0006,1382,364,0.2294731050337105
1627759,Jaylen Brown,2022-23,0.0594,-0.0107,-0.2707,0.0006,1382,364,-0.0901396453107774
1627759,Jaylen Brown,2022-23,0.0594,-0.0107,-0.2707,0.0006,1382,364,-0.7008170568864697
1626172,Kevon Looney,2022-23,0.0938,-0.1159,-1.1827,0.0938,384,64,0.2241088562722765
1626172,Kevon Looney,2022-23,0.0938,-0.1159,-1.1827,0.0938,384,64,0.1617630240532448
1629027,Trae Young,2022-23,0.0696,-0.0476,0.5446,0.0294,1388,148,0.2145836410456107
1629011,Mitchell Robinson,2022-23,0.0393,-0.0724,-0.8451,0.0393,280,48,0.2117446849867632
1629011,Mitchell Robinson,2022-23,0.0393,-0.0724,-0.8451,0.0393,280,48,-0.3632909668893551
201144,Mike Conley,2022-23,0.0716,0.0244,0.142,-0.001,608,42,0.2062897221119229
1627763,Malcolm Brogdon,2022-23,0.0519,-0.049,0.1483,-0.0285,732,194,0.1883981363164397
1627763,Malcolm Brogdon,2022-23,0.0519,-0.049,0.1483,-0.0285,732,194,-0.1723310376937695
1627763,Malcolm Brogdon,2022-23,0.0519,-0.049,0.1483,-0.0285,732,194,-1.6453647018160826
1629001,De'Anthony Melton,2022-23,0.0872,-0.1221,-0.0134,0.0158,649,81,0.1822815459815424
1629001,De'Anthony Melton,2022-23,0.0872,-0.1221,-0.0134,0.0158,649,81,-0.6371610938860014
1630583,Santi Aldama,2022-23,0.0895,-0.177,0.4445,0.0262,592,32,0.1796483556550917
1628368,De'Aaron Fox,2022-23,0.13,-0.0436,0.0823,-0.105,1331,165,0.1628010803754525
1629020,Jarred Vanderbilt,2022-23,0.2916,-0.0525,1.8391,-0.2565,451,60,0.140773735922096
1629020,Jarred Vanderbilt,2022-23,0.2916,-0.0525,1.8391,-0.2565,451,60,-1.3615429225186333
201939,Stephen Curry,2022-23,0.0548,-0.0063,-0.0707,0.0063,1124,311,0.1384688301463842
201939,Stephen Curry,2022-23,0.0548,-0.0063,-0.0707,0.0063,1124,311,-0.0461952103305459
203110,Draymond Green,2022-23,0.1909,-0.0981,-0.8895,-0.0813,472,91,0.1335425636838524
203110,Draymond Green,2022-23,0.1909,-0.0981,-0.8895,-0.0813,472,91,0.1298645493801207
1629008,Michael Porter Jr.,2022-23,0.0699,-0.1456,-0.012,-0.0022,815,234,0.1273905737487665
1629008,Michael Porter Jr.,2022-23,0.0699,-0.1456,-0.012,-0.0022,815,234,-0.0001897970856044
1629008,Michael Porter Jr.,2022-23,0.0699,-0.1456,-0.012,-0.0022,815,234,-0.1876035578478642
1629008,Michael Porter Jr.,2022-23,0.0699,-0.1456,-0.012,-0.0022,815,234,-1.127419805089438
1628378,Donovan Mitchell,2022-23,0.0619,-0.0249,-0.9389,-0.0354,1396,103,0.1208124936704629
1628978,Donte DiVincenzo,2022-23,0.028,0.0798,0.5961,0.0198,539,63,0.1174315757185513
1628978,Donte DiVincenzo,2022-23,0.028,0.0798,0.5961,0.0198,539,63,-0.2408903888186331
203932,Aaron Gordon,2022-23,0.1079,0.0653,-0.2896,-0.0668,757,194,0.0802804313073354
203932,Aaron Gordon,2022-23,0.1079,0.0653,-0.2896,-0.0668,757,194,-0.1906232604591118
203932,Aaron Gordon,2022-23,0.1079,0.0653,-0.2896,-0.0668,757,194,-0.2728051085054726
203932,Aaron Gordon,2022-23,0.1079,0.0653,-0.2896,-0.0668,757,194,-0.7467501666054239
203076,Anthony Davis,2022-23,0.0819,-0.005,-0.9956,-0.0172,962,253,0.056790112609877
203076,Anthony Davis,2022-23,0.0819,-0.005,-0.9956,-0.0172,962,253,-0.1458005614452985
203076,Anthony Davis,2022-23,0.0819,-0.005,-0.9956,-0.0172,962,253,-0.5905517642996542
1628389,Bam Adebayo,2022-23,0.043,0.0183,0.3308,-0.0011,1113,347,0.0518573709228289
1628389,Bam Adebayo,2022-23,0.043,0.0183,0.3308,-0.0011,1113,347,-0.2943389192303919
1628389,Bam Adebayo,2022-23,0.043,0.0183,0.3308,-0.0011,1113,347,-0.320771074765912
1628389,Bam Adebayo,2022-23,0.043,0.0183,0.3308,-0.0011,1113,347,-0.3421999637828972
1627747,Caris LeVert,2022-23,0.1355,-0.0321,-0.9501,-0.0967,741,63,0.0384944985800543
1626156,D'Angelo Russell,2022-23,0.1815,0.0161,-0.8183,-0.0878,948,195,-0.0163738360679601
1626156,D'Angelo Russell,2022-23,0.1815,0.0161,-0.8183,-0.0878,948,195,-0.5472352236005187
1626156,D'Angelo Russell,2022-23,0.1815,0.0161,-0.8183,-0.0878,948,195,-1.500751303600972
1627826,Ivica Zubac,2022-23,0.1526,0.0876,-0.1284,-0.137,513,30,-0.0267971024634922
1628404,Josh Hart,2022-23,0.0804,-0.0068,0.2739,-0.0359,520,94,-0.0330398564328366
1628404,Josh Hart,2022-23,0.0804,-0.0068,0.2739,-0.0359,520,94,-0.2630345999224512
1627827,Dorian Finney-Smith,2022-23,0.2602,0.0433,-2.5853,-0.1655,499,23,-0.0429339952157624
1629631,De'Andre Hunter,2022-23,0.0991,0.0188,0.3098,-0.0397,822,85,-0.0558202112595285
1628370,Malik Monk,2022-23,0.1819,-0.0746,-0.4402,-0.1025,794,93,-0.0777538267081335
1630168,Onyeka Okongwu,2022-23,0.0965,0.1429,0.0564,-0.0015,496,25,-0.1004534992681722
203915,Spencer Dinwiddie,2022-23,0.1416,-0.0239,-0.4726,0.0381,1049,51,-0.1037301080093617
1628381,John Collins,2022-23,0.2348,0.0047,0.0915,-0.1965,707,60,-0.1101287062428276
203991,Clint Capela,2022-23,0.0226,-0.5,0.2832,-0.0216,535,38,-0.1113689852580492
201566,Russell Westbrook,2022-23,0.1069,-0.0525,0.0599,-0.0105,990,105,-0.124939835250942
1626171,Bobby Portis,2022-23,0.1674,-0.025,0.095,-0.0911,802,41,-0.12900353885243
201935,James Harden,2022-23,0.0483,-0.0893,-0.0273,0.0029,842,183,-0.1536320884078662
201935,James Harden,2022-23,0.0483,-0.0893,-0.0273,0.0029,842,183,-0.6063922699950994
1628991,Jaren Jackson Jr.,2022-23,0.1167,-0.0847,-0.4464,-0.07,819,82,-0.157624860789618
1630178,Tyrese Maxey,2022-23,0.0792,-0.0602,-0.1616,-0.06,912,192,-0.1833000053378603
1630178,Tyrese Maxey,2022-23,0.0792,-0.0602,-0.1616,-0.06,912,192,-0.3707215044733083
1627752,Taurean Prince,2022-23,0.1258,-0.0025,-0.3492,-0.0551,378,33,-0.1860368450768139
203471,Dennis Schröder,2022-23,0.0969,-0.0041,-0.3029,-0.0549,650,102,-0.1944249137178868
203471,Dennis Schröder,2022-23,0.0969,-0.0041,-0.3029,-0.0549,650,102,-0.756139818884063
203471,Dennis Schröder,2022-23,0.0969,-0.0041,-0.3029,-0.0549,650,102,-1.0792907818771162
1628386,Jarrett Allen,2022-23,0.0769,-0.0217,-1.1246,0.0769,626,36,-0.2005974119839284
201569,Eric Gordon,2022-23,0.1892,-0.0346,-1.142,-0.0983,652,44,-0.2011770577695382
202691,Klay Thompson,2022-23,0.0575,-0.0753,-0.0752,-0.0178,1252,219,-0.2055805078042814
202691,Klay Thompson,2022-23,0.0575,-0.0753,-0.0752,-0.0178,1252,219,-0.7093244774371348
1631099,Keegan Murray,2022-23,0.097,-0.0324,-0.0787,0.0049,885,58,-0.2061670965296398
203944,Julius Randle,2022-23,0.0585,-0.0774,-0.1894,-0.0121,1431,147,-0.2580377289453737
203944,Julius Randle,2022-23,0.0585,-0.0774,-0.1894,-0.0121,1431,147,-0.7316228824809713
1626224,Cedi Osman,2022-23,0.214,-0.0742,-2.2132,-0.173,529,25,-0.2897877766684238
1630217,Desmond Bane,2022-23,0.0853,-0.0973,-0.3486,-0.0469,937,116,-0.3536681945639516
201143,Al Horford,2022-23,0.0525,-0.1557,0.0605,-0.0189,479,132,-0.367772204823319
201143,Al Horford,2022-23,0.0525,-0.1557,0.0605,-0.0189,479,132,-0.4237115036422095
201143,Al Horford,2022-23,0.0525,-0.1557,0.0605,-0.0189,479,132,-0.4874329193659121
1629667,Jalen McDaniels,2022-23,0.1189,0.014,0.336,-0.0809,617,20,-0.3788200072754015
1629636,Darius Garland,2022-23,0.1089,0.0132,-0.3448,-0.0011,1129,80,-0.4375761075493798
203507,Giannis Antetokounmpo,2022-23,0.0954,-0.018,-1.8359,0.0608,1278,53,-0.4533792048825135
1630180,Saddiq Bey,2022-23,0.0807,-0.0742,-0.3281,-0.0343,830,40,-0.4642987478492478
203084,Harrison Barnes,2022-23,0.0487,-0.0478,0.1127,0.0039,789,59,-0.5077814158869389
1629028,Deandre Ayton,2022-23,0.0435,0.0048,-0.8937,-0.0162,887,111,-0.53222547457675
1629028,Deandre Ayton,2022-23,0.0435,0.0048,-0.8937,-0.0162,887,111,-0.6239709586820443
1627736,Malik Beasley,2022-23,0.1674,-0.1315,0.4182,0.0283,935,34,-0.5643718490886818
1629630,Ja Morant,2022-23,0.0558,0.0256,0.0824,-0.011,1211,106,-0.5809960430752313
1628415,Dillon Brooks,2022-23,0.1096,-0.0749,0.5402,-0.0283,989,77,-0.6252525958435307
201950,Jrue Holiday,2022-23,0.1072,-0.0959,-0.4252,-0.057,1019,84,-0.6957027804980773
1630193,Immanuel Quickley,2022-23,0.1326,-0.0824,-0.6866,-0.0934,935,66,-0.707089628490581
1630193,Immanuel Quickley,2022-23,0.1326,-0.0824,-0.6866,-0.0934,935,66,-1.085532891269479
1629656,Quentin Grimes,2022-23,0.1939,-0.1806,-1.968,-0.1033,689,46,-0.7300536692444781
1629656,Quentin Grimes,2022-23,0.1939,-0.1806,-1.968,-0.1033,689,46,-1.1264345666836746
1629673,Jordan Poole,2022-23,0.0588,-0.1705,0.0627,-0.0047,1270,135,-0.7454569724340316
1629673,Jordan Poole,2022-23,0.0588,-0.1705,0.0627,-0.0047,1270,135,-0.8279457197803801
1627734,Domantas Sabonis,2022-23,0.2445,-0.1225,-0.355,-0.2075,937,99,-0.7564101142756838
1626220,Royce O'Neale,2022-23,0.116,-0.1938,-0.4804,-0.0028,590,28,-0.7730936948761072
1628972,Troy Brown Jr.,2022-23,0.1233,-0.1006,0.6824,0.0199,465,28,-0.7809985846499874
1626145,Tyus Jones,2022-23,0.1875,-0.2527,0.9356,0.061,710,36,-0.8170003503443525
203954,Joel Embiid,2022-23,0.0408,-0.0854,0.2662,-0.0227,1324,152,-0.8979406165711129
203954,Joel Embiid,2022-23,0.0408,-0.0854,0.2662,-0.0227,1324,152,-1.211548528996459
203082,Terrence Ross,2022-23,0.2507,-0.0811,-3.773,-0.0495,465,26,-0.9043438846852384
101108,Chris Paul,2022-23,0.1756,0.0111,0.1176,0.0599,667,91,-0.9093749342264342
101108,Chris Paul,2022-23,0.1756,0.0111,0.1176,0.0599,667,91,-1.1031676770335517
1630596,Evan Mobley,2022-23,0.1413,-0.1527,-2.8114,0.0156,947,48,-0.9398417964100536
202694,Marcus Morris Sr.,2022-23,0.1235,-0.1697,0.7378,-0.0153,641,29,-0.9439332206658088
1628989,Kevin Huerter,2022-23,0.1108,-0.0944,-0.5295,-0.039,866,72,-1.2657114554182398
1627814,Damion Lee,2022-23,0.2533,-0.0506,-0.9332,-0.1008,451,20,-1.305286125998093
