PLAYER_NAME,SEASON,PORTABILITY_CLASS,PORTABILITY_SCORE,VOL_RATIO,EFF_RATIO
Aaron Gordon,2018-19,high,1.0124113313008132,1.012727988716273,0.99968732234224
Aaron Gordon,2020-21,medium,0.9234769110329446,0.9338929474287648,0.9888466484038688
Aaron Gordon,2021-22,medium,0.9282523148148145,1.073730491965007,0.8645114595898673
Aaron Gordon,2022-23,low,0.7799037027869614,0.7498257469172284,1.0401132609721566
Aaron Gordon,2022-23,low,0.7921354821360449,0.7921891251380586,0.9999322851067864
Aaron Gordon,2022-23,low,0.6528272880565421,0.7607881116382404,0.8580934403020293
Aaron Gordon,2023-24,low,0.794233027756899,0.8282693414055029,0.958906708304756
Aaron Gordon,2023-24,medium,1.0271743111975937,0.8631523012707747,1.1900267307233474
Aaron Nesmith,2023-24,low,0.786004375276916,0.9589615250651984,0.8196412001237242
Aaron Nesmith,2023-24,low,0.8272570087549915,0.8219705424486566,1.0064314546973745
Al Horford,2015-16,low,0.8060132667376162,0.8743397626193546,0.9218536102292256
Al Horford,2016-17,high,1.1222751855287567,0.9120890977713134,1.2304446882119655
Al Horford,2016-17,medium,0.9014910714285713,0.9574501182965296,0.941554086423302
Al Horford,2016-17,medium,1.142386462355212,0.8128442056015003,1.4054187192118228
Al Horford,2017-18,medium,0.9861707777885892,0.9629063911687508,1.0241605900980684
Al Horford,2017-18,high,1.3128614744832041,1.1258234537991942,1.1661344148168462
Al Horford,2017-18,high,1.0326316258118584,0.9406684455614932,1.09776364954548
Al Horford,2018-19,medium,0.9572168923638057,0.9594927290075618,0.9976280834914611
Al Horford,2021-22,medium,1.1379957012101716,0.8475692846871693,1.3426580242701884
Al Horford,2021-22,low,0.795754031068446,0.7846043198761092,1.0142106166253295
Al Horford,2021-22,medium,0.9468124234068628,0.8970651640888322,1.0554555692378935
Al Horford,2023-24,medium,1.012483170134639,1.287908161406159,0.7861454725383474
Al-Farouq Aminu,2015-16,high,1.3046391936404196,1.0052398200585988,1.2978387521142645
Al-Farouq Aminu,2015-16,medium,1.1027585312971346,1.216485940809571,0.9065115298934316
Al-Farouq Aminu,2018-19,medium,0.8774603226085453,1.164976361406367,0.7532001091844212
Allen Crabbe,2015-16,medium,0.9946348190644305,0.7705089268909143,1.2908803316243045
Andre Iguodala,2015-16,medium,1.1077081545064376,1.1968749520999384,0.925500322788896
Andre Iguodala,2018-19,high,1.6643828762045958,1.4771079618205096,1.1267848520383528
Andre Iguodala,2018-19,high,1.572470847778128,1.613602006730341,0.9745097249627512
Andre Iguodala,2018-19,medium,1.2636172123221436,1.487061950933819,0.8497408003268725
Andre Roberson,2015-16,high,1.3527139559659096,1.3185976652698197,1.025873161764706
Andre Roberson,2016-17,high,1.438720588430234,1.387921792013951,1.03660061878744
Andrew Nembhard,2023-24,high,1.1871813976696515,0.996249255768029,1.1916509756932556
Andrew Nembhard,2023-24,high,1.2518356115502856,1.1229627371579682,1.1147614877395426
Andrew Wiggins,2017-18,high,1.013229074315515,0.9921877112188972,1.0212070386064032
Andrew Wiggins,2021-22,medium,0.9101538067255549,0.985712124259252,0.9233464663017328
Andrew Wiggins,2021-22,medium,0.9851210208759265,1.0211779967960606,0.964690802158622
Andrew Wiggins,2021-22,low,0.8165101744186045,0.8353143085842853,0.9774885525455076
Anthony Davis,2017-18,low,0.8430729511409445,0.965744283821318,0.8729774177953403
Anthony Davis,2017-18,high,1.1257893238434165,1.058986799884159,1.0630815454607792
Anthony Davis,2019-20,high,1.1460386342946887,1.0391937221529426,1.1028152016934734
Anthony Davis,2019-20,medium,0.9503625410994266,0.8730681003228539,1.0885319721886413
Anthony Davis,2019-20,medium,0.9275841017220329,0.8437346522880104,1.0993789329460897
Anthony Davis,2019-20,high,1.194407676661827,1.1089533289747842,1.0770585609459729
Anthony Davis,2022-23,medium,0.8917435132836921,0.9249604081451696,0.964088306300496
Anthony Davis,2022-23,low,0.7702156275983568,0.7491178961341208,1.0281634327161484
Anthony Davis,2022-23,low,0.7560046740662292,0.8542849891799719,0.8849560552292017
Anthony Davis,2023-24,high,1.001831470571385,0.9346849194376048,1.071838701724408
Anthony Edwards,2021-22,high,1.053744083055032,0.9767640185801216,1.0788113229097165
Anthony Edwards,2022-23,high,1.2602404539469558,1.1787978142977311,1.0690895747017857
Anthony Edwards,2023-24,low,0.8295688428261422,0.8850450093558774,0.9373182539381698
Anthony Edwards,2023-24,medium,0.981319240904095,0.9260854029348798,1.0596422725098271
Anthony Edwards,2023-24,high,1.0843052629014773,0.9620064238931672,1.1271289213572775
Austin Reaves,2022-23,high,1.2595269947443861,1.167476002258611,1.0788461538461538
Austin Reaves,2022-23,medium,0.9769978021978025,1.1642059884559888,0.8391966815885663
Austin Reaves,2022-23,medium,1.0313691635875042,1.2334828635702,0.8361438930755011
Austin Reaves,2023-24,high,1.0230699238850771,1.0669428598250883,0.9588797698620865
Avery Bradley,2016-17,medium,0.9507341610211382,0.8862814966276489,1.0727225657296642
Avery Bradley,2016-17,medium,1.1113845317200006,1.2688705941350655,0.875884851344974
Avery Bradley,2016-17,medium,0.927780675887863,0.957959321577914,0.968496944483674
Bam Adebayo,2019-20,high,1.1892477881940322,1.0696946424202167,1.1117638071957834
Bam Adebayo,2019-20,medium,1.0259147218323892,0.8928891897454209,1.1489832485539402
Bam Adebayo,2021-22,low,0.6913276614310644,0.7017643197779806,0.9851279723793622
Bam Adebayo,2021-22,low,0.7130589828120016,0.715201424515985,0.9970044219285032
Bam Adebayo,2021-22,medium,0.9101255117244068,0.7868181692030185,1.1567164401481582
Bam Adebayo,2022-23,low,0.7117887101613769,0.7810190901672769,0.911358914426698
Bam Adebayo,2022-23,medium,0.9320465584405004,1.092913687071971,0.8528089358433691
Bam Adebayo,2022-23,medium,0.8878415324463121,1.048870954108278,0.846473561851211
Bam Adebayo,2022-23,medium,0.8630053609458767,0.8814883421654861,0.9790320752578489
Bam Adebayo,2023-24,medium,1.0891246991513388,1.1819749201477106,0.9214448467444908
Ben Simmons,2017-18,medium,0.8847814907815081,0.948569808607147,0.932753164556962
Ben Simmons,2017-18,high,1.031382712450959,1.0303028379248471,1.0010481137063416
Ben Simmons,2018-19,high,1.0301657532253372,0.9244220906587968,1.1143889394629043
Ben Simmons,2018-19,low,0.7074097544732314,0.6788414864143864,1.042083857027863
Ben Simmons,2020-21,low,0.6465545413490619,0.7084649461200838,0.9126133126133128
Ben Simmons,2020-21,high,1.0094889725658955,0.9919381401887928,1.0176934746896236
Bismack Biyombo,2015-16,high,1.0671218689788051,0.9436949388983624,1.1307911328045557
Bobby Portis,2021-22,low,0.7477512399622107,0.8862485187818463,0.843726363559963
Bobby Portis,2023-24,medium,1.019287268156088,1.1587028899020426,0.8796795770849066
Bogdan Bogdanović,2022-23,medium,1.0157952093223996,0.851525540946748,1.1929122034237662
Bojan Bogdanovic,2017-18,low,0.8257684036393713,0.9786660396383572,0.8437693454086896
Bojan Bogdanovic,2020-21,medium,0.9029758959512215,0.843200819022255,1.070890677025527
Bojan Bogdanovic,2020-21,high,1.003024708149156,0.9023002853047996,1.111630711510117
Bojan Bogdanovic,2021-22,medium,0.9281862406564834,0.9449848460234014,0.982223412959892
Bradley Beal,2016-17,medium,1.0173216873375102,1.1275955607122194,0.9022044097929426
Bradley Beal,2016-17,medium,0.9607609180035652,0.9907846966911767,0.9696969696969696
Bradley Beal,2017-18,high,1.0317175491140405,0.9867660215148472,1.0455543934621758
Bradley Beal,2020-21,medium,0.8869106599252515,0.9737356777201472,0.9108330733057012
Bradley Beal,2023-24,low,0.820133335719655,0.9227245602605864,0.8888170652876535
Brandon Ingram,2021-22,high,1.0503184966027028,0.9958102149323886,1.0547376205354704
Brook Lopez,2018-19,high,1.1831429314720814,1.1585989751354906,1.0211841688654355
Brook Lopez,2019-20,high,1.2387416781450868,1.0443132389576495,1.186178276722318
Brook Lopez,2019-20,medium,0.9853295510912695,0.8658216920141261,1.138028257064266
Brook Lopez,2020-21,high,1.1474478811827227,0.9748039542772696,1.1771063054760105
Brook Lopez,2020-21,low,0.8165103189493436,0.8327300755356869,0.980522191928868
Brook Lopez,2022-23,medium,0.9977323549965057,0.967141764893278,1.0316298925490033
Brook Lopez,2023-24,high,1.3865796809403863,1.2893853105870372,1.0753803921568628
Bruce Brown,2020-21,medium,0.9249673851697487,1.018168643686399,0.908461865237566
Bruce Brown,2022-23,high,1.2598535386859286,1.147226178445978,1.0981736316307866
Bryn Forbes,2018-19,medium,0.8993488666031246,0.8450391831208175,1.0642688345902918
CJ McCollum,2015-16,low,0.8223349295810233,0.9017161737579102,0.9119664851456918
CJ McCollum,2015-16,medium,0.8868988354936178,0.8932945063555673,0.9928403557657124
CJ McCollum,2017-18,high,1.0692209329549147,0.9386913520000624,1.1390548455322764
CJ McCollum,2018-19,high,1.087673791018998,1.1358217748105974,0.95760956088412
CJ McCollum,2018-19,medium,0.9022981927710845,1.0373699011867992,0.8697940741666146
CJ McCollum,2018-19,high,1.0731350129198967,1.0553202757188138,1.0168808821463688
CJ McCollum,2019-20,medium,0.9645350643705906,0.976512100045431,0.9877348824717244
CJ McCollum,2021-22,medium,0.9288854330567584,1.0535985273669604,0.8816312940168287
Caleb Martin,2022-23,high,1.7215462106173156,1.3331717949818327,1.2913161057692308
Caleb Martin,2022-23,high,1.2175573199728262,1.1762463046286744,1.0351210585585586
Caleb Martin,2023-24,medium,0.9528281840796021,0.8284241506144493,1.1501694915254237
Cameron Johnson,2021-22,high,1.0620800428724546,1.0185783781990037,1.0427082152974505
Cameron Johnson,2021-22,medium,0.8846787987987988,0.9533060553516928,0.9280113074204946
Caris LeVert,2022-23,high,1.156425054635886,1.1596494332252711,0.9972195229894458
Caris LeVert,2023-24,low,0.7054312925170066,0.8055486764601517,0.8757152896295552
Carmelo Anthony,2017-18,low,0.7155539591315453,0.7970686442493038,0.8977319134231773
Carmelo Anthony,2019-20,medium,0.8994275839103424,0.9174477544326898,0.9803583687078832
Chet Holmgren,2023-24,low,0.8295783926218707,0.8841359144721116,0.9382928337632168
Chris Paul,2016-17,high,1.2622764630237693,1.304764653362324,0.9674361270984276
Chris Paul,2017-18,medium,0.927158064516129,1.0673169596690797,0.8686810943242139
Chris Paul,2017-18,high,1.0140924763865735,1.0543404616791818,0.9618263864895142
Chris Paul,2017-18,high,1.2306876665747635,1.2432593240762837,0.9898881454109658
Chris Paul,2018-19,medium,0.9068321859019535,0.8906054842913808,1.0182198536802
Chris Paul,2018-19,high,1.0975603318250375,1.1299989872563083,0.9712931995540692
Chris Paul,2019-20,high,1.0017311630385999,1.0101019372453202,0.9917129411418134
Chris Paul,2020-21,low,0.6516991076442297,0.8805697096980567,0.7400880367185175
Chris Paul,2020-21,high,1.1212411821244024,1.0752373027878015,1.0427848617391948
Chris Paul,2021-22,medium,1.0155832047325102,0.8813853796827594,1.1522578297112815
Chris Paul,2021-22,high,1.4511053106470737,1.2695854594983722,1.1429756853236348
Chris Paul,2022-23,low,0.7970839328537168,0.9362664958360024,0.8513430058628682
Clint Capela,2016-17,medium,0.9145498622297584,0.9478465805148224,0.9648711943793912
Clint Capela,2017-18,low,0.7131757829030893,0.6987648060869084,1.0206235011990408
Clint Capela,2017-18,high,1.0298871789665045,1.0204871427560838,1.0092113225307606
Clint Capela,2017-18,low,0.7888480881961097,0.860583533486494,0.9166432513532284
Clint Capela,2018-19,low,0.6271240963855422,0.7790786937222576,0.8049560351718624
Clint Capela,2018-19,low,0.6923678615390354,0.7989898129261384,0.866554054054054
Clint Capela,2020-21,low,0.6855390854105572,0.7159009563261763,0.9575892857142856
Clint Capela,2020-21,low,0.603118751612487,0.5449156832750582,1.1068111455108358
Clint Capela,2020-21,low,0.6375826802760578,0.6918639156632138,0.9215434796377224
Clint Capela,2022-23,low,0.7337577160493826,0.7881915483765704,0.9309383202099736
Cory Joseph,2015-16,high,1.4670009643201545,1.093117989959314,1.3420335021425789
Cory Joseph,2015-16,medium,0.9410345471521943,1.1514360970964743,0.8172703196687681
D'Angelo Russell,2021-22,low,0.644483228097869,0.770131015384263,0.8368488156217146
D'Angelo Russell,2022-23,low,0.843006409898075,0.9610127296037924,0.877206288667613
D'Angelo Russell,2022-23,medium,0.977412831042415,1.072243123758552,0.911558963993421
D'Angelo Russell,2023-24,low,0.7418126582514148,0.9081212790656924,0.8168651867893881
Damian Lillard,2015-16,high,1.0527478182508063,1.0877684427911825,0.967805073982001
Damian Lillard,2015-16,low,0.8324511457410101,0.9141234161941204,0.9106550942616192
Damian Lillard,2016-17,medium,0.9150697460718293,0.9769267258672242,0.9366820682068208
Damian Lillard,2017-18,low,0.6119607190778911,0.7705837828139106,0.7941520866728056
Damian Lillard,2018-19,medium,0.889329831005951,0.986284468122012,0.9016970861351262
Damian Lillard,2018-19,low,0.7637221581961071,0.8189632974476516,0.9325474787164372
Damian Lillard,2018-19,high,1.1287042813916919,1.059442882306293,1.065375302663438
Damian Lillard,2020-21,high,1.0776899824875175,1.018905177205072,1.0576940883190882
Damian Lillard,2023-24,high,1.2535511363636365,1.1571146799628944,1.083342176942941
Daniel Theis,2019-20,medium,0.9185600616457177,0.955804280961272,0.9610336341263328
Danilo Gallinari,2018-19,medium,0.8796942311240257,1.1746977980590687,0.7488685452356582
Danilo Gallinari,2019-20,low,0.7516118840613629,0.8060183819634511,0.9324996810003828
Danilo Gallinari,2020-21,medium,0.9834741094381195,0.92785769460459,1.0599406731839742
Danny Green,2015-16,medium,1.25985347985348,0.8915122872781756,1.413164459796584
Danny Green,2016-17,high,1.1717676862450743,1.0351645442493878,1.1319627326443444
Danny Green,2021-22,medium,1.1505081185016381,1.2598892273752669,0.9131819635433324
Danuel House Jr.,2019-20,high,1.1767524401064775,1.1577698161088108,1.0163958532460848
Dario Šarić,2017-18,high,1.0532859952693556,1.0629620729528568,0.9908970621532888
Darius Garland,2022-23,medium,0.938203296761373,0.9694714132207456,0.9677472527472526
Darius Garland,2023-24,medium,0.8599993224932247,0.9699960541643275,0.8866008462623414
Darius Garland,2023-24,low,0.8151386583679114,0.8305700138158562,0.9814207650273226
Darren Collison,2017-18,medium,0.9049879598945164,1.028183711212947,0.8801811874911958
De'Aaron Fox,2022-23,medium,0.9211697658862876,1.0534810982224818,0.8744055944055944
De'Andre Hunter,2021-22,high,1.430063508764318,1.171127189552855,1.2211000833396473
De'Andre Hunter,2022-23,medium,0.9339124637721037,0.940993357452343,0.992475086434818
DeAndre Jordan,2015-16,medium,0.9560154992553411,1.0962221088666286,0.8721001807231881
DeAndre Jordan,2016-17,medium,1.0939071245612373,1.1734483916349965,0.9322157943708694
DeMar DeRozan,2015-16,medium,0.9700504135731725,0.945926690810469,1.0255027403255048
DeMar DeRozan,2015-16,low,0.7735909282006287,1.0546695299535704,0.7334913034177487
DeMar DeRozan,2015-16,medium,0.9051314868090629,1.118822845734163,0.8090034005474053
DeMar DeRozan,2016-17,low,0.7065911770691181,0.7631673853354564,0.925866580053772
DeMar DeRozan,2016-17,medium,0.8787278182343972,0.8875618523797288,0.9900468523724336
DeMar DeRozan,2017-18,high,1.0670315169925955,1.1181365755723296,0.954294439788292
DeMar DeRozan,2018-19,high,1.068500304112638,1.0379275633696163,1.0294555630103586
DeMar DeRozan,2021-22,low,0.6537496832120488,0.8029881535657604,0.814146112005512
Deandre Ayton,2020-21,high,1.0413919446001494,0.9858475336322868,1.0563417862021858
Deandre Ayton,2020-21,medium,0.9657417910811864,0.8049918032786886,1.199691459152468
Deandre Ayton,2020-21,low,0.8395306776556776,0.9118912087912088,0.920647846543612
Deandre Ayton,2021-22,medium,1.1140404929577468,1.244024295127382,0.8955134536529886
Deandre Ayton,2021-22,high,1.0707589285714287,0.9780298056722688,1.0948121645796067
Deandre Ayton,2022-23,low,0.7733292066439698,0.8858134548830927,0.8730158730158729
Dejounte Murray,2022-23,high,1.0626800803020318,1.0695676770328375,0.993560391849244
Dennis Schröder,2016-17,high,1.2517781156998902,1.1374628049004256,1.1005002627839526
Dennis Schröder,2018-19,medium,0.880181451612903,0.8143927222203247,1.0807825605479562
Dennis Schröder,2019-20,medium,0.8720528565525076,0.9976553817174422,0.8741022927689595
Dennis Schröder,2020-21,medium,0.9447344707957017,0.966162708865806,0.9778212946189372
Dennis Schröder,2022-23,medium,0.9376686014372582,0.9288728168779532,1.0094693098984946
Derrick Favors,2016-17,medium,0.9749012215352134,0.8331351119729221,1.170159806644782
Derrick Favors,2017-18,low,0.8416698450935127,0.8032151739212867,1.0478759271746458
Derrick Jones Jr.,2023-24,medium,0.9316746681935636,0.881522628229636,1.0568925156971274
Derrick Jones Jr.,2023-24,high,1.1394808104928016,1.1491002102294567,0.9916287546977872
Derrick Rose,2020-21,medium,0.9829973201401774,0.985216131237184,0.9977478940644016
Derrick White,2018-19,high,1.5272542630607142,1.386615273364,1.1014261074418406
Derrick White,2021-22,medium,0.8589685105363989,0.9742609840429588,0.8816616128584738
Derrick White,2021-22,low,0.8219917649950838,0.855024060060536,0.9613668239194186
Derrick White,2021-22,low,0.7125429984779301,0.7662739786587213,0.929880197322058
Derrick White,2022-23,high,1.173031855796491,1.0249935320144063,1.1444285443354425
Derrick White,2022-23,high,1.1753770261098688,0.9950512628561622,1.1812225861973238
Derrick White,2022-23,low,0.8151415822492747,0.8546775124846443,0.95374169829222
Derrick White,2023-24,medium,0.9723365542763158,1.122976718448165,0.8658563782337199
Derrick White,2023-24,medium,0.8663918933987511,0.8971401260909266,0.965726387887527
Derrick White,2023-24,medium,0.9394725427527809,0.9922468266365496,0.9468133508043968
Derrick White,2023-24,high,1.4860785545954431,1.2239882125111723,1.214128158592768
Desmond Bane,2021-22,low,0.6696756202034626,0.6566130268314833,1.0198938992042443
Desmond Bane,2021-22,medium,0.9948385918496292,0.8750036136782171,1.1369536951598025
Desmond Bane,2022-23,medium,0.9203151796822664,1.0185521858370334,0.9035523093261666
Devin Booker,2020-21,low,0.8470929934654704,0.8329862951974424,1.0169350904683063
Devin Booker,2020-21,medium,0.8519739870165215,1.0132242102814777,0.8408543522463204
Devin Booker,2020-21,high,1.0014461414660971,0.9391305321469512,1.0663545771179284
Devin Booker,2020-21,medium,0.9353193916274181,1.021074175963825,0.9160151276419656
Devin Booker,2021-22,medium,0.8627016624725211,0.8786856699593717,0.9818091861136308
Devin Booker,2022-23,medium,0.9534224023586738,0.8504934370733498,1.121022644971271
Devin Booker,2022-23,high,1.0629543165467625,0.9177845285524568,1.1581741503349043
Devin Booker,2023-24,medium,0.9193542992831741,0.849204609255942,1.082606346294677
Dillon Brooks,2020-21,high,1.328722067039106,1.1520478208181069,1.1533566949465144
Dillon Brooks,2022-23,low,0.8144905956112852,1.0193407503078535,0.7990366277079564
Dirk Nowitzki,2015-16,high,1.055408000978713,1.0428916683928786,1.0120015654215766
Domantas Sabonis,2017-18,high,1.1956469648562302,1.0906671334996427,1.0962528604118993
Domantas Sabonis,2022-23,low,0.8257690203738959,1.066164683232464,0.774522954437281
Donovan Mitchell,2017-18,medium,0.8906111918113642,1.076351905356864,0.8274349563362202
Donovan Mitchell,2017-18,high,1.195752740043223,1.1697739032039962,1.022208425720621
Donovan Mitchell,2018-19,low,0.8152090193583795,1.036013145087502,0.7868713087511323
Donovan Mitchell,2019-20,high,1.4811341475795972,1.189846105096447,1.2448115275038352
Donovan Mitchell,2020-21,high,1.2377819522471911,1.175999376317469,1.052536231884058
Donovan Mitchell,2021-22,medium,0.9316517282588711,1.0585811358593613,0.880094776582762
Donovan Mitchell,2022-23,low,0.7537021402218445,0.8956977303159278,0.8414692978578844
Donovan Mitchell,2023-24,medium,1.0466213381330682,1.124324857173728,0.93088872976091
Donte DiVincenzo,2023-24,high,1.1163075621608733,1.1149784858845708,1.001192019660584
Donte DiVincenzo,2023-24,low,0.7513029953917053,0.8802688517977876,0.8534926504070964
Dorian Finney-Smith,2019-20,medium,0.9745451082084772,1.0206103327839258,0.9548650223344338
Dorian Finney-Smith,2020-21,medium,0.9090797073546397,1.010275432603252,0.8998335285775942
Dorian Finney-Smith,2021-22,medium,0.9141709511568121,0.8346894213406987,1.0952228790541616
Dorian Finney-Smith,2021-22,medium,0.9654638009049773,0.942459800786162,1.0244084682440846
Dorian Finney-Smith,2021-22,medium,0.9478200910931174,0.918915293145758,1.0314553454088335
Draymond Green,2015-16,high,1.137459763071895,1.0826221447017923,1.0506525925397616
Draymond Green,2015-16,medium,0.9331439343163539,1.0515542441633154,0.8873949579831933
Draymond Green,2015-16,low,0.7574917992424244,1.0099504023348405,0.7500287117973585
Draymond Green,2015-16,high,1.3970839051312647,1.3345920429599618,1.0468246926099631
Draymond Green,2016-17,medium,0.9911912460019469,1.1516851906352972,0.8606442577030812
Draymond Green,2017-18,high,1.1362184892402287,1.05091680085883,1.0811688311688312
Draymond Green,2017-18,medium,1.006474621212121,1.2022761167227831,0.8371409921671018
Draymond Green,2018-19,high,1.483672712063916,1.2859724612408558,1.1537359910742535
Draymond Green,2018-19,high,1.4072229295676837,1.446312455389008,0.972972972972973
Draymond Green,2018-19,high,1.35824468441656,1.3225617225819444,1.026980186425594
Draymond Green,2022-23,medium,1.2461585465211014,1.3694814992494466,0.9099491648511256
Duncan Robinson,2019-20,medium,0.9801813936781608,1.0571614933767872,0.9271822704658524
Duncan Robinson,2019-20,medium,0.8929401178010469,0.9571882482281956,0.9328782707622296
Dwight Howard,2015-16,medium,0.8818884828091009,1.0349019144821492,0.8521469237501468
Dwight Howard,2016-17,low,0.667764705882353,0.7708363630426265,0.8662859432922553
Dwyane Wade,2015-16,high,1.0208772590361446,1.0257860840757165,0.9952145723988886
Dwyane Wade,2015-16,high,1.0834402468110196,1.0211910548947285,1.0609574394702352
Dwyane Wade,2016-17,low,0.7915594968908987,0.8531232775892774,0.9278371809612987
E'Twaun Moore,2017-18,medium,1.0123096605744126,1.0922888819609524,0.9267783251231528
Enes Freedom,2018-19,low,0.6791041445872456,0.780469363109354,0.8701227449617316
Eric Bledsoe,2017-18,low,0.8124074681927093,0.9185594194106422,0.8844364893824275
Eric Bledsoe,2018-19,low,0.669118619730755,0.981880326422186,0.681466571561644
Eric Gordon,2016-17,low,0.7830049628226712,0.7877022816540543,0.9940366824613996
Eric Gordon,2016-17,low,0.7730334017436683,0.7887836204165198,0.9800322696045152
Eric Gordon,2017-18,medium,0.9575837768906633,0.9675089284346908,0.9897415401012524
Eric Gordon,2017-18,low,0.7836595669151578,0.9305588929835026,0.842138603826175
Eric Gordon,2017-18,low,0.677032222222222,0.7781712020460357,0.8700299117239365
Eric Gordon,2018-19,high,1.0242381007842225,0.9449095837421724,1.0839535532361535
Eric Gordon,2018-19,medium,0.8740743792285697,0.7746339021881179,1.1283709333655048
Evan Fournier,2018-19,low,0.7675157928889059,0.9597821416241654,0.799677092959969
Evan Fournier,2019-20,low,0.5968157075281085,0.7152712685628557,0.834390718261686
Evan Mobley,2022-23,low,0.580966339267444,0.7237918850156304,0.8026704240472355
Evan Mobley,2023-24,high,1.2485556414922658,1.1963077556246569,1.0436742850006246
Evan Mobley,2023-24,low,0.7232190485668791,0.8577692761683738,0.8431393716938359
Evan Turner,2015-16,medium,0.9928751560549313,1.1942085954107813,0.8314084824631531
Facundo Campazzo,2020-21,high,1.2279316616548646,1.2575513995896446,0.9764464991693816
Frank Kaminsky,2015-16,low,0.7978621169916436,0.9066217089128852,0.8800386193579531
Franz Wagner,2023-24,medium,0.8540985237452804,0.9101862721666102,0.938377725377226
Fred VanVleet,2018-19,high,1.1261114690721648,1.0006687799153164,1.1253588516746411
Fred VanVleet,2018-19,medium,0.9340267027863778,0.7821266474707291,1.1942141414141416
Fred VanVleet,2019-20,medium,0.9329644755937925,1.114316306727519,0.8372528248587571
Gabe Vincent,2021-22,high,1.0301784003831422,1.0471267935982342,0.9838143830157832
Gabe Vincent,2022-23,high,1.3119843815185646,1.079447067305975,1.2154226189089044
Gabe Vincent,2022-23,medium,0.9785627868168544,1.1816322457944923,0.8281449582132041
Gary Harris,2018-19,low,0.8188792585600275,0.8123049230492306,1.0080934330498923
Gary Harris,2018-19,medium,1.0131815932706585,0.8657652309289052,1.1702729066442017
Gary Harris,2019-20,medium,1.0856363204382824,0.8583457756432308,1.2648006796849716
Gary Trent Jr.,2019-20,low,0.7364163912756112,0.8744045540965453,0.8421918525304267
Gary Trent Jr.,2021-22,medium,0.9253199350271347,0.9913864661224432,0.9333594583414973
George Hill,2015-16,high,1.2327748144712434,0.962303829344238,1.2810661008294209
George Hill,2017-18,low,0.8134922926008967,0.8481152165819446,0.9591766268260292
George Hill,2018-19,high,1.1024127791068579,0.9305393581884124,1.1847030105777054
George Hill,2019-20,low,0.757861663702435,0.9168981068408868,0.8265494912118408
Giannis Antetokounmpo,2016-17,medium,1.0145669979531573,1.0802701094870926,0.9391789970333152
Giannis Antetokounmpo,2017-18,medium,0.9196859146829883,0.8893302684793993,1.034133153092261
Giannis Antetokounmpo,2018-19,medium,0.9807491934864428,1.011797119537224,0.9693140794223828
Giannis Antetokounmpo,2018-19,low,0.7466812190412224,0.9303303235026634,0.8025979592173154
Giannis Antetokounmpo,2019-20,medium,0.9916056941534944,0.9329532379131892,1.0628675198893118
Giannis Antetokounmpo,2020-21,medium,1.0059246764085283,1.0766790818484324,0.9342845917295676
Giannis Antetokounmpo,2020-21,high,1.1087911820816672,1.0678652403484148,1.038325005990362
Giannis Antetokounmpo,2021-22,medium,0.9692747161819677,1.1886653482830245,0.8154311199380405
Giannis Antetokounmpo,2021-22,medium,0.9337999439506763,0.9458204039337812,0.9872909698996656
Goran Dragic,2015-16,medium,1.1299166187464056,1.2277848817358352,0.920288753799392
Goran Dragic,2015-16,high,1.2238883934259135,1.2281748492116582,0.9965098977653744
Goran Dragic,2017-18,high,1.0488200976528292,1.040124021154634,1.0083606150048738
Goran Dragic,2019-20,high,1.0564913943355119,1.0708507076452292,0.9865907421013962
Goran Dragic,2019-20,medium,0.9874244839101394,1.0141486718855004,0.9736486486486488
Gordon Hayward,2016-17,medium,0.9439886760144743,1.006194760003884,0.9381768953068592
Gordon Hayward,2016-17,high,1.0230613909306907,0.9743441818387526,1.0500000000000005
Grant Williams,2021-22,medium,0.9247802630781357,0.9864507527359592,0.9374824445246982
Grant Williams,2021-22,medium,1.0830541310541315,1.3168885987815493,0.8224341315250409
Harrison Barnes,2015-16,low,0.8355669688786007,1.0820911165668292,0.7721780135573239
Harrison Barnes,2015-16,low,0.7805338803221866,0.7331167645416329,1.0646788043514466
Harrison Barnes,2015-16,low,0.7425033926148132,0.7916375627272534,0.9379335033785297
Harrison Barnes,2022-23,low,0.7969835069444445,0.9650254531544256,0.8258678611422173
Hassan Whiteside,2015-16,medium,0.9564132398015035,0.8721114437493109,1.0966640177197642
Herbert Jones,2021-22,medium,0.9237888485132653,0.8842942117443251,1.044662326456977
Ian Mahinmi,2015-16,medium,0.9933181141439205,1.1143730789190052,0.8913694461351186
Isaiah Hartenstein,2023-24,medium,1.3625366832779624,1.4539741968735167,0.9371120107962214
Isaiah Thomas,2015-16,medium,0.9591826201201205,1.035780145425167,0.926048471151564
Isaiah Thomas,2016-17,low,0.796618668445408,0.8890770452596903,0.8960063390374945
Isaiah Thomas,2016-17,medium,0.8862441079798118,0.9184529598117958,0.9649314083123168
Ivica Zubac,2023-24,medium,1.1972949528640584,1.3146926924444846,0.910703284307345
JJ Redick,2015-16,low,0.8446990030674847,1.0593579729636526,0.7973688069806664
JJ Redick,2016-17,low,0.6200668354430381,0.6812257713607595,0.9102222222222224
JJ Redick,2017-18,low,0.83367306042885,0.9302615029122506,0.8961706550458945
JJ Redick,2017-18,high,1.1082933836529307,1.0689237295404128,1.0368311162195314
JJ Redick,2018-19,low,0.7526417147731028,0.7169758700848242,1.0497448326734609
JR Smith,2015-16,low,0.720329133399867,0.730408397549116,0.9862005089439416
JR Smith,2015-16,medium,0.927656533061594,0.8294253207806195,1.11843285925793
Ja Morant,2020-21,high,1.3060251392005322,1.212352008833803,1.0772656206152833
Ja Morant,2021-22,low,0.6993584952810452,0.8112258743562006,0.8621008246760684
Ja Morant,2022-23,low,0.7995755546278627,0.8524515023013978,0.9379718992449614
Jaden McDaniels,2023-24,medium,1.014637824235385,0.8454441357893543,1.200124031007752
Jaden McDaniels,2023-24,high,1.0387300107300106,0.9825282711868076,1.057201142390861
Jae Crowder,2015-16,low,0.6473094726897975,0.987188021084322,0.6557104207755644
Jae Crowder,2016-17,medium,0.8656459416849391,1.039318920169825,0.8328973185088292
Jae Crowder,2016-17,high,1.0688175287990465,1.10962184580199,0.9632268261864908
Jae Crowder,2016-17,medium,1.0376251172974664,1.13396292633277,0.915043246301835
Jae Crowder,2017-18,medium,0.914264409559513,1.0320322478247177,0.8858874434268583
Jae Crowder,2017-18,medium,0.8939474226804125,1.0441439189816246,0.856153453972416
Jae Crowder,2019-20,medium,1.0369849246231158,1.1424668223668684,0.9076718065867122
Jae Crowder,2019-20,high,1.0534186666666667,1.0283375838926176,1.0243899310565976
Jae Crowder,2019-20,high,1.333619047619048,1.1090551593959734,1.202482163597146
Jae Crowder,2020-21,low,0.7603809978853112,0.8187635571301489,0.9286942381150004
Jae Crowder,2020-21,high,1.0493257770817297,1.0982217772284633,0.95547711658921
Jae Crowder,2020-21,medium,0.8669671552308067,0.8151162956635212,1.0636116095864308
Jae Crowder,2021-22,high,1.1966088893266786,1.0416925662080694,1.1487159725853953
Jalen Brunson,2021-22,high,1.0543414580224397,1.0920958132854044,0.9654294478527607
Jalen Brunson,2021-22,medium,1.1231633070406073,1.2732373054454835,0.8821319499805513
Jalen Brunson,2021-22,high,1.5080499697038545,1.5064437904447197,1.001066205901158
Jalen Brunson,2022-23,medium,0.9915854224698235,1.1088908833257216,0.8942137025204118
Jalen Brunson,2022-23,high,1.1101965962441314,1.0466605208863342,1.060703613148601
Jalen Brunson,2023-24,medium,1.0418337641901767,1.1263221285535732,0.9249873884020224
Jalen Brunson,2023-24,medium,1.041676006200445,1.1728453628993,0.8881614227688112
Jalen Suggs,2023-24,medium,0.9810506333943834,1.096042232422221,0.8950847005468854
Jalen Williams,2023-24,low,0.7775944339076216,0.9511361599633892,0.817542710117921
Jamal Crawford,2015-16,medium,1.0102102406103284,1.1738064300910716,0.860627625401532
Jamal Crawford,2016-17,medium,1.0204552702519105,1.0761997207375833,0.9482025042271264
Jamal Murray,2018-19,high,1.1219556942599522,1.1389566304623928,0.9850732365502464
Jamal Murray,2018-19,high,1.1021939746451466,1.1014259907882331,1.000697263241776
Jamal Murray,2019-20,medium,0.9933060028113221,0.991722550271374,1.0015966688863884
Jamal Murray,2019-20,high,1.078383584314241,0.9546754611815108,1.129581337494135
Jamal Murray,2019-20,high,1.530479052294482,1.253016059394621,1.221436102769436
Jamal Murray,2022-23,high,1.3143355721393033,1.1563205460207555,1.1366533066132265
Jamal Murray,2022-23,medium,0.8926176313628897,0.9288679557195958,0.960973651708522
Jamal Murray,2022-23,high,1.1841235646958008,1.1342974918989452,1.0439268121041518
Jamal Murray,2022-23,high,1.0646715365682133,1.1054724785813963,0.9630918518518516
Jamal Murray,2023-24,medium,0.901648039951401,1.13135435329267,0.7969634247017864
Jamal Murray,2023-24,low,0.7838096193737215,0.9575338763712958,0.8185711636063198
James Ennis III,2016-17,high,1.2010667481408286,1.236471889025481,0.9713659961064244
James Ennis III,2018-19,medium,1.155395341902474,1.2429963450502175,0.9295243276486028
James Harden,2015-16,medium,0.8897113669341072,0.9608428310945448,0.9259697196476888
James Harden,2016-17,high,1.1354894978307188,1.1686448526470588,0.9716292295805344
James Harden,2016-17,medium,0.8922579294545168,0.9651475664935932,0.9244782460532056
James Harden,2017-18,medium,0.8941884251644738,1.0297316303099886,0.8683703586878155
James Harden,2017-18,medium,0.9964059300583954,1.0955761610507648,0.9094812076804816
James Harden,2017-18,medium,0.9324869983093208,1.055313372905028,0.8836114676936243
James Harden,2018-19,medium,0.8792904483430799,0.9102293537510988,0.9660097696470475
James Harden,2018-19,low,0.7678293667996601,0.8922685355450324,0.8605361908572065
James Harden,2019-20,medium,0.8699481865284973,0.8169133705594241,1.064920979237682
James Harden,2019-20,medium,0.8848148570415131,0.8937559443961712,0.9899960527135864
James Harden,2021-22,low,0.8433090256873371,0.8379029363045696,1.006451927960308
James Harden,2021-22,medium,0.8629434027096016,0.862434166849051,1.0005904634581106
James Harden,2022-23,medium,0.986043390105434,1.0564527615035106,0.9333530338849488
James Harden,2023-24,high,1.163928811399444,1.160607998018855,1.0028612704601876
James Johnson,2017-18,medium,0.9199494575936883,0.8238262573332861,1.1166789713301342
Jaren Jackson Jr.,2021-22,high,1.026866486759338,1.0596452618049854,0.9690662750760454
Jaren Jackson Jr.,2022-23,low,0.7631945889698231,0.8571811487885607,0.8903539118288274
Jaylen Brown,2017-18,high,1.3234291145073347,1.3635042175598513,0.9706087428726582
Jaylen Brown,2017-18,high,1.1379333126776994,1.1577540164562732,0.9828800388538126
Jaylen Brown,2018-19,high,1.0012544152276295,0.9089116833644628,1.1015970347320734
Jaylen Brown,2019-20,medium,0.9725421909760844,0.8646060347633572,1.1248385413389688
Jaylen Brown,2019-20,medium,0.9882500285453297,0.9409867879053128,1.0502273158853033
Jaylen Brown,2019-20,medium,0.923308486238532,1.024823857878936,0.900943590588817
Jaylen Brown,2021-22,medium,0.8515591574790192,0.8809113048987979,0.9666797925551078
Jaylen Brown,2021-22,medium,0.8846347384883972,0.9358104582766998,0.9453140116829396
Jaylen Brown,2021-22,medium,0.9340321521258529,0.8925292880335252,1.0465002825663787
Jaylen Brown,2021-22,low,0.847924127804909,0.7964245521798271,1.064663470612661
Jaylen Brown,2022-23,medium,0.9284785372054366,0.8808576355193594,1.054061972974781
Jaylen Brown,2022-23,low,0.7398927575459319,0.9278781175878068,0.7974029600670203
Jaylen Brown,2022-23,medium,0.8712313056243693,0.7859674171451572,1.1084827266617658
Jaylen Brown,2023-24,medium,1.0344436081886172,0.8893574761582658,1.163135899702644
Jaylen Brown,2023-24,low,0.8388041551032996,0.9110278478624506,0.920722848452317
Jaylen Brown,2023-24,high,1.0804771164193354,1.052599613323878,1.0264844322025033
Jaylen Brown,2023-24,high,1.0508096008986392,1.0797367085777192,0.9732091097308488
Jayson Tatum,2017-18,high,1.10451445391306,1.083845965283603,1.0190695811872574
Jayson Tatum,2017-18,medium,1.0524451773373422,1.2067850530688933,0.8721065732964957
Jayson Tatum,2017-18,high,1.3939031003314057,1.3110178547146325,1.063222057059486
Jayson Tatum,2018-19,low,0.7397484359938764,0.8708922078340264,0.8494144617893479
Jayson Tatum,2019-20,medium,0.9378295201945632,0.9707090832539932,0.9661283039103624
Jayson Tatum,2019-20,medium,0.8869479301196196,0.9082595605037364,0.976535748908278
Jayson Tatum,2020-21,high,1.1496546212121213,1.1467016772292962,1.0025751632194
Jayson Tatum,2021-22,medium,0.9696218517191442,0.9069802921390636,1.0690660647458434
Jayson Tatum,2021-22,low,0.7123956060081574,0.8538278107292077,0.8343551206182184
Jayson Tatum,2021-22,low,0.83757106132742,0.78413589873174,1.0681452828292977
Jayson Tatum,2021-22,medium,0.8939237686794033,0.9342377629560537,0.9568482501188011
Jayson Tatum,2022-23,low,0.8289435414884517,0.8689633782926162,0.9539453125368788
Jayson Tatum,2022-23,low,0.8053048469387756,0.8308741343649897,0.969226039939544
Jayson Tatum,2022-23,medium,0.9631564245810055,0.9968562644362352,0.9661938826513886
Jayson Tatum,2023-24,medium,0.9517027764869889,1.015708666228425,0.9369840074525448
Jayson Tatum,2023-24,low,0.7702969721047701,0.92196655467444,0.8354934007088504
Jayson Tatum,2023-24,medium,0.9295757369495785,0.9968765440539678,0.932488323147118
Jayson Tatum,2023-24,low,0.8144443143046292,0.8745236511947511,0.9313005007834344
Jeff Green,2015-16,medium,0.9056466504246875,0.8585884341337067,1.05480881691408
Jeff Green,2017-18,low,0.7444793543543543,0.7628365245940083,0.9759356432894664
Jeff Teague,2015-16,medium,1.0027134444692436,1.0671175335637917,0.9396466770820816
Jeff Teague,2017-18,high,1.0223604666075925,1.0207330286368463,1.0015943816111443
Jerami Grant,2018-19,low,0.8107035294117649,0.7536584391259107,1.0756909062837734
Jerami Grant,2019-20,low,0.6332206730769232,0.7742498557502508,0.8178505535055349
Jerami Grant,2019-20,medium,0.9583224745800176,0.9580016082145392,1.000334933013397
Jerami Grant,2019-20,low,0.7786370105962644,0.7825786982520389,0.9949632060461414
Jeremy Lin,2015-16,high,1.0910065858798736,1.0762446448986138,1.0137161574287326
Jimmy Butler III,2016-17,medium,0.9140244177955307,1.0124117703812536,0.902818837686298
Jimmy Butler III,2017-18,low,0.7777468737394113,0.825876083139291,0.9417234493376626
Jimmy Butler III,2018-19,medium,0.8857822810144792,0.8984500565354558,0.98590041212772
Jimmy Butler III,2018-19,high,1.133467313988935,1.1485870721320288,0.9868362107584686
Jimmy Butler III,2019-20,medium,0.8560099362905242,0.9302450881104444,0.920198286700218
Jimmy Butler III,2019-20,high,1.070247992413046,0.9463535218226674,1.1309177466278764
Jimmy Butler III,2019-20,high,1.0963946247409555,0.9350206379743772,1.1725886897172428
Jimmy Butler III,2020-21,low,0.5696006316393913,0.8779440264191959,0.6487892331389035
Jimmy Butler III,2021-22,high,1.1287263058665677,1.151431145811584,0.9802812004629136
Jimmy Butler III,2021-22,high,1.1914404722169238,1.169322708014023,1.0189150215345306
Jimmy Butler III,2022-23,medium,0.9427137800773275,1.17381965703137,0.8031163683708304
Jimmy Butler III,2022-23,low,0.8163758817601615,1.0315031111149682,0.7914429660592374
Jimmy Butler III,2022-23,high,1.3752568617465086,1.324042236531519,1.038680507163542
Jimmy Butler III,2022-23,medium,0.8997691169937262,1.0519010974214151,0.85537425448018
Joe Harris,2020-21,medium,0.8870116579269886,0.913969399698641,0.9705047654981216
Joe Ingles,2017-18,high,1.213471289136773,1.2009688576729394,1.0104102878138397
Joe Ingles,2017-18,high,1.09701567239636,1.1057593929326488,0.992092564990021
Joe Ingles,2019-20,medium,0.8738265306122448,0.916186835106383,0.9537645566701256
Joe Ingles,2020-21,high,1.12792955306347,1.083370675403111,1.0411298539567533
Joe Johnson,2015-16,medium,0.9041383309313636,0.8500085510814093,1.0636814532996035
Joe Johnson,2015-16,medium,1.063438894000223,1.2314131864824582,0.8635922578009295
Joe Johnson,2016-17,high,1.2703528215684308,1.2679226765758569,1.0019166350105329
Joel Embiid,2017-18,medium,0.8550963563442656,0.97057833456393,0.8810173541823916
Joel Embiid,2018-19,low,0.6827038037276533,0.7663507951670966,0.8908502581755594
Joel Embiid,2020-21,medium,0.888994339788451,0.9655485198037216,0.9207143106274632
Joel Embiid,2021-22,low,0.6057323181277093,0.7022106676690961,0.8626076845832674
Joel Embiid,2021-22,low,0.790756133905782,0.7830426766953879,1.00985062173488
Joel Embiid,2022-23,low,0.7239550907693136,0.8709401575655215,0.8312340227748082
John Collins,2020-21,low,0.79076418698489,0.8403721313133516,0.9409690749133562
John Collins,2020-21,low,0.6962131569602271,0.7118668131797472,0.9780104144065956
John Collins,2022-23,medium,0.9402898175701905,1.0222400366468165,0.9198327045128836
John Wall,2016-17,high,1.2111102130087483,1.0492025427720213,1.1543149807938538
John Wall,2016-17,medium,1.046618181818182,1.1553555092812948,0.9058840966355416
Jonas Valančiūnas,2015-16,medium,1.051713110056871,1.154829526674949,0.9107085381554308
Jonas Valančiūnas,2020-21,low,0.768756233696486,0.8015912457119971,0.9590377113133938
Jonas Valančiūnas,2021-22,medium,0.8807604905874236,0.9930086605769418,0.8869615397671339
Jordan Clarkson,2019-20,medium,0.9657489751388523,0.962922582941958,1.0029352226720647
Jordan Clarkson,2020-21,medium,0.8916370693490975,0.8946653511918998,0.9966151792524792
Jordan Clarkson,2021-22,high,1.110280880811738,0.9085813278247016,1.221993944636678
Jordan Poole,2021-22,medium,1.0625960916005828,0.8905042893487637,1.193252075605017
Jordan Poole,2021-22,medium,0.9443008609131325,0.9838315419580892,0.9598196648927518
Jordan Poole,2022-23,low,0.7507929642445216,0.9216911097548188,0.8145819746967525
Josh Hart,2022-23,high,1.1748575680272106,1.1424767451783584,1.0283426537874931
Josh Hart,2022-23,medium,1.0889714285714285,1.4324462877624171,0.760217983651226
Josh Hart,2023-24,high,1.1883113137453558,1.1110883322065883,1.0695021082485898
Josh Hart,2023-24,high,1.3561081140527613,1.2906777173773,1.050694604698389
Josh Richardson,2015-16,medium,0.875960890960891,0.8823073254886279,0.9928070023398908
Jrue Holiday,2017-18,medium,0.9256376121076233,0.9793642017869096,0.9451413584637268
Jrue Holiday,2020-21,medium,1.0826958939916074,1.160892210906103,0.932641190818688
Jrue Holiday,2020-21,low,0.7430300157938321,1.030383291194868,0.7211200163506037
Jrue Holiday,2020-21,low,0.7721641526159367,1.038245954390759,0.743719876153085
Jrue Holiday,2021-22,medium,0.9654721874970403,1.2750227414295834,0.7572195821499872
Jrue Holiday,2021-22,low,0.8134834754289091,1.00753853578478,0.8073968851179277
Jrue Holiday,2022-23,low,0.7854215320780149,0.9396490498424804,0.8358668932934911
Jrue Holiday,2023-24,medium,0.9655499999999997,0.9383734526967284,1.0289613343442
Jrue Holiday,2023-24,high,1.060789536784741,1.0189043815966676,1.0411080332409972
Jrue Holiday,2023-24,high,1.212496727272727,0.9887554858934168,1.2262857142857142
Julius Randle,2020-21,low,0.7966351685902578,1.0633920970773747,0.7491452783782471
Julius Randle,2022-23,low,0.7444095185193292,0.8121440703985421,0.9165978619458816
Justise Winslow,2015-16,high,1.243606085526316,1.23268661745828,1.0088582677165354
Justise Winslow,2015-16,high,1.34793545511745,1.212192144786381,1.1119816779170686
Karl-Anthony Towns,2017-18,low,0.7527925938272635,0.8989985217887833,0.8373679995929177
Karl-Anthony Towns,2021-22,low,0.7956862900643774,0.7949474818674562,1.000929379882034
Karl-Anthony Towns,2023-24,medium,0.9156781914893618,1.159663360909698,0.7896069000326594
Karl-Anthony Towns,2023-24,low,0.844879756871036,0.8692655078524039,0.9719467173595614
Kawhi Leonard,2015-16,medium,1.0214863978700413,1.141987525777162,0.8944812222663154
Kawhi Leonard,2016-17,medium,0.8669625978090767,0.8742270506946862,0.9916904276985744
Kawhi Leonard,2016-17,high,1.179612872628726,1.0085508145665123,1.169611739529196
Kawhi Leonard,2018-19,medium,0.926508620689655,0.9279548523950027,0.998441484839898
Kawhi Leonard,2018-19,medium,0.9524662315649682,1.006091173831706,0.9466997190100508
Kawhi Leonard,2018-19,high,1.1050343958855473,0.98692322847615,1.1196761450146084
Kawhi Leonard,2018-19,high,1.1695359174964435,1.1195321087370895,1.044664917039103
Kawhi Leonard,2019-20,medium,0.9886419702874385,0.9108475724903596,1.085408799613288
Kawhi Leonard,2019-20,low,0.7782783650505608,0.8360924884994023,0.9308519999353124
Kawhi Leonard,2020-21,high,1.121944754464286,0.9614681249524002,1.1669079040138024
Keegan Murray,2022-23,low,0.8106266444039666,0.8612535566165123,0.9412171806739044
Kelly Oubre Jr.,2023-24,low,0.7505738845463671,0.6996584807905917,1.0727717953168274
Kemba Walker,2015-16,medium,1.105235716296088,1.3029960024060756,0.8482264828558115
Kemba Walker,2019-20,medium,0.8556658543257853,0.8730053213622156,0.980138188608777
Kemba Walker,2019-20,low,0.6740581442763939,0.7055788488648584,0.9553264604810996
Kent Bazemore,2015-16,medium,1.02571824959756,1.211361341922779,0.8467483764748924
Kent Bazemore,2016-17,medium,0.9506785671202468,0.9609442323474884,0.989317106152806
Kentavious Caldwell-Pope,2015-16,high,1.0552164702087736,0.9564701201960673,1.1032403918613414
Kentavious Caldwell-Pope,2019-20,medium,1.217558304272014,1.3885313645932365,0.876867700160804
Kentavious Caldwell-Pope,2022-23,medium,0.9601253564861718,1.0426758604303747,0.9208282198936404
Kentavious Caldwell-Pope,2022-23,medium,0.9436332853889486,0.8283777649972899,1.1391340101843943
Kevin Durant,2015-16,medium,0.9059804760740198,1.1857441179572112,0.7640606960250702
Kevin Durant,2015-16,medium,0.9119704296348397,1.073079815225304,0.8498626259626011
Kevin Durant,2015-16,medium,0.9301774701554999,0.9812595408238196,0.947942344972836
Kevin Durant,2016-17,high,1.1977789399284322,1.119726631342948,1.0697065751592172
Kevin Durant,2017-18,medium,0.9978666380789023,0.9774302026039128,1.020908332298865
Kevin Durant,2017-18,medium,1.0628115239191191,1.1438323001674864,0.9291672597141174
Kevin Durant,2017-18,medium,0.9286809377063613,1.0180792151747182,0.9121892715853012
Kevin Durant,2017-18,medium,1.0630160208643817,1.123690641824451,0.9460041592394536
Kevin Durant,2018-19,medium,1.1189407767722477,1.2008771835660337,0.9317695365395536
Kevin Durant,2018-19,high,1.2718798788420889,1.117920433808267,1.1377195016548265
Kevin Durant,2021-22,low,0.7822199709258132,0.9429561844405592,0.8295401035944123
Kevin Durant,2023-24,medium,0.9294869730515486,0.8947494645958753,1.0388237264510272
Kevin Huerter,2020-21,low,0.7610207203448753,0.9729290484884392,0.7821954967088416
Kevin Huerter,2020-21,medium,0.9951573371283995,0.9294727347090048,1.070668670490866
Kevin Huerter,2021-22,low,0.8026007202023336,0.9704144831556496,0.8270700140339935
Kevin Huerter,2022-23,low,0.6456372227326422,0.94547266712383,0.6828724353256022
Kevin Love,2015-16,low,0.645567048725329,0.7607473868370251,0.8485958149779735
Kevin Love,2015-16,medium,1.0091522199207494,0.8685720057748156,1.1618521126760564
Kevin Love,2016-17,high,1.1715867304380583,0.9712428398960612,1.206275796651883
Kevin Love,2016-17,low,0.7952884416924664,0.8595809420970597,0.9252048326621302
Kevin Love,2017-18,low,0.7867701959498832,1.003517542764761,0.7840123988089699
Kevin Love,2017-18,low,0.6019244165795888,0.8026440245338619,0.7499269890274938
Khris Middleton,2017-18,high,1.2087216537263177,0.9694191071937543,1.2468514853449602
Khris Middleton,2018-19,medium,0.9239893556466301,0.9109714524291154,1.0142901330034024
Khris Middleton,2018-19,low,0.6780056121970799,0.726470028975256,0.9332877959927142
Khris Middleton,2019-20,medium,1.0273503777809998,1.1966643564265846,0.8585117224087954
Khris Middleton,2019-20,low,0.6810782638414219,0.8911160196687372,0.7642980810676093
Khris Middleton,2020-21,medium,1.0648602177955402,1.1606711702831918,0.9174521131042872
Khris Middleton,2020-21,medium,1.0108521558174337,1.139149931164781,0.887374109555392
Khris Middleton,2020-21,medium,0.978102375565611,1.0621680372563804,0.9208546494131812
Khris Middleton,2023-24,high,1.2510165562913909,1.2816143037574992,0.976125619559332
Klay Thompson,2015-16,medium,0.9005538370386298,0.9588630170417752,0.9391892491765536
Klay Thompson,2015-16,high,1.048556855840928,1.0187324456668785,1.0292759991113525
Klay Thompson,2015-16,medium,1.098608241661473,1.2016802502807893,0.914226759909525
Klay Thompson,2015-16,high,1.2057100075783551,1.1031537614577465,1.0929664111239463
Klay Thompson,2016-17,low,0.68520860581714,0.7231292231972174,0.947560385939851
Klay Thompson,2017-18,medium,0.917359993792675,0.8933306928375097,1.0268985507246375
Klay Thompson,2017-18,medium,0.8725062499999997,1.0978432235018123,0.7947457627118645
Klay Thompson,2017-18,high,1.0799767535180296,1.022687887633213,1.056017937219731
Klay Thompson,2018-19,low,0.7758622093023256,0.8005545815677967,0.96915591661831
Klay Thompson,2018-19,low,0.7448506394114452,0.7372940956853432,1.0102490224325993
Klay Thompson,2018-19,medium,0.85325,1.0326675052966103,0.8262582056892778
Klay Thompson,2018-19,high,1.1449890703746435,0.9231474379895565,1.2403100775193796
Klay Thompson,2022-23,low,0.6911293518573908,0.8375449601092534,0.8251847778622374
Klay Thompson,2022-23,medium,0.8669943891219732,0.890734175283768,0.9733480685702536
Kyle Korver,2015-16,high,1.1410852542116414,0.973325905532982,1.1723568105246271
Kyle Korver,2017-18,medium,0.9860869565217392,1.0017,0.9844134536505332
Kyle Korver,2017-18,medium,0.9020984775750926,0.9951362202466304,0.9065075305484512
Kyle Lowry,2015-16,high,1.0298287883254715,1.0213030177562985,1.0083479343749548
Kyle Lowry,2015-16,low,0.6487742451903473,0.8866742120330999,0.7316940499518308
Kyle Lowry,2015-16,medium,1.0514508492342676,1.154014709329151,0.911124304338802
Kyle Lowry,2016-17,low,0.6490072544642858,0.7384384452846975,0.8788914751236544
Kyle Lowry,2017-18,medium,0.9418453989483314,0.9173171066727888,1.0267391636949947
Kyle Lowry,2018-19,high,1.0602004822577706,1.0781351451522174,0.983365106893056
Kyle Lowry,2018-19,high,1.2734051621409683,1.0022677097065449,1.2705239825732888
Kyle Lowry,2018-19,low,0.8282923922474679,0.8571816369996939,0.9662974059344714
Kyle Lowry,2018-19,medium,0.872104021324207,0.9562202069740786,0.9120326206909452
Kyle Lowry,2019-20,medium,0.9890044126835364,1.040433540700984,0.9505695212566893
Kyle Lowry,2021-22,low,0.8250154155072097,1.1551441062762566,0.7142099509703116
Kyle Lowry,2022-23,low,0.7861703846969053,0.9249810748433892,0.8499313186813187
Kyle Lowry,2022-23,high,1.2138691793088914,1.1542960340871844,1.051609936673496
Kyrie Irving,2015-16,high,1.2613062888198756,1.1622703128885403,1.0852090729954251
Kyrie Irving,2015-16,high,1.1281409139640846,1.078519118512533,1.0460091940882688
Kyrie Irving,2015-16,high,1.1302614795918362,1.096952227801629,1.0303652711084432
Kyrie Irving,2016-17,medium,1.0492006619458132,0.7978009820697276,1.3151157814119026
Kyrie Irving,2016-17,medium,0.9882875593824232,1.0278793723329305,0.9614820435002528
Kyrie Irving,2018-19,low,0.7495390986818669,0.9915901788404586,0.7558960492714436
Kyrie Irving,2020-21,medium,0.8966889174091776,0.8759793016042442,1.0236416725452375
Kyrie Irving,2023-24,low,0.75462086320872,0.9529039016348398,0.7919170673076923
Kyrie Irving,2023-24,medium,0.995449888939951,0.9340936905970888,1.0656852722167969
Kyrie Irving,2023-24,medium,0.9698593139648437,1.0069739790836654,0.963142379158004
Kyrie Irving,2023-24,low,0.5639327333963987,0.6471351025958796,0.8714296769473209
LaMarcus Aldridge,2015-16,high,1.2165304487179482,1.175032768727751,1.0353161895519971
LaMarcus Aldridge,2016-17,high,1.0490399389524594,1.0849143827885137,0.96693338718227
LaMarcus Aldridge,2016-17,low,0.8097102962427744,0.8403585730088495,0.9635295244786508
LaMarcus Aldridge,2017-18,medium,0.9641890766031167,0.9142397890340312,1.054634777624217
LaMarcus Aldridge,2018-19,medium,0.945371831647626,1.051124599527794,0.8993908353703487
LeBron James,2015-16,low,0.8497872776957096,0.9313866295762846,0.9123893888001195
LeBron James,2015-16,high,1.0210339174740866,1.0701669201395474,0.9540884681250902
LeBron James,2015-16,high,1.0476104661734726,0.9291506491044772,1.127492583880954
LeBron James,2016-17,high,1.129902254737347,1.0801909915845855,1.0460208088569944
LeBron James,2016-17,high,1.1047778925619836,1.0828560549334607,1.0202444614209318
LeBron James,2016-17,high,1.1018721921247356,1.129820428068923,0.975263116819408
LeBron James,2016-17,high,1.2512285012285014,1.0602182348953224,1.1801612725063513
LeBron James,2017-18,high,1.169031989554431,1.188988772692804,0.983215330878882
LeBron James,2017-18,high,1.070557438016529,1.0718149281055138,0.9988267656514102
LeBron James,2017-18,high,1.1903314535731648,1.1270632782486152,1.0561354242885674
LeBron James,2017-18,medium,1.1887577860625176,1.2747622282453963,0.9325329537718916
LeBron James,2019-20,high,1.0383082530905727,0.98661155507493,1.0523982288163212
LeBron James,2019-20,high,1.0305320955167823,0.9845446519868288,1.0467093528334646
LeBron James,2019-20,high,1.1132186167424596,0.9586529576600225,1.1612321308221034
LeBron James,2019-20,high,1.1160215906771327,0.909884163480059,1.2265534839167376
LeBron James,2022-23,low,0.8416543931213463,0.8109245263186685,1.0378948543364217
LeBron James,2022-23,low,0.8273890644243739,0.8019582579868677,1.0317108854285564
LeBron James,2022-23,low,0.7419601152549069,0.7843979728708887,0.945897542977247
LeBron James,2023-24,medium,0.9732047216101762,0.9621137958340616,1.0115276652555427
Lou Williams,2018-19,medium,0.9761645833333338,1.0148319767441862,0.9618977384464112
Lou Williams,2019-20,medium,0.9328277356446373,0.8219305345495792,1.1349228388939585
Lou Williams,2019-20,low,0.6473628583213032,0.8544817325512349,0.7576087746059419
Luguentz Dort,2023-24,low,0.8465478867907719,1.0645126700086718,0.7952445383143028
Luka Dončić,2019-20,medium,0.9971441539578794,0.978195376964302,1.0193711577868854
Luka Dončić,2020-21,high,1.1592427150451647,1.1876620232446158,0.97607121584825
Luka Dončić,2021-22,high,1.0656563380281692,1.08691382811245,0.9804423409340584
Luka Dončić,2021-22,high,1.1765704661855434,1.1507825749278104,1.022409003941818
Luka Dončić,2023-24,medium,0.9019472351979219,1.0518576439727991,0.8574803257514246
Luka Dončić,2023-24,low,0.8473396991989832,1.0161548425085754,0.8338686819689417
Luka Dončić,2023-24,medium,0.9576094402767175,0.9436414254691008,1.014802248428923
Luka Dončić,2023-24,low,0.6977573059606129,0.7617110813206043,0.9160393265526444
Luol Deng,2015-16,high,1.5642798359498071,1.2408071357433688,1.2606953900314617
Malcolm Brogdon,2016-17,low,0.8084379274965799,0.9081716914279392,0.8901818181818181
Malcolm Brogdon,2018-19,medium,0.8845427452316078,0.987735803265027,0.895525647959396
Malcolm Brogdon,2019-20,high,1.0205283216783216,0.9897477545663016,1.0310994058536742
Malcolm Brogdon,2022-23,medium,0.8725705571343156,0.9954255753105854,0.8765804081958237
Malcolm Brogdon,2022-23,high,1.024665979183924,1.0645550041370282,0.962529860084177
Malik Beasley,2018-19,medium,0.8522567785348752,0.9012202701661262,0.9456697843444808
Malik Monk,2022-23,high,1.053830243484225,1.0666977122665842,0.9879370991102836
Marc Gasol,2016-17,medium,0.9123949191685911,0.846001069827469,1.078479628110473
Marc Gasol,2018-19,medium,0.9403368526897941,0.8365623042573397,1.1240487981640297
Marcin Gortat,2016-17,medium,0.8968476044852192,0.9770798965199344,0.9178856382978724
Marcin Gortat,2017-18,high,1.0055468204053117,0.974606918238994,1.031746031746032
Marco Belinelli,2017-18,high,1.0602518975805848,1.0442111142501325,1.0153616286127845
Marcus Morris Sr.,2017-18,low,0.8475647619420109,0.9042193181766914,0.9373442315422752
Marcus Morris Sr.,2017-18,medium,0.9605978153280547,1.0772393952461343,0.891721765437822
Marcus Morris Sr.,2017-18,low,0.7108788386678202,0.9213756166429676,0.7715407547444195
Marcus Morris Sr.,2019-20,low,0.7820683171914747,0.6511269590668572,1.2010995801990323
Marcus Morris Sr.,2019-20,low,0.6883635082775628,0.6298318225650917,1.0929322457447312
Marcus Morris Sr.,2020-21,low,0.7048673119120554,0.794753408501721,0.8869006466306071
Marcus Morris Sr.,2020-21,low,0.8464990555484072,1.0174680604660526,0.8319662193235502
Marcus Morris Sr.,2020-21,low,0.8153295741560737,0.8786844461061083,0.9278980386749852
Marcus Smart,2015-16,high,1.1547361809045227,1.021974997484388,1.1299064886586552
Marcus Smart,2016-17,low,0.8102701543739281,0.8090444981998198,1.0015149428453385
Marcus Smart,2016-17,high,1.0067808562652796,0.9384517687649164,1.072810441382928
Marcus Smart,2016-17,low,0.7960548885077185,0.7978897889788977,0.9977003083677416
Marcus Smart,2017-18,medium,0.947258357678088,1.057354800759164,0.8958755916159566
Marcus Smart,2017-18,high,1.153269800711096,1.1288720349416257,1.0216125167550385
Marcus Smart,2019-20,high,1.143357848009011,1.0887887407407408,1.0501190958598128
Marcus Smart,2019-20,high,1.0491989664082686,0.9134669575757576,1.1485899492114406
Marcus Smart,2021-22,high,1.1791017906336092,1.179782041666667,0.9994234095714012
Marcus Smart,2021-22,medium,1.2838873831522584,1.4077792009430177,0.911994851388791
Marcus Smart,2021-22,high,1.0256556595994208,1.0072924113741948,1.0182303053392152
Marcus Smart,2022-23,high,1.446050724637681,1.263947466467958,1.1440750213128732
Marcus Smart,2022-23,high,1.1367056962025315,1.0455447792473918,1.0871898734177217
Marcus Smart,2022-23,high,1.2617674310710503,1.1602996940428374,1.087449593884377
Markieff Morris,2016-17,medium,0.8749880952380953,1.0501747602845657,0.833183321793984
Markieff Morris,2016-17,high,1.02880388314927,1.0439723495159414,0.9854704328388538
Markieff Morris,2017-18,low,0.7554599789054263,0.7715056891510493,0.979202084351083
Mason Plumlee,2015-16,low,0.7671903938757872,0.8097910450658296,0.9473930324994156
Matthew Dellavedova,2016-17,high,1.0812555383995703,1.0710983571320762,1.0094829584975655
Maurice Harkless,2018-19,medium,1.1299220162748647,1.1911448824953352,0.9486016628873772
Max Strus,2021-22,low,0.6802720561391281,0.9736825568620082,0.6986589739591456
Max Strus,2021-22,low,0.8490881165642004,0.9191007670067406,0.92382483732382
Max Strus,2022-23,low,0.8470892916712999,0.8380615038941147,1.0107722258273848
Max Strus,2022-23,high,1.2653750259540715,1.1230059341165526,1.1267750129472984
Max Strus,2023-24,low,0.730379876646303,0.7978803436775366,0.9154002632523632
Max Strus,2023-24,low,0.7325894292143086,0.7083909017492255,1.0341598507340084
Maxi Kleber,2021-22,high,1.3026583269671506,0.984019544613314,1.3238134690495915
Michael Porter Jr.,2020-21,medium,0.9211850866573211,0.914589890198558,1.0072110970495545
Michael Porter Jr.,2022-23,low,0.7898288827501535,0.7995405460937854,0.9878534448426924
Michael Porter Jr.,2022-23,low,0.7065369152046785,0.7580275844570104,0.9320728291316528
Michael Porter Jr.,2023-24,high,1.1051386512688908,0.9506974432524254,1.162450429537401
Michael Porter Jr.,2023-24,low,0.6159212228409423,0.746236627758666,0.8253698624937131
Mikal Bridges,2020-21,low,0.6932883431499783,0.7825889293789143,0.8858908133292819
Mikal Bridges,2020-21,low,0.7066208112874778,0.9357894513334464,0.7551066217732885
Mikal Bridges,2020-21,medium,0.9016123769338957,0.9092508884507258,0.991599115696389
Mikal Bridges,2021-22,low,0.7539728423733892,0.99264261287707,0.7595612283741058
Mikal Bridges,2021-22,high,1.0768522830531573,1.0205062109437244,1.0552138453496782
Mikal Bridges,2022-23,medium,1.1581578593518893,1.2549529007835198,0.9228695822997044
Mike Conley,2016-17,high,1.1432669839381318,1.1155760401721664,1.024822103351818
Mike Conley,2021-22,low,0.6907771342430975,0.9110403726708074,0.758228894091723
Mike Conley,2022-23,medium,0.8751751662203342,0.7970900930564535,1.0979626692692446
Mike Conley,2023-24,medium,1.081815902903811,1.1415407525222103,0.9476804928019972
Mike Conley,2023-24,medium,0.9075986842105261,0.9748308852719332,0.9310319337670018
Monta Ellis,2015-16,medium,0.9445018115942029,0.9443486077318196,1.0001622323166772
Montrezl Harrell,2018-19,high,1.101828487419064,0.9521215868655156,1.1572350660028614
Monté Morris,2019-20,low,0.8136063907044301,0.8629285566291839,0.942843279961184
Monté Morris,2021-22,high,1.075857649842271,1.0106517373852135,1.064518676458975
Myles Turner,2015-16,medium,0.8928354225001965,0.9890775879352208,0.9026950295821204
Myles Turner,2017-18,medium,1.02975136043204,0.8363630293059182,1.2312253463506286
Myles Turner,2023-24,high,1.0099540844298243,1.0500382470229344,0.9618259975703204
Myles Turner,2023-24,medium,0.8862270501835984,0.8513510561189253,1.04096546755185
Naz Reid,2023-24,medium,0.9259629226176069,1.0044773692135176,0.9218355246197476
Nickeil Alexander-Walker,2023-24,medium,0.8753636853448277,1.0250518828617914,0.8539701257861635
Nicolas Batum,2020-21,high,1.0210330428467684,1.0302703160176538,0.9910341266488288
Nicolas Batum,2020-21,high,1.0925571849345117,0.9369333256232654,1.166099182359345
Nikola Jokić,2018-19,high,1.0548431754272116,1.0103218350909071,1.0440664932598418
Nikola Jokić,2018-19,high,1.008091123330715,1.0358065502385272,0.9732426610920448
Nikola Jokić,2019-20,high,1.0573438621679832,1.0578039378621058,0.9995650652472966
Nikola Jokić,2019-20,high,1.0530928451782726,1.0302740461186903,1.0221482809797515
Nikola Jokić,2019-20,high,1.1598185100258578,1.1206020076333367,1.034995923731517
Nikola Jokić,2020-21,high,1.2455949237089206,1.2837394891166567,0.9702863659401928
Nikola Jokić,2021-22,high,1.1311164420404887,1.1642433291787695,0.9715464230646288
Nikola Jokić,2022-23,medium,0.9339844999403273,1.0978891688797685,0.8507092759584455
Nikola Jokić,2022-23,high,1.0917838640481317,1.140464396475881,0.9573151668932623
Nikola Jokić,2022-23,medium,1.0356492814158629,1.2656495144524815,0.8182749407239203
Nikola Jokić,2022-23,medium,1.2461928208521904,1.3196855001167582,0.9443104593798556
Nikola Jokić,2023-24,medium,0.920690768200296,0.889749141780296,1.0347756743637753
Nikola Jokić,2023-24,medium,1.0120460746901043,1.103448583526396,0.9171664994628131
Nikola Mirotic,2016-17,low,0.7692610062893082,0.8801602167264567,0.8740011098779136
Nikola Mirotic,2017-18,low,0.6059012296088016,0.6631122044934404,0.9137235380423392
Nikola Vučević,2019-20,high,1.1838025990099008,1.0732578840397458,1.1029992107340172
Nikola Vučević,2021-22,medium,0.9853558325400604,1.006941929153373,0.978562719469372
Norman Powell,2019-20,low,0.8276643843632957,0.9336792476061152,0.8864547289504037
Norman Powell,2020-21,medium,0.8613128806677193,0.8777784815078369,0.9812417356007256
Norman Powell,2022-23,high,1.0012065677966104,1.012544772907839,0.98880226789511
Norman Powell,2023-24,medium,0.8646349501595304,0.9495357593614732,0.9105870333319144
OG Anunoby,2019-20,medium,0.8878221832336248,0.8922312324505864,0.995058400718778
OG Anunoby,2023-24,medium,0.8955629322858851,0.9410550812379928,0.9516583568176892
Otto Porter Jr.,2016-17,low,0.8231361285676879,0.8074256854613081,1.0194574477741614
Otto Porter Jr.,2016-17,medium,0.9853976719662558,0.9804339882016182,1.0050627414230533
Otto Porter Jr.,2017-18,low,0.6653028485963789,0.7109788658504387,0.9357561533148748
P.J. Tucker,2017-18,high,1.6825759878419453,1.1849357484722556,1.4199723402819944
P.J. Tucker,2018-19,high,1.5587871700634817,1.333334678650901,1.169089197950434
P.J. Tucker,2021-22,high,1.0319634868421053,1.0009983918520502,1.030934210526316
P.J. Washington,2023-24,low,0.8299543577483156,0.8447029438125501,0.9825399139753592
P.J. Washington,2023-24,low,0.7898648820661652,0.8117908089837742,0.9729906686858693
P.J. Washington,2023-24,low,0.7837257079026699,0.8123687279725467,0.9647413556386372
P.J. Washington,2023-24,high,1.2421934977014246,1.0902598551029228,1.13935544071203
Paolo Banchero,2023-24,high,1.125589485328365,1.1100775391088942,1.013973750186787
Pascal Siakam,2018-19,medium,0.9681192015486886,1.0842378522623968,0.892902972838098
Pascal Siakam,2018-19,low,0.771263068166742,1.0333492169109424,0.7463721417163585
Pascal Siakam,2018-19,high,1.1946068015694717,1.2519101610629138,0.9542272590512488
Pascal Siakam,2018-19,medium,1.0973899287525661,1.2928126772383537,0.8488390840169973
Pascal Siakam,2019-20,low,0.601897034077653,0.7683375818731414,0.7833757560189618
Pascal Siakam,2021-22,medium,0.9193876949562872,0.9275292148833254,0.991222357424006
Pascal Siakam,2023-24,medium,0.9847957655591325,1.0347574829502928,0.9517164956867866
Pascal Siakam,2023-24,high,1.012706294551166,1.043456757506156,0.9705301990391216
Pat Connaughton,2020-21,medium,0.9961559940431871,0.865027112438911,1.1515893313847276
Pat Connaughton,2020-21,high,1.1000883960141437,0.9685907901505156,1.1357617759747578
Pat Connaughton,2021-22,medium,0.9473171430618237,0.8661900084510212,1.0936597441892448
Patrick Beverley,2016-17,high,1.2007428516041485,1.2400397651447732,0.9683099569504234
Patrick Beverley,2018-19,high,1.0656282612268377,1.019216268980776,1.0455369421177647
Patrick Beverley,2021-22,medium,0.9567170389244284,0.9193606063553522,1.040633057704277
Patrick Patterson,2015-16,medium,0.9957186544342508,1.0660561202368208,0.9340208601898512
Patrick Patterson,2015-16,high,1.2260246913580248,1.142338677447837,1.0732584964182037
Patty Mills,2016-17,high,1.0246804067691353,1.0117679890884097,1.0127622318752736
Patty Mills,2017-18,high,1.0842337616822428,1.0744835494731722,1.0090743243243243
Pau Gasol,2016-17,low,0.6391596939337223,0.7972446570854597,0.8017108528144182
Paul George,2015-16,high,1.1499134409280043,1.01263584656827,1.1355646206135752
Paul George,2016-17,medium,1.0203645100797,1.0817198795772434,0.943279798535715
Paul George,2017-18,high,1.0006438713597656,1.0428033430436656,0.9595710236593146
Paul George,2018-19,medium,0.9527679350083056,0.9495140519972186,1.0034268929503916
Paul George,2020-21,medium,0.875455742280101,0.8823089664945022,0.9922326254468096
Paul George,2020-21,medium,1.04242957538752,1.1356277635594647,0.917932450083971
Paul George,2020-21,high,1.067760254733126,1.0775090693824576,0.99095245234927
Paul George,2023-24,low,0.8460081779393173,0.9406058978217698,0.8994289530806479
Paul Millsap,2015-16,medium,0.8536403346328786,0.894096053751804,0.95475237928949
Paul Millsap,2016-17,high,1.2675836745264404,1.1512970520098913,1.101004881679789
Paul Millsap,2018-19,high,1.0850274583108914,1.1092788307662311,0.9781377127348692
Paul Millsap,2018-19,medium,0.8976344262084555,0.8989418900563979,0.9985455524295788
Paul Millsap,2019-20,low,0.8274348302499034,0.8330453186568053,0.9932650862068966
Paul Millsap,2019-20,low,0.7017672413793101,0.7755222742066721,0.9048963062952508
Precious Achiuwa,2021-22,medium,0.9946912692707086,0.9204909865644784,1.0806094614605253
Precious Achiuwa,2023-24,low,0.8102039473684212,0.8602707375478928,0.9418011237692664
RJ Barrett,2020-21,medium,0.9123461620926241,1.002572756780124,0.9100049407114624
RJ Barrett,2022-23,medium,0.9450531981085115,0.9255690440861972,1.0210510000813076
RJ Barrett,2022-23,high,1.1051362232237805,1.0530677743294632,1.0494445373446848
Raymond Felton,2015-16,high,1.3060958985301092,1.2902410236599082,1.0122883047271485
Reggie Bullock Jr.,2020-21,low,0.7718755409382033,0.8800315519247308,0.8770998485793177
Reggie Bullock Jr.,2021-22,medium,0.9514408493427705,0.9162812210915818,1.0383720930232558
Reggie Bullock Jr.,2021-22,medium,0.9097615691801739,0.890295464592299,1.0218647689020737
Reggie Jackson,2020-21,high,1.1574766355140187,1.11892288365522,1.034456129570658
Reggie Jackson,2020-21,high,1.2164342469109872,1.243991093707638,0.9778480352986136
Reggie Jackson,2020-21,high,1.3200973198424346,1.0261171632787665,1.286497650642846
Ricky Rubio,2017-18,medium,1.0093878993497318,1.154456359946266,0.874340455274302
Ricky Rubio,2018-19,high,1.032119875101819,1.0440644756336162,0.9885595182955074
Robert Covington,2019-20,medium,1.0794452783842794,0.8792308217732752,1.2277154663518302
Robert Williams III,2021-22,low,0.8350694444444444,0.7980109739368998,1.0464385474860336
Robin Lopez,2016-17,high,1.3164028361777562,0.9832221692568424,1.33886610507648
Rodney Hood,2016-17,medium,0.9143838822738619,0.9705105601958292,0.9421678854162678
Rodney Hood,2018-19,high,1.4545854074483775,1.1189482460041391,1.2999577171176842
Royce O'Neale,2020-21,high,1.4064360410830998,1.2693838852527672,1.107967461555605
Royce O'Neale,2020-21,high,1.4535936238902343,1.2517540196897166,1.1612454212454213
Rudy Gay,2017-18,low,0.7475023842917252,0.9255258248847926,0.807651568647231
Rudy Gay,2018-19,medium,0.8905987102560928,1.0337650103751634,0.8615098221721451
Rudy Gobert,2017-18,medium,0.8627268786127168,0.8255280780685779,1.0450606121492196
Rudy Gobert,2017-18,medium,0.9406270022883292,0.964476251648259,0.975272331154684
Rudy Gobert,2018-19,low,0.7546432374866879,0.776931162206585,0.97131287068394
Rudy Gobert,2019-20,medium,1.0569487490802059,1.1586007739491992,0.9122631132702398
Rudy Gobert,2020-21,low,0.7966840402588067,0.7476787431982992,1.065543253043253
Rudy Gobert,2020-21,high,1.1565429599640125,1.0504870147897911,1.1009588349794537
Rudy Gobert,2021-22,low,0.8038771956390067,0.8564724667035424,0.938590820943762
Rudy Gobert,2022-23,high,1.0316490687725168,1.0715665790108666,0.9627484553734436
Rudy Gobert,2023-24,medium,0.8740746013871012,0.922345949003915,0.9476645962732918
Rudy Gobert,2023-24,low,0.7965282583085315,0.8826136415131959,0.902465383316447
Rui Hachimura,2020-21,medium,0.9898304347826086,0.7639617796073466,1.2956543916259158
Rui Hachimura,2022-23,high,1.2337461968266603,0.9915724815544684,1.24423198482933
Russell Westbrook,2015-16,high,1.1072711063028409,1.0638587613124515,1.0408064929002727
Russell Westbrook,2015-16,medium,0.9805904039469627,1.065190426114759,0.920577560505898
Russell Westbrook,2015-16,medium,1.044249642136769,1.2051895764206784,0.8664608975777166
Russell Westbrook,2016-17,medium,1.0521688262629723,1.137380192183174,0.9250810181979336
Russell Westbrook,2017-18,medium,1.0723461770147584,1.1410157871365436,0.9398171253229404
Russell Westbrook,2018-19,medium,0.9350100572167047,1.003007224441939,0.9322067024361992
Russell Westbrook,2019-20,low,0.8005115417068468,0.8939972093526627,0.895429575542514
Russell Westbrook,2020-21,medium,0.858794998702406,0.946767907723557,0.907080807974706
Russell Westbrook,2022-23,high,1.179380388865245,1.1899248104122948,0.99113858165257
Ryan Anderson,2016-17,low,0.7763916015624999,0.7778974602653992,0.9980641938303982
Serge Ibaka,2015-16,medium,1.0373008675078867,0.7241070101884942,1.4325242718446602
Serge Ibaka,2015-16,medium,0.8632905010863657,0.8185517991581122,1.05465592033915
Serge Ibaka,2015-16,medium,0.9161773366261399,0.7900727699139132,1.1596113314042795
Serge Ibaka,2016-17,medium,0.9553866073104353,1.0426035284573232,0.9163469921534436
Serge Ibaka,2017-18,low,0.6691297843804808,0.7187627728517391,0.9309466344864576
Serge Ibaka,2018-19,low,0.7486834232290542,0.907155170949522,0.8253091060985797
Serge Ibaka,2019-20,medium,0.9892947330447333,0.8592151074780504,1.1513935502699548
Seth Curry,2019-20,low,0.849523603072602,0.7817508480964946,1.0866935483870968
Seth Curry,2020-21,high,1.3951830039525686,1.0727562643649091,1.300559176672384
Shai Gilgeous-Alexander,2018-19,high,1.1634342746083897,1.0806085603418758,1.0766472868217054
Shai Gilgeous-Alexander,2019-20,low,0.7322288135593219,0.7297215800043729,1.0034358769476626
Shai Gilgeous-Alexander,2023-24,medium,0.9438294764577846,1.003749204625722,0.9403040840363304
Shai Gilgeous-Alexander,2023-24,medium,0.858792451088963,0.9888391597539644,0.8684854787735563
Spencer Dinwiddie,2021-22,high,1.07569498369312,0.942578578336557,1.141225791054454
Spencer Dinwiddie,2021-22,medium,1.0598677007299273,1.1981585878314396,0.8845804816607737
Spencer Dinwiddie,2022-23,medium,0.8713028672809481,0.9148746340834244,0.9523740574071888
Stephen Curry,2015-16,low,0.8006008617109633,0.9263706335769024,0.8642338527287757
Stephen Curry,2015-16,medium,0.8623272802778617,0.9451115503637336,0.9124079373974302
Stephen Curry,2016-17,medium,0.9444972325477231,0.9490168094080198,0.9952376219098628
Stephen Curry,2017-18,medium,0.9281670205237086,1.1215700623874505,0.8275604455311057
Stephen Curry,2017-18,medium,0.8554642364605463,1.0005967856149631,0.8549540122046075
Stephen Curry,2018-19,low,0.8005564649470901,0.9540585636818107,0.8391062094319031
Stephen Curry,2018-19,medium,0.9018208976712381,0.8164022469555093,1.1046281426028262
Stephen Curry,2018-19,high,1.1676447940287227,1.1311257828934789,1.0322855439134508
Stephen Curry,2018-19,medium,0.9642243230625586,1.0363108275627022,0.9304393020097226
Stephen Curry,2021-22,high,1.183648385300668,1.1385692182867948,1.0395928207875704
Stephen Curry,2021-22,medium,0.9690562320916905,0.990794859909102,0.9780594059405942
Stephen Curry,2021-22,high,1.271191975192633,1.1940073150532842,1.0646433729226394
Stephen Curry,2021-22,medium,0.9514065261297653,1.0085772130740709,0.9433155080213904
Stephen Curry,2022-23,medium,0.8952962634329094,1.0757823945393374,0.8322280304803517
Stephen Curry,2022-23,medium,0.9942037884439102,1.0507701925512432,0.9461667217929058
Steven Adams,2015-16,medium,1.0869655797101447,1.1552891304347823,0.9408602150537636
Steven Adams,2015-16,high,1.0199260817307694,0.9017073768028846,1.1311053984575836
Steven Adams,2017-18,low,0.7425456860788741,0.7652967504008269,0.9702715785608172
Steven Adams,2018-19,medium,0.9299650819884632,0.8503696013544241,1.0936010418378828
Steven Adams,2019-20,low,0.8212767584097861,0.8510065127294257,0.9650651859005313
T.J. Warren,2019-20,medium,0.8626818499460006,0.9472533918448378,0.9107191986569416
Terance Mann,2023-24,medium,0.8946116901054744,0.9706654446543188,0.9216478190630044
Terrence Ross,2015-16,high,1.0110290337022023,0.9578904383771716,1.055474606694119
Terry Rozier,2017-18,medium,0.924216022040756,1.0388654226883096,0.8896397953539823
Terry Rozier,2017-18,high,1.1579380195762936,1.052408712447472,1.1002740721172897
Terry Rozier,2017-18,high,1.126461767321939,1.0020784678251835,1.124125309035634
Thaddeus Young,2017-18,medium,0.9570333639979186,0.8400060050149964,1.1393172885482323
Tim Hardaway Jr.,2016-17,low,0.7321194865249414,0.981843559754496,0.7456579811024104
Tim Hardaway Jr.,2019-20,medium,0.9591551694923346,1.036394364254057,0.9254731621226876
Tim Hardaway Jr.,2020-21,low,0.8169792254957328,0.8732480062426123,0.9355638027861164
Tobias Harris,2015-16,medium,0.9153360782909654,0.9153601577180668,0.999973694040648
Tobias Harris,2018-19,low,0.8451573567708335,0.8301430687907364,1.0180863860032805
Tobias Harris,2018-19,low,0.6768165145131086,0.859043375158415,0.7878723404255319
Tobias Harris,2020-21,low,0.846795634920635,0.9382380732151596,0.9025381287489548
Tobias Harris,2020-21,high,1.2208702925614692,1.2374034088521255,0.9866388631448872
Tobias Harris,2021-22,medium,0.92155731874145,0.9500030601211072,0.97005721078832
Tobias Harris,2021-22,medium,0.9448913029799659,0.8380224120898361,1.1275250987901664
Tobias Harris,2022-23,low,0.7769415509259259,0.8472229463164185,0.9170449812578092
Tony Parker,2015-16,medium,0.8679661380681302,0.9149050993809056,0.9486952675807164
Tony Parker,2016-17,high,1.6172334673740412,1.3454575516282734,1.2019951617327982
Tony Snell,2016-17,high,1.1645209131811363,1.0212221476499368,1.140320855614973
Torrey Craig,2018-19,medium,1.1747826381627358,0.8847552328417004,1.3278052443832529
Trae Young,2020-21,high,1.1310571750109797,1.1588005865745905,0.9760585109422318
Trae Young,2020-21,medium,0.9710949311520756,1.0589395465190177,0.9170447305932544
Trae Young,2021-22,low,0.5382180172314542,0.7051585230291124,0.7632581889806273
Trae Young,2022-23,medium,1.0233088087585378,1.1247816912427977,0.90978437569326
Trevor Ariza,2016-17,high,1.238699404240407,1.066359866747704,1.1616148008442233
Trevor Ariza,2017-18,medium,0.9840655228005528,1.062991423694667,0.9257511404750668
Trey Murphy III,2023-24,low,0.5659044158803774,0.72563372171859,0.7798761261261262
Tristan Thompson,2015-16,high,1.1504455055195375,1.1104248155559813,1.0360408821947285
Tristan Thompson,2016-17,high,1.3104136361940997,1.0115478354373364,1.295453947195241
Tristan Thompson,2017-18,medium,0.9799944624042142,0.8822333851421825,1.1108109020905803
Tyler Herro,2019-20,high,1.1465566811909946,0.9898681176342974,1.1582923631596196
Tyler Herro,2019-20,medium,0.9116874641552716,1.0700083047766504,0.8520377459552277
Tyler Herro,2019-20,low,0.8474549382716049,0.8579719736413928,0.9877419826137774
Tyler Herro,2021-22,medium,0.8975311709224753,0.912139068677547,0.9839850103381156
Tyrese Haliburton,2023-24,low,0.7760084821792674,0.859413549497328,0.9029511841338268
Tyrese Haliburton,2023-24,high,1.1131851474948489,0.9775524582845024,1.1387472232931284
Tyrese Maxey,2021-22,high,1.0803981192039176,1.0931135844207007,0.9883676633444074
Tyrese Maxey,2021-22,high,1.079143644234553,1.0081309888223586,1.070439909297052
Tyrese Maxey,2022-23,medium,0.8705239838181471,1.009255516027502,0.8625407243198316
Tyrese Maxey,2023-24,high,1.0430317397229163,1.0004481286252374,1.042564536710359
Victor Oladipo,2016-17,low,0.6167509930486594,0.775010341959378,0.7957971134803079
Victor Oladipo,2017-18,medium,0.9579119277516073,1.006430771395204,0.951791176280972
Vince Carter,2016-17,medium,0.952661100167144,0.8436906320030422,1.129159272404614
Wendell Carter Jr.,2023-24,low,0.6714280607685433,0.8250410228084121,0.8138117283950617
Wesley Matthews,2015-16,medium,1.012971304347826,1.134686145935212,0.8927325921591576
Will Barton,2021-22,medium,0.8884082650154079,0.9700914310367716,0.9157984872270586
Zach LaVine,2021-22,low,0.7083546362704918,0.7747871206109899,0.9142571132466554
Zach Randolph,2016-17,low,0.7713970836920431,0.8431251894006558,0.9149259130075316
