PLAYER_NAME,SEASON,OPPONENT,RS_TS,PO_TS,EXP_TS,Z_EFF,Z_VOL,Z_CRE,RESILIENCE_SCORE
Troy Brown Jr.,2022-23,DEN,0.561,0.5,0.5054569092289765,-0.04514074216521308,13.36775367184703,-0.9153587650647731,3.0972994669377396
Jonathan Kuminga,2022-23,LAL,0.597,0.7836990595611285,0.5531518423293968,1.9071368155993684,3.1690317577313962,2.5735913019251724,2.1031536503739208
Reggie Jackson,2022-23,PHX,0.514,1.5,0.4725652484513254,8.499164135801049,-0.4419902259323747,-3.2810735122394408,2.043941512987413
Grant Williams,2022-23,ATL,0.605,0.9572072072072072,0.5472469780614511,3.3912803430177934,1.1458806686923468,0.6467119144954383,1.6350962658531738
Dereck Lively II,2023-24,MIN,0.728,0.9519038076152304,0.6366711208677536,2.607673471816993,1.1138983598602439,1.549133035777594,1.5784435640454069
Pat Connaughton,2022-23,MIA,0.531,0.7556675062972292,0.4767293472810963,2.307437230094483,1.7223799978817598,1.2453588300936,1.5495377375269088
Andrew Nembhard,2023-24,BOS,0.573,0.646551724137931,0.5376616920511086,0.9007620718138643,2.2240591288339893,2.3520031426302515,1.4592822930009126
Reggie Jackson,2022-23,MIA,0.514,0.0,0.46985405530170055,-3.886735123433978,-2.8882016656464695,14.071164195899417,1.4353833393613447
Rondae Hollis-Jefferson,2018-19,PHI,0.464,0.6022727272727273,0.4636767338004051,1.1464962571201018,2.9304512475763937,0.9103462251793287,1.3614730581809662
Reggie Jackson,2018-19,MIL,0.547,0.5214453584018801,0.547018358874469,-0.21154543209078341,1.2642953206433547,3.881891323417862,1.21250575978353
Torrey Craig,2022-23,LAC,0.566,0.8166491043203372,0.5120142666063179,2.520005755413565,1.4191086688900627,-0.24449219424993596,1.1756561330547792
Kawhi Leonard,2022-23,PHX,0.623,0.6701631701631701,0.5851984055859838,0.702847045822345,1.67314702479753,1.9350707145178836,1.1480509008666742
George Hill,2018-19,BOS,0.554,0.6906614785992218,0.525502818382275,1.366228424254662,1.7638950908794617,0.6251731817767008,1.0754470166531722
Caleb Martin,2022-23,BOS,0.571,0.7375437062937064,0.5288265970805177,1.726553405439065,1.8286985164665315,0.052539928858862654,1.0746033032350213
Joel Embiid,2018-19,BKN,0.593,0.6007281553398058,0.5731862387313489,0.22783273538001497,1.9533432303557279,1.9524169788324646,1.0561815096800533
Mason Plumlee,2022-23,PHX,0.689,0.9250902527075812,0.6322341537413516,2.4225694619854052,0.7403108692829169,-0.1309260350242849,1.0002455202595497
Montrezl Harrell,2018-19,GSW,0.636,0.738850080601827,0.5887379736266001,1.2417600572983316,1.3261716947755693,0.9196042195112284,0.9960599986261154
Draymond Green,2018-19,POR,0.526,0.5901287553648068,0.496488272255035,0.7746144799034982,1.1055989659043928,1.6974396877787528,0.9718747313870107
Derrick White,2023-24,MIA,0.611,0.7427055702917771,0.5639605583514153,1.4786176860836713,1.8927506809570827,-0.10188727385808767,0.9652320419040337
Kyle Lowry,2022-23,NYK,0.565,0.5948500651890483,0.5137592981306882,0.6708004942291071,0.5615187115158715,2.349668682591335,0.9625770215069891
Caleb Martin,2022-23,MIL,0.571,0.7838745800671892,0.5301772115129453,2.098639911598494,0.6381250682857974,0.22045458667788756,0.9491688828003941
Sam Hauser,2023-24,DAL,0.629,0.7352941176470589,0.5746742651869337,1.3286824175151324,1.6688134570592306,0.17077183004076138,0.9249351679052943
Aaron Gordon,2023-24,MIN,0.607,0.7237211916807196,0.5618684616063712,1.3388810497755685,0.37415769729481885,1.4133097575216946,0.9154752311255773
Stephen Curry,2018-19,POR,0.641,0.6631540697674418,0.6016663040202503,0.5086401960234925,1.5813424447215803,1.366783640088423,0.9150555898107232
Kawhi Leonard,2018-19,PHI,0.606,0.6337366993532234,0.5776126697936306,0.4642702015583237,1.6661665558247651,1.2849004049872161,0.9002613107484086
Shake Milton,2022-23,BOS,0.575,0.6666666666666666,0.5362253138528617,1.0790392927525392,-0.28102108178582075,2.2925689231246076,0.8805507127980854
Rodney Hood,2018-19,DEN,0.545,0.7089757709251101,0.5193790238887881,1.5683856033161552,1.9053628388882893,-0.613794174191363,0.8718271273348859
Jarrett Allen,2018-19,PHI,0.632,0.6740196078431373,0.5769103230826225,0.8033091629865494,0.8120451888432538,1.5459725629499133,0.870662644993584
Torrey Craig,2018-19,SAS,0.547,0.7282996432818074,0.5087638075455712,1.8160482685640735,0.5999763910775214,0.30095271353272346,0.860849170149987
Austin Reaves,2022-23,DEN,0.687,0.7378472222222222,0.63134445257453,0.8810141167492556,1.1673004123300406,0.9907421731213581,0.8478655872250891
Kevin Durant,2018-19,LAC,0.631,0.7193751712798027,0.5939202669338293,1.0377903045136918,1.8961240338712353,0.032948873858940145,0.845494833512336
Blake Griffin,2018-19,MIL,0.581,0.5822243346007605,0.5703931288866648,0.09787031160563453,1.2603866168120712,1.973331843637001,0.8426842241742402
Jimmy Butler III,2022-23,MIL,0.647,0.6708535540964887,0.6003522190652275,0.583202405136286,2.780036949304673,-0.3213231100508328,0.8187993016111601
George Hill,2018-19,DET,0.554,0.5944931163954944,0.5159379478313275,0.6498254709956083,0.8039177462947721,1.5472303574429267,0.8152259407828876
Jrue Holiday,2023-24,IND,0.597,0.7341269841269842,0.5392727437057727,1.611876734167735,0.5186099772777637,0.479099535501106,0.8135842351534246
Obi Toppin,2023-24,NYK,0.677,0.6712062256809339,0.6176595663794293,0.4429496331921036,1.3588703584955282,1.2394687168444094,0.8046171404522207
Lou Williams,2018-19,GSW,0.554,0.5326122582759751,0.543808490472439,-0.0926176723114063,0.7245580533300119,2.605620488008207,0.8001284500255624
Nikola Jokić,2022-23,PHX,0.701,0.6632914637272495,0.6592170966948043,0.033704051869037084,1.9645196204474424,1.1600064710841527,0.7929279410370618
Anthony Edwards,2022-23,DEN,0.564,0.6023177798109179,0.5318805544067091,0.5826720763322603,1.3825208760056287,0.9697757689804422,0.7920093879628088
OG Anunoby,2023-24,IND,0.595,0.6110520722635494,0.5384902147777169,0.6002474958542203,1.3689556067748183,0.9247646522283893,0.783516688299779
Gabe Vincent,2022-23,MIL,0.533,0.5387931034482759,0.5059070900563281,0.27204026841511286,0.6974934448199728,2.0443572652991375,0.7806767714750671
Marcus Morris Sr.,2018-19,MIL,0.568,0.7721202003338898,0.5518709478053239,1.8219498077188543,0.30084742742656684,0.2091376037119699,0.7651786904862331
Eric Bledsoe,2018-19,DET,0.577,0.6030701754385964,0.544220949616143,0.4868136188462941,1.4590711289322624,0.8734029699790345,0.7535032913240272
Payton Pritchard,2023-24,IND,0.597,0.805489260143198,0.5402252176206994,2.194321958962877,0.4653063798123998,-0.5435303435353466,0.7484566947062703
Andrew Nembhard,2023-24,NYK,0.573,0.6368483412322276,0.5273054898801661,0.9061623350207645,0.8340483532343234,0.8879089494087922,0.7476461429180465
Brook Lopez,2023-24,IND,0.608,0.6495098039215687,0.5518767826401563,0.8076416256060122,1.2063269210922485,0.6370675783276244,0.7435231938170724
Maurice Harkless,2018-19,GSW,0.547,0.628140703517588,0.5154924759402668,0.9318506837963086,0.8612125489161903,0.7983918743942404,0.7410488451563157
Rui Hachimura,2022-23,MEM,0.556,0.6874209860935524,0.5210727967890028,1.376068468057548,1.3816488211110833,-0.3462870844419135,0.7404643979874341
Lonnie Walker IV,2022-23,MEM,0.57,0.5714285714285714,0.5329534134014635,0.3182748906734651,1.0127378985181308,1.4746768848581815,0.7332499075797909
Draymond Green,2018-19,HOU,0.526,0.6084411583487369,0.48827870693441233,0.994009980673873,0.3723647291723353,1.1572486087742015,0.7303068277224898
Andre Iguodala,2018-19,LAC,0.587,0.5738332058148431,0.5334867335050866,0.333754810166091,0.9620120876618754,1.4894589057236811,0.7296819319045209
Kevin Durant,2018-19,TOR,0.631,0.935374149659864,0.5922559052649661,2.838348880748346,2.808621525014984,-3.8756039523408337,0.7266765014304588
Tobias Harris,2022-23,BKN,0.602,0.6511254019292604,0.5533558237625988,0.8087712539156026,1.6582984507324001,0.11477137906734423,0.7263373963203971
Devin Booker,2022-23,DEN,0.601,0.6747884447038225,0.5700343441561453,0.8665487449309195,0.3892751374403551,1.2987367602778697,0.725295035155378
Lonnie Walker IV,2022-23,GSW,0.57,0.6539980256663376,0.523625581555639,1.078469264945709,0.7980721565423635,0.5818167146653229,0.7224364605329198
Anthony Edwards,2023-24,PHX,0.575,0.6482643245503973,0.5487556316775988,0.8231575897059422,0.9079547329506097,0.8291202691360948,0.7223739069187559
Josh Green,2023-24,OKC,0.588,0.5930656934306568,0.53764741256909,0.4584320945504487,0.5815761602478106,1.647059073379547,0.7176100414994964
D.J. Augustin,2018-19,TOR,0.616,0.6661115736885929,0.5678731993968957,0.8126492376093595,0.8075109250866965,0.9182071310904025,0.7158567472075505
Klay Thompson,2018-19,TOR,0.571,0.7062146892655367,0.5528259906032102,1.2688647376808897,0.9641748405476916,0.10811307118057359,0.7121746361203777
Derrick White,2018-19,DEN,0.555,0.6131420638593243,0.5262787964788656,0.7185518746817641,1.7530981137522115,0.05614338022424738,0.7038035296327321
Malcolm Brogdon,2018-19,BOS,0.614,0.563063063063063,0.5708132398204386,-0.06411115084740784,0.6879926074643987,2.191451086760693,0.6974220207596802
Ricky Rubio,2018-19,HOU,0.52,0.5147058823529412,0.4961040458340795,0.15387844489670618,0.2147612451422416,2.3546550597899647,0.6962115319468988
Isaac Okoro,2022-23,NYK,0.614,0.62402496099844,0.5559097254481393,0.5634640703150573,1.354007746214529,0.5940041979537876,0.6842154106523493
Sam Hauser,2023-24,MIA,0.629,0.6896551724137931,0.573720583602803,0.9590361799968069,1.4288863907790548,-0.03951081325644632,0.6830065573795345
Jimmy Butler III,2018-19,TOR,0.571,0.5638547158758055,0.5479275533264449,0.1317529590278666,0.779058379149009,1.7665003440701728,0.6825032164645488
Draymond Green,2018-19,TOR,0.526,0.5415944540727904,0.5090684966595935,0.26906180690515463,0.20365884110035343,2.1382976251803547,0.6796607489869811
Nikola Jokić,2018-19,SAS,0.589,0.5741423305925716,0.5604832343068036,0.11299102069933531,0.6264291839119015,1.8748002948965434,0.6648542269468786
Payton Pritchard,2023-24,CLE,0.597,0.7042253521126761,0.5497195681882483,1.2781055103742147,1.4653928345019063,-0.6294594139688874,0.6563202837642299
Devin Booker,2022-23,LAC,0.601,0.697151424287856,0.5702397402338633,1.0498411036807418,1.0497022596648933,0.051978652033083085,0.6428646142127538
Jalen Brunson,2022-23,MIA,0.597,0.6316218418907905,0.5595535864395953,0.5961643122712,1.087914304295653,0.6434080879924021,0.6414881073669337
Andrew Nembhard,2023-24,MIL,0.573,0.6807742782152231,0.5228894648872442,1.3060575778677366,0.6426285516340291,0.08484696193282003,0.63898903064542
P.J. Tucker,2022-23,BOS,0.566,0.6679389312977099,0.5145436961361898,1.2689188090264782,0.39194965496419354,0.3709403257658482,0.6348440783417778
Andre Iguodala,2018-19,HOU,0.587,0.6634993446920052,0.5336992791963833,1.0737344243244178,1.125541020691128,-0.09624442327974793,0.6331311978663912
Bogdan Bogdanović,2022-23,BOS,0.586,0.700770847932726,0.5474552489339384,1.2682600413361815,0.5329743120735368,0.21545834338544426,0.6309991783324088
Marcus Smart,2022-23,ATL,0.538,0.6127450980392157,0.483066059858547,1.0727332600041024,0.928327080500465,0.06970418486894253,0.6249644573437877
Jamal Murray,2022-23,LAL,0.571,0.6513026052104208,0.539161911151242,0.92765225594616,1.81099288246563,-0.6118334039293782,0.6244681592152189
Jamal Murray,2022-23,MIN,0.571,0.5981703026038001,0.5315305042220551,0.5512589325691191,1.1861461738304626,0.538884160584525,0.6241982100029386
Rui Hachimura,2022-23,GSW,0.556,0.7061298076923077,0.5092998940782689,1.62821993330445,0.37999864829415625,-0.19311578965367887,0.6165976913166767
Gabe Vincent,2022-23,BOS,0.533,0.650328587075575,0.5035771971490675,1.2139594735941135,1.0292937536051698,-0.27071101400590813,0.6145315006577552
Derrick Favors,2018-19,HOU,0.624,0.6650135256988278,0.5753157399068702,0.7419996286038159,1.4101135011281059,-0.05789175302988613,0.5977553070358905
Isaiah Hartenstein,2023-24,PHI,0.67,0.6275303643724697,0.6091162825653436,0.15232529701076447,1.0357333704605474,1.1215435648395011,0.5926330877787798
Jalen Brunson,2023-24,PHI,0.592,0.5253551696921863,0.5618647776447627,-0.3020154321770512,1.0462918003261643,1.7406247536240749,0.5910237372255919
Evan Mobley,2023-24,BOS,0.626,0.6556372549019608,0.5781950713779123,0.6406186162319373,1.3387244069931379,0.09507008191625804,0.582665137908527
Tyrese Maxey,2023-24,NYK,0.573,0.5953964874933475,0.5425450725189924,0.4371984206289491,0.5098616798269306,1.2010208071691384,0.5807400689691494
JaMychal Green,2018-19,GSW,0.587,0.6962025316455697,0.5495890156941463,1.2128189500304234,0.7670498013653988,-0.19403969760143944,0.567739158451638
Kawhi Leonard,2018-19,ORL,0.606,0.6792415949960907,0.5792727822641026,0.8269638014381222,1.313005971587094,-0.23034265549280092,0.5601031595269161
George Hill,2018-19,TOR,0.554,0.6509357200976404,0.5282129602734031,1.0151894097143255,0.5912926680702478,0.19652124982081293,0.5522697728727791
Michael Porter Jr.,2023-24,LAL,0.601,0.697503671071953,0.5563882132239197,1.167337815410003,0.8606317524370044,-0.3071478450483501,0.5469392122406647
Mikal Bridges,2022-23,PHI,0.587,0.539485766758494,0.5446329380889334,-0.042578522778749385,0.864578613715736,1.3766370546688824,0.5454014341235923
P.J. Tucker,2018-19,GSW,0.547,0.6377551020408163,0.5099137001528393,1.057531932182603,0.11459495441528378,0.583131203417733,0.5445677157221652
Obi Toppin,2023-24,MIL,0.677,0.5876747141041931,0.6223542837063192,-0.2868769561893121,2.234626542189296,0.3363745318848095,0.5423433338522672
Kyle Lowry,2022-23,DEN,0.565,0.6141947224749772,0.515153064032444,0.8192941791351863,0.24031029752934652,0.7750124872715897,0.5405836588975492
P.J. Tucker,2018-19,UTA,0.547,0.6361323155216285,0.5212892119028318,0.9500071766598399,0.6206022962526477,0.20311292472729586,0.5384313170759298
Jamal Murray,2022-23,MIA,0.571,0.5506381226842322,0.5326943017796772,0.1484351963580681,-0.13984279079781728,2.0787769392827027,0.5366858558465452
Pat Connaughton,2018-19,TOR,0.573,0.6123919308357348,0.5371363939154594,0.6225301990702182,-0.3360873601233143,1.608329891973019,0.5359462026370025
P.J. Washington,2023-24,OKC,0.537,0.6134259259259259,0.5032609801913355,0.9113084353031468,0.8529049436497291,0.011636722167788069,0.5350933688104806
Terance Mann,2022-23,PHX,0.619,0.716991341991342,0.565318675097576,1.2546693489797964,0.5454336905474124,-0.16841336743515972,0.5333893529209919
Daniel Gafford,2023-24,BOS,0.731,0.7331378299120235,0.6405001701961464,0.7663189062808571,1.5889291352602233,-0.5389111664596018,0.5307161093984553
Terry Rozier,2018-19,IND,0.501,0.5185979971387696,0.5038431577668956,0.12205524626251288,0.5447798345712581,1.4027076162512524,0.5295911988975072
Max Strus,2022-23,NYK,0.557,0.6239364719228588,0.5069664562516805,0.9676014565966998,1.0557193338570383,-0.29355298557376064,0.5292020968796645
James Harden,2023-24,DAL,0.612,0.6160263872720217,0.5654214978864458,0.4186146714560398,0.7519560434422844,0.7541030149520432,0.5230298996081958
Nickeil Alexander-Walker,2023-24,PHX,0.578,0.5614115490375802,0.5281670371695102,0.27500584592395594,0.6792603632781772,0.9891317454594531,0.5133500732577921
Derrick White,2022-23,ATL,0.604,0.6948156066274719,0.5524506868684169,1.1776736365871612,0.8439251768850544,-0.4394922104342002,0.5132940144182199
Brook Lopez,2018-19,DET,0.597,0.6841505131128849,0.5514218622868874,1.0979603202959556,0.07783226980243106,0.4357081197121438,0.5126712094822281
Karl-Anthony Towns,2023-24,PHX,0.625,0.6763879128601545,0.5871462266553118,0.7382266734382283,0.8609321368273908,0.10139135951608631,0.49896020978924915
James Ennis III,2018-19,BKN,0.59,0.6398537477148081,0.5436714954095152,0.7956405485229351,0.6655836527521306,0.20226862564068754,0.4954372615812318
Shai Gilgeous-Alexander,2018-19,GSW,0.554,0.5959302325581396,0.5266639600037593,0.5729856992158787,0.6391715215975405,0.5359817698955051,0.49433331759881893
Serge Ibaka,2018-19,GSW,0.582,0.6101938262742282,0.5518922148527985,0.48228363319960144,0.938809771567006,0.3481283140675072,0.49053379302848876
Jonas Valančiūnas,2023-24,OKC,0.619,0.5860953920776071,0.5737938881317333,0.10176072105366456,1.900055072669917,-0.08123018024418686,0.4903224754752151
Kyle Lowry,2018-19,MIL,0.562,0.709176122348298,0.5475298808644908,1.3371729311621625,0.7476326972787143,-0.6612041016311545,0.48961767481864676
Pat Connaughton,2018-19,DET,0.573,0.7075471698113207,0.5282215229538296,1.483420824634534,0.2289273016610015,-0.3518570148082484,0.48846486033527514
Jaden McDaniels,2023-24,DAL,0.571,0.686046511627907,0.5184697422109481,1.386231550446583,0.11904778150773523,-0.12097617999161007,0.4846989430353353
Myles Turner,2023-24,MIL,0.626,0.6044995794785534,0.5835805512354462,0.17304675973985978,0.8497088547522718,0.8378122343699239,0.48244663818949984
Dereck Lively II,2023-24,LAC,0.728,0.7116004296455424,0.6657915606101452,0.3789409460993981,1.016992852742182,0.3614065456244477,0.47722918072644677
Royce O'Neale,2018-19,HOU,0.589,0.5667236954662105,0.5362614055775246,0.25199069948339087,1.1080555287362772,0.4423599147298259,0.4758006056857126
Luguentz Dort,2023-24,NOP,0.593,0.6740196078431372,0.5438853816289393,1.0764986745998084,-0.29370584503667263,0.6893493601197654,0.47568541488070615
RJ Barrett,2022-23,MIA,0.531,0.5566441040256501,0.49346567464337876,0.5226257339968916,0.6240677449281767,0.5353620878953662,0.47277646510479776
Brook Lopez,2018-19,TOR,0.597,0.6134564643799473,0.5560923440100594,0.47452850294837273,0.8070982716321982,0.4097833274643829,0.47030537580607573
CJ McCollum,2018-19,OKC,0.553,0.5623156342182891,0.5363223987152226,0.2150217078292271,0.6610272927285209,0.9012947003384771,0.465838096006979
Khris Middleton,2018-19,DET,0.558,0.629555997349238,0.5324816453021703,0.8030201919693151,0.673948807535026,0.04174958878511868,0.45998166626929643
Tyreke Evans,2018-19,BOS,0.483,0.5631462333825702,0.4954365377911929,0.5601093554104659,2.400654403401995,-1.3572016335613823,0.4569014668538163
LeBron James,2022-23,DEN,0.583,0.6048387096774194,0.5542274926266131,0.41866701528158007,-0.5881461096654765,1.8152886241545243,0.453319083970815
Josh Hart,2023-24,IND,0.522,0.5575266092245311,0.4448875472843945,0.9317748636483885,0.12613997252560236,0.37670970719230323,0.4518336222064123
Gary Harris,2018-19,SAS,0.526,0.6136796949475691,0.5031781817826793,0.9140925944223198,0.31130654421294635,0.1685426092025506,0.43989469640168616
Damian Lillard,2023-24,IND,0.59,0.6395824805566926,0.5461946993089757,0.7725240750385768,1.4537305109394494,-0.7762100386037024,0.4397635443474386
Al Horford,2018-19,MIL,0.605,0.6048387096774194,0.5665308351173464,0.31689108538423166,0.25029216206949095,1.0445026606374217,0.43461058556120924
Kyle Anderson,2023-24,DAL,0.513,0.5647130647130647,0.4587274589795207,0.876736024164949,0.4182060266271784,0.09233032215718504,0.43449169565382295
Donovan Mitchell,2023-24,BOS,0.595,0.658259423503326,0.5713335902885113,0.7190694328962228,1.2061751565626098,-0.5182330384979696,0.42365983102983806
Bruce Brown,2022-23,PHX,0.571,0.6229773462783171,0.5228354680094391,0.8283954372690697,0.9454816012888231,-0.454526118398326,0.4126772737667987
Kawhi Leonard,2018-19,MIL,0.606,0.5743069815195072,0.5822217935087133,-0.06547304935799764,0.465783522753151,1.2296461219430508,0.40094184389875126
Nikola Jokić,2018-19,POR,0.589,0.6159232365145227,0.5613404275971547,0.4515208885844253,0.858064349178395,0.10472522931731267,0.39872970562847576
Derrick Jones Jr.,2023-24,OKC,0.592,0.5847509113001215,0.5432551692855105,0.3432618195826383,0.6673246840449085,0.4311991730152129,0.3947726011189538
Kevin Love,2022-23,MIL,0.548,0.6529850746268656,0.5189786119360205,1.1085306584684227,0.6535870786690697,-0.6407470357602222,0.39119574119115985
Malik Beasley,2023-24,IND,0.603,0.6463414634146342,0.5439334814261916,0.8471411410057769,0.29465385969030905,0.07481440051676808,0.3888664644037912
Rudy Gobert,2023-24,PHX,0.675,0.7142857142857143,0.6160120824837583,0.8129408954165909,0.2927978426228002,0.12179691912565865,0.3881780038329215
Caleb Martin,2022-23,NYK,0.571,0.5912162162162162,0.5170850494122228,0.6132291644757918,0.530517962661916,0.1603929317631113,0.38735793117278394
Patrick Beverley,2018-19,GSW,0.561,0.5839271575613618,0.5230040645348224,0.5039691002399429,0.04168834991008466,0.7959702062860075,0.385803824133003
Jaylen Brown,2023-24,CLE,0.58,0.6758317929759704,0.5509485742221019,1.0330611967294283,0.6205267662224737,-0.5395941409455842,0.38180457517452226
Obi Toppin,2023-24,BOS,0.677,0.6637168141592921,0.6066497913327245,0.47207084733450877,0.6852808272222761,0.17805702506094775,0.381059259637884
Grant Williams,2022-23,MIA,0.605,0.6517960602549246,0.5486219689725869,0.8534785640148422,0.10624274940720421,0.2204502173886491,0.3803907391041581
Stephen Curry,2018-19,TOR,0.641,0.5977266788607264,0.5993945064674768,-0.01379663337124399,0.43833210919326593,1.0817962793442502,0.37520327545444365
Derrick White,2022-23,MIA,0.604,0.7171543316121629,0.5539003675922687,1.3504723622923964,0.8669971598680805,-1.2597433389844137,0.37447878202325535
Luke Kennard,2022-23,LAL,0.684,0.7269789983844911,0.6207983628943379,0.8783493528072678,0.010776337952170634,0.22723161159778052,0.3669242608700315
Anthony Davis,2023-24,DEN,0.621,0.6654538490999617,0.5827205188853972,0.6843881345604844,0.34876020084622766,0.14680854696308177,0.3634280340484969
Rui Hachimura,2022-23,DEN,0.556,0.6174089068825911,0.5108554323741858,0.8814335584053152,0.5339947338711166,-0.32311287367076896,0.36122221049194725
Draymond Green,2018-19,LAC,0.526,0.5131128848346637,0.4877100635063052,0.21013767312883996,0.2416744812055669,0.9021307467981889,0.3594994925960329
Aaron Gordon,2018-19,TOR,0.538,0.5400795906765208,0.527731041600829,0.1021498886183305,0.1082904180913374,1.179282106796047,0.35764559223826176
Dejounte Murray,2022-23,BOS,0.54,0.537584143605086,0.5182938316283903,0.15957366389799266,0.23676005586293036,0.9649240649256379,0.35627181256143947
Anthony Edwards,2023-24,DEN,0.575,0.6094496104548882,0.5507396019572548,0.4856619828008819,0.34221990454351026,0.3913229210891729,0.3533674003884794
Kyle Anderson,2022-23,DEN,0.583,0.550518134715026,0.5298713739449175,0.17079450387799835,-5.508035703011166e-05,1.1692879532126164,0.352086294571196
Kentavious Caldwell-Pope,2022-23,LAL,0.598,0.6308810949529513,0.5459811579423646,0.7023107780659512,0.7937102792618703,-0.36886671009431127,0.35201966461497264
Marcus Smart,2022-23,PHI,0.538,0.5824175824175825,0.4911751131861599,0.7547775865910048,0.46143854134995144,-0.1258095649995647,0.3480793993944483
Ben Simmons,2018-19,BKN,0.582,0.6460336538461539,0.5505067419585132,0.7902194297939303,0.03370756983585268,0.2493690441428945,0.3473459539225624
Damian Lillard,2018-19,OKC,0.588,0.6242433414043583,0.5640179478781036,0.49819757794964925,1.1118783844660631,-0.42060857106769745,0.3471866056319686
Josh Hart,2023-24,PHI,0.522,0.5477223427331886,0.4714276820684351,0.6311260571024832,0.5458923543685386,-0.04493414881979547,0.3461336713730549
Bruce Brown,2022-23,LAL,0.571,0.6269191402251791,0.528004359576387,0.8182446183795583,0.5596072637319055,-0.3248646003291052,0.3450712822835455
James Ennis III,2018-19,TOR,0.59,0.544770206022187,0.5465098416064407,-0.014390644607617253,0.676616818720498,0.7196026095617715,0.3440181314579013
LeBron James,2023-24,DEN,0.63,0.6369134897360703,0.59365424256854,0.357849918463273,0.22328701396551867,0.6468762248268618,0.3427882811602406
Austin Rivers,2018-19,GSW,0.503,0.5900109769484084,0.48642247974320707,0.85690662010498,0.2622909883930784,-0.10531170627682883,0.3391621375658054
Al Horford,2023-24,MIA,0.65,0.6954102920723226,0.5873070409138952,0.8942536485400089,0.24828822740625986,-0.14519175896970954,0.33876289409814064
Pascal Siakam,2018-19,ORL,0.628,0.5985169491525424,0.5800032494736793,0.15314935775182406,1.1369579940316408,-0.0006575242825459404,0.33767739265041213
Kyrie Irving,2018-19,IND,0.592,0.5455868089233753,0.570202033268856,-0.20362249927449053,-0.07435586639438273,1.7064141372336843,0.3367466929637537
Stephen Curry,2018-19,LAC,0.641,0.7096279248177982,0.6032515152622591,0.8799688385339675,0.03288024474581333,0.06804689342746496,0.33322087803020817
Nikola Jokić,2023-24,LAL,0.65,0.6721967963386728,0.6126026203323709,0.49297600908662775,0.25865583133456993,0.37838211500290136,0.33180108976468753
Myles Turner,2023-24,NYK,0.626,0.6542380731820288,0.5833536017769256,0.5863717927034962,0.3007368834391945,0.20221455707666436,0.3309679875751884
Kentavious Caldwell-Pope,2022-23,PHX,0.598,0.6831767719897524,0.5434751513767224,1.1556422457366122,-0.1785439758528048,-0.12207638289268895,0.32931969632144087
Shai Gilgeous-Alexander,2023-24,DAL,0.636,0.5989324726911619,0.6048893663891766,-0.04927672263628607,0.42384323847415917,0.9486768879595011,0.3258831786857149
Rudy Gobert,2022-23,DEN,0.675,0.6478921907394609,0.6207611956541306,0.22443350300372822,0.33780128833957385,0.644236645905456,0.32406120961256235
Gabe Vincent,2022-23,NYK,0.533,0.4431103487707262,0.48332230576348056,-0.3326420701538836,0.06837279079829602,1.6588047301421127,0.3153696556812429
Domantas Sabonis,2018-19,BOS,0.63,0.4835039817974972,0.5841659840905182,-0.8326980165282408,-0.5658910695245158,2.9906990645352107,0.31475769296778944
Jamal Murray,2018-19,SAS,0.538,0.5382000647458725,0.5183828022068759,0.16393271376826063,0.6980885802514842,0.317327990653613,0.31123059254516555
Al Horford,2023-24,DAL,0.65,0.6761978361669243,0.5918430096421783,0.6978015053512381,-0.4136047888772191,0.6680542577738793,0.30784289409709836
Donte DiVincenzo,2023-24,IND,0.597,0.5961307738452309,0.5458039934081269,0.4163140936362464,1.0168413041315418,-0.3706013553575629,0.30726991996618097
Jayson Tatum,2023-24,CLE,0.604,0.566452485627325,0.5730733786482274,-0.05476946971611494,0.2531711374817609,1.0502868680195592,0.3066951869746898
Kyrie Irving,2023-24,LAC,0.608,0.64697265625,0.5718593448644842,0.6213536784567174,0.4485992022529916,-0.11738782829730841,0.3002766309487719
Ivica Zubac,2023-24,DAL,0.671,0.6154822335025381,0.6189446963530867,-0.028642247146661987,1.225106540540937,0.0057285773716052035,0.2976839929768038
Norman Powell,2022-23,PHX,0.612,0.6079875055778671,0.5725060328507008,0.2935104735688398,0.9006291653235556,-0.1256927957418731,0.2964627581445145
Grayson Allen,2022-23,MIA,0.612,0.6578947368421053,0.5575279942534246,0.830255563918872,0.20528294864449442,-0.19015164659604164,0.2943722728837184
Daniel Gafford,2023-24,MIN,0.731,0.7508342602892102,0.6415518329687651,0.9040080506866229,0.7478760314587762,-0.8446032887786546,0.2922210034103485
Paolo Banchero,2023-24,CLE,0.546,0.5540572232645403,0.5233356241185536,0.2541357621614928,0.8344613620391773,-0.03669052637684823,0.28839022567210476
Fred VanVleet,2018-19,MIL,0.539,0.6444444444444445,0.5352432907262004,0.9033357377402553,0.06015941068307547,-0.17185524764546656,0.2882435489684916
Jaden McDaniels,2023-24,PHX,0.571,0.6058673469387755,0.5236849579986191,0.6798306282922527,0.4398309363345705,-0.25508147203095327,0.2841280859781927
Jaylen Brown,2018-19,MIL,0.547,0.6023200475907199,0.5440248694275567,0.4822304158854577,0.5177374543145421,-0.0597569940442261,0.28327576062748916
De'Anthony Melton,2022-23,BKN,0.566,0.5712008501594049,0.5166105550187206,0.45158281625489505,0.7319533309558156,-0.2470895838501023,0.27926992246564153
Jaden McDaniels,2023-24,DEN,0.571,0.6043451652386781,0.5258328610950211,0.6494708871692867,0.2140270194578708,-0.014058039483691269,0.27730705550279516
Trae Young,2022-23,BOS,0.573,0.521081467365412,0.553480381595076,-0.26801087800913104,0.3381380735368743,1.1237349244281993,0.27166444218807256
Anthony Edwards,2023-24,DAL,0.575,0.5390953716690042,0.5439384529407814,-0.04006302355435546,-0.5338278032783645,1.6703946515021808,0.27011965381192965
Cory Joseph,2018-19,BOS,0.474,0.6028938906752411,0.4732983411600429,1.0720426235717226,0.7370976322075635,-1.162194235077025,0.26894076753273755
Bruce Brown,2022-23,MIN,0.571,0.6217277486910995,0.5203729526472001,0.8384289573905168,0.42064880533163673,-0.5273873699864073,0.2667654939229882
Luke Kennard,2018-19,MIL,0.56,0.604351329572925,0.5449943169338212,0.4910141420368934,0.7141419650561476,-0.33615530363129276,0.2663516150691264
Mike Conley,2022-23,DEN,0.583,0.6404782237403928,0.5323205925833001,0.8947034917379965,-0.28436312566894595,0.09642119535592854,0.2661607395300444
Nikola Jokić,2023-24,MIN,0.65,0.5957971354778117,0.6063806747554461,-0.08754934298526207,0.8356874799458434,0.3380393674507187,0.2627894418042988
Steven Adams,2018-19,POR,0.591,0.6480667838312829,0.5476780070711655,0.830437835386091,-0.25354091837235326,0.14170406351751866,0.26269402867142316
Nic Claxton,2022-23,PHI,0.691,0.7142857142857143,0.6352683927493472,0.6536485010816134,0.035855568542295234,0.09677245021938267,0.26193398006898416
Jamal Murray,2018-19,POR,0.538,0.5297970716670948,0.5205104890602199,0.07682063480676954,0.7855784833043211,0.14996343973333848,0.26077270294178423
Gabe Vincent,2022-23,DEN,0.533,0.4944482997918112,0.48547965675530125,0.07419056940385774,0.6400975575013729,0.29793968373183766,0.26047600959965284
Jalen Williams,2023-24,NOP,0.621,0.5942393736017897,0.5787628729566632,0.12802498555990247,0.38760587777004984,0.4547179561589133,0.25538970342820666
Devin Booker,2023-24,MIN,0.611,0.6623314065510598,0.5802139678265699,0.6792933459560532,0.048575166844350766,0.019238059755253032,0.25470597773451953
Brook Lopez,2022-23,MIA,0.63,0.6531903190319032,0.581167855358584,0.5957855127068952,0.36030128643860765,-0.1793998230357136,0.2537502952981368
Daniel Gafford,2023-24,OKC,0.731,0.6138392857142857,0.6576066524442863,-0.3620531941997976,1.0881548653944675,0.4311716552859506,0.25311301220017535
Khris Middleton,2023-24,IND,0.595,0.5817610062893082,0.5462460737992623,0.2937872600180329,1.489002702557327,-0.8892579378953908,0.25276173217179554
Malcolm Brogdon,2022-23,PHI,0.615,0.5932203389830508,0.571525876890391,0.17946131750507985,0.8759957773915522,-0.14742254168642685,0.2449547700530593
Jayson Tatum,2018-19,IND,0.547,0.5970843672456575,0.5351996547434945,0.5119238260725939,0.6980134596740173,-0.4439670994470679,0.24268492918214518
Isaiah Hartenstein,2023-24,IND,0.67,0.6615214994487321,0.6213096565178431,0.33264112660927975,-0.4886236570660065,0.9857929421565897,0.2407167155858937
Jrue Holiday,2023-24,DAL,0.597,0.6232686980609419,0.5449551703755762,0.6478265649942736,0.12931369046450752,-0.07649888306021602,0.23994299959906862
Santi Aldama,2022-23,LAL,0.591,0.5755608028335301,0.542837409415698,0.270695040555449,0.3660648549428819,0.19268326782104261,0.23443029488538827
Shake Milton,2022-23,BKN,0.575,0.6944444444444444,0.5269534476728153,1.385522020435144,2.2280634405323116,-3.245121609776333,0.23066816484129504
Kawhi Leonard,2018-19,GSW,0.606,0.605695664494191,0.5782010498968184,0.22744144283754095,0.2667022721374728,0.33283196237156587,0.22948806362039897
Pascal Siakam,2023-24,BOS,0.601,0.5815407703851927,0.568382070190361,0.10885163520223147,0.542095183267245,0.2170293504641842,0.22787920575363835
Marcus Smart,2022-23,MIA,0.538,0.5822784810126582,0.4894452682216408,0.7679365639280924,0.1271133510881972,-0.29127407557310425,0.22773761625360556
Draymond Green,2022-23,SAC,0.592,0.5309239940387481,0.5317690840299203,-0.006990768546293055,-0.2692312857251172,1.1862000494186777,0.22679542193218757
Kevon Looney,2022-23,LAL,0.639,0.576923076923077,0.5767767030640296,0.0012108364559004659,0.2545887294925186,0.6501194338116862,0.2266008335856164
Jaylen Brown,2022-23,PHI,0.581,0.6453694740238787,0.5502998524677405,0.7864366245313131,-0.42571878546737935,0.2307341705568008,0.22650666485831492
Jayson Tatum,2022-23,PHI,0.607,0.5864340189507742,0.5769046794946828,0.07882877235854191,0.2119911709471146,0.5801604096547526,0.22562796547595645
Donte DiVincenzo,2022-23,SAC,0.593,0.5095541401273885,0.535197931114155,-0.21213102664882819,-0.6487236583179417,1.84552831300807,0.2249553043454422
Aaron Nesmith,2023-24,NYK,0.631,0.6371141421392678,0.5773629441168551,0.4942749294179173,-0.19156280221748287,0.3885837733244299,0.22225146807300777
Naz Reid,2023-24,DAL,0.595,0.601145038167939,0.5514063610113247,0.4114491751563612,0.3759546683018393,-0.07106132677102535,0.2202305466874299
Jalen Suggs,2023-24,CLE,0.602,0.5409663865546218,0.5570899428994605,-0.13337757129692332,0.3581146326205077,0.7024887710939578,0.2184687009746932
Jarrett Allen,2023-24,ORL,0.664,0.7018992568125516,0.6105459105730089,0.755694785361515,0.68692222161003,-0.8763057198612924,0.21714730031371463
Mike Conley,2023-24,DEN,0.627,0.5793539325842697,0.5736815437516072,0.04692323639843296,-0.006818696714635754,0.8045205903196782,0.21584860614071213
Giannis Antetokounmpo,2018-19,BOS,0.644,0.625,0.6049661713697068,0.16572419566373406,0.5611072019047495,0.06838419722370591,0.21537631826442077
Bam Adebayo,2023-24,BOS,0.576,0.5318147590361446,0.5513574807897934,-0.16166165257130882,0.6838980423711521,0.40244705621451976,0.2150046962464599
Austin Reaves,2022-23,MEM,0.687,0.5718576709796672,0.6217058958690664,-0.41235537787165827,0.45937491545663695,0.9719379993094135,0.21350384643643222
Draymond Green,2022-23,LAL,0.592,0.5401234567901234,0.5398848237947698,0.001974024134059504,0.12313940395187332,0.7225641291507368,0.21211679172257336
Andre Iguodala,2018-19,TOR,0.587,0.5003639010189228,0.5414700191902677,-0.3400387662547768,0.46133214794027216,0.8605770768776543,0.21146373801530974
Paul George,2023-24,DAL,0.613,0.5518867924528302,0.5748501988668824,-0.18995830142590775,-0.23241713897212232,1.3282372520391217,0.20746962276768213
Khris Middleton,2018-19,BOS,0.558,0.5660377358490566,0.5414953007481058,0.20302037078346158,-0.039998751922522544,0.5640239409108972,0.20206342702130523
Monté Morris,2018-19,SAS,0.577,0.4761080332409972,0.537522754861061,-0.5080359590880779,0.3511246174292633,1.1628166625361698,0.200672734310531
Myles Turner,2023-24,BOS,0.626,0.6700351493848857,0.582821373250413,0.721451359468422,-0.10597441993165788,-0.10816856998797725,0.19897222833403888
Derrick Jones Jr.,2023-24,LAC,0.592,0.6232361241768579,0.5391970295161375,0.6951897025762095,0.08695936261458898,-0.2656196204558971,0.19865133144134628
Patrick Beverley,2023-24,IND,0.539,0.5372807017543859,0.46650649040743253,0.5854596974775705,-0.2788647257303567,0.2482576487492069,0.19725912487186223
Maurice Harkless,2018-19,DEN,0.547,0.4865269461077844,0.5149080672151112,-0.23477481785157456,-0.048597090162317766,1.1619251917572597,0.19616083915068439
Markieff Morris,2018-19,POR,0.521,0.4759519038076152,0.5014578014626134,-0.21099034296242908,-0.32407113741793725,1.3989668719526815,0.1948773135968359
Kevon Looney,2022-23,SAC,0.639,0.5893909626719057,0.5808051104318661,0.07102404052796402,-0.39176553299350214,1.0690352075413934,0.1941758328217602
RJ Barrett,2022-23,CLE,0.531,0.5415836653386454,0.508279161423616,0.27550211320826073,-0.03704164117380777,0.41863580470501544,0.19182428050569317
Caris LeVert,2022-23,NYK,0.546,0.5456926658905704,0.4978984340723096,0.3953642996361891,0.5479991919633058,-0.3419136341342069,0.1898988943299409
Jarred Vanderbilt,2022-23,MEM,0.604,0.6391200951248514,0.5520483413930897,0.7202765192074885,0.3286487428064858,-0.585519130476698,0.18787918480506793
Jamal Murray,2022-23,PHX,0.571,0.5518518518518518,0.5339930195842941,0.1477321518343854,0.6507158734134699,-0.1248358600653755,0.1831762564790585
De'Aaron Fox,2022-23,GSW,0.599,0.5244755244755245,0.5644188949901523,-0.33042026428366805,0.04025102984260382,1.1400688487164188,0.17943287714047185
Mitchell Robinson,2022-23,CLE,0.652,0.6090133982947624,0.586458613816796,0.1865780917346876,0.22438448397515215,0.23037236314956794,0.17899154388832067
Pat Connaughton,2023-24,IND,0.574,0.5216383307573416,0.5040125945215792,0.14580393066934672,-0.2425927196674198,0.7450328022053189,0.17664139636874612
Jaylen Brown,2023-24,IND,0.58,0.5964314354450682,0.5353426018599439,0.5053401422542887,0.7796175243942672,-0.79107187763415,0.17400546147903037
Naz Reid,2023-24,PHX,0.595,0.5542590431738623,0.5542333544938731,0.00021250235825796213,0.7029194889163587,-0.012853332701313983,0.17259091487915149
Jared Dudley,2018-19,PHI,0.554,0.4702194357366771,0.513704866192106,-0.3597209559045583,-0.7009423824905338,1.869499914939086,0.16623704854554266
Dennis Schröder,2018-19,POR,0.508,0.5483153210425937,0.49848586979325593,0.4122000782304227,-0.2672978212422098,0.34762979466037813,0.16435302073519
Jalen Brunson,2023-24,IND,0.592,0.5471380471380471,0.5536445456415182,-0.053823173342141616,0.9917406778425564,-0.25954254688968437,0.16421142206846845
Donovan Mitchell,2023-24,ORL,0.595,0.5539021164021164,0.5655114525788472,-0.09603495844870043,0.722523642927539,0.06875886472505048,0.16420839145610222
CJ McCollum,2018-19,DEN,0.553,0.5295397297916189,0.5344235811101166,-0.04040028226434151,0.7214052360756231,-0.025049755948463936,0.15994877123927026
Tyrese Haliburton,2023-24,NYK,0.605,0.6872693726937269,0.5657618919392287,1.005136356448464,0.8746961314735993,-1.6633300075914885,0.15463925572749004
Tobias Harris,2018-19,BKN,0.592,0.6014215418261345,0.5586309772834821,0.35397287366755165,-0.44257476671782525,0.561938145662882,0.15373135051990727
Jaylen Brown,2023-24,DAL,0.58,0.5349794238683128,0.5446828714158254,-0.08026903242773842,-0.4072026376534491,1.1256322938800507,0.15151325270694196
Jaime Jaquez Jr.,2023-24,BOS,0.574,0.4629629629629629,0.5410477015455231,-0.6459339716842887,0.5059908345988473,0.9988339063439977,0.15012929514621023
Serge Ibaka,2018-19,ORL,0.582,0.5863273453093812,0.5544414048315456,0.26376744736054325,0.0801875448899064,0.1403860805038651,0.147462012924633
Pascal Siakam,2018-19,GSW,0.628,0.5600527108433735,0.5802858532502357,-0.16737296265261875,0.23852468966986043,0.5787374330115646,0.14573499374193968
Caleb Martin,2023-24,BOS,0.531,0.6144067796610169,0.5106986369918294,0.8578963534529999,0.0721701620966649,-0.7070211500146966,0.141550976729042
Al-Farouq Aminu,2018-19,OKC,0.568,0.5425880425880425,0.5307558156689225,0.09787875923610928,0.2181048230660084,0.2097087346258555,0.14121095515560422
Luka Dončić,2023-24,MIN,0.617,0.6271291421492723,0.5932410168797699,0.2803299562195534,0.18494952332029208,-0.013381674192648999,0.14100744695875447
Derrick White,2023-24,IND,0.611,0.5791839557399723,0.5591736226281971,0.1655298356150399,-0.08852904116733666,0.417803803242578,0.1402541329840743
Tyler Herro,2022-23,MIL,0.566,0.6666666666666666,0.5410596201918738,1.039048857354013,0.17269079872383852,-1.0898523146399184,0.13437672109488458
Buddy Hield,2023-24,NYK,0.578,0.6152125279642059,0.5350576701354661,0.6630584491534818,0.46702968179344145,-0.8590080774797578,0.1340758582821395
Eric Gordon,2018-19,GSW,0.549,0.5945303210463734,0.52774254984322,0.5524829959900723,0.3643536224644964,-0.6196527792873251,0.12954425939081812
Russell Westbrook,2022-23,PHX,0.513,0.5086206896551724,0.4799094428722037,0.23750568937260633,0.7509372128925266,-0.5797270825329733,0.1259295238703005
Dorian Finney-Smith,2022-23,PHI,0.523,0.5434782608695652,0.47037299968515733,0.6047426496527767,-0.2721692309831745,-0.07193889086119265,0.12563289691738005
Nikola Jokić,2022-23,LAL,0.701,0.5975452196382429,0.6515646901073178,-0.44686083019255757,0.3079668316543851,0.8069003103415002,0.1223154949315762
Michael Porter Jr.,2022-23,LAL,0.621,0.5809450038729667,0.5771289758133802,0.03156701559525877,-0.5403549928482055,0.9811473677985845,0.1212465491959353
Josh Giddey,2023-24,NOP,0.547,0.6151574803149606,0.5141306364364757,0.8357160656196791,0.3453107731753059,-1.0346126428346227,0.12017515555205843
Jaylen Brown,2018-19,IND,0.547,0.6674757281553398,0.5347914516370973,1.097593246353349,-0.35884368368208835,-0.7076773092926808,0.11752738797997989
Nicolas Batum,2022-23,PHX,0.594,0.5789473684210527,0.5362497171866256,0.3532042745367384,-0.19704697992206396,0.1524305741564353,0.11246739464645127
Aaron Gordon,2022-23,MIA,0.617,0.641025641025641,0.5710038378798019,0.5792356128933628,-0.4311180840526956,0.06964926283212382,0.11236525920753401
Kentavious Caldwell-Pope,2023-24,MIN,0.602,0.5856047700170358,0.551965061310298,0.27827500028409885,-0.5491009717333087,0.5863415468681097,0.10670639388313483
Malik Beasley,2018-19,SAS,0.599,0.5652808169219548,0.5556917295533121,0.07932302010982654,0.23222836707447847,0.08059726616262294,0.10596946534771465
Jayson Tatum,2023-24,DAL,0.604,0.5050964688751365,0.5702718343010535,-0.539144824068606,-0.8057228975636928,1.9800682379701442,0.10488564667760081
Enes Freedom,2018-19,OKC,0.594,0.6156716417910447,0.5595598043446126,0.4641693457416803,0.01797382145125647,-0.2506071358682665,0.10430094240533559
Donovan Mitchell,2022-23,NYK,0.614,0.5182273052180129,0.5821707919596879,-0.5289544551746339,-0.8326912618556175,1.9892606242950153,0.10400828129872758
Nicolas Batum,2023-24,NYK,0.603,0.5842558425584256,0.5430672707300468,0.3407208408718476,0.0597624361220964,-0.12490298055596093,0.10296715819668051
Malik Monk,2022-23,GSW,0.587,0.580481843575419,0.5470274763437184,0.2767418152179537,1.1016349111162493,-1.0782698721264807,0.10270089507372593
Chris Paul,2018-19,UTA,0.56,0.5434782608695652,0.5453686307641943,-0.015637551667015488,0.4997902236664963,-0.06985255202526938,0.1020112748268513
Christian Braun,2023-24,MIN,0.554,0.5700325732899022,0.5231301758660369,0.3879868512011471,0.21002196516369195,-0.3517400213798515,0.10036588386636161
Terance Mann,2023-24,DAL,0.615,0.5654281098546041,0.5592824721882648,0.05083805386828496,0.024511826634518095,0.298071334729958,0.09843910919501876
Nikola Jokić,2022-23,MIN,0.701,0.5747630747630748,0.6628627852405427,-0.7287800013926996,0.8234707180686156,0.5857601644781414,0.09723472014924439
Kyle Lowry,2018-19,GSW,0.562,0.5488909008601177,0.5333472002524027,0.12858087829284603,0.04980686522071232,0.15756601503120773,0.09684652746547612
Jerami Grant,2018-19,POR,0.592,0.6342957130358705,0.5470378772551936,0.7218158304621184,-0.5160445790072584,-0.11680422551871765,0.09442333953024741
Bobby Portis,2023-24,IND,0.581,0.5117866004962779,0.528522278110956,-0.1384411718180645,0.816028058228504,-0.2648092691236321,0.0893502871398954
Jayson Tatum,2023-24,IND,0.604,0.5637346254193067,0.5660955782313999,-0.01953031609707046,0.05167234793433139,0.3157984981736906,0.08503210089303084
Jaylen Brown,2023-24,MIA,0.58,0.5654761904761905,0.5520878598347168,0.11075118829175486,0.7094798095610826,-0.5344536853759603,0.08251944694839478
Herbert Jones,2023-24,OKC,0.636,0.5617977528089888,0.578815494356719,-0.1407744661320691,0.22974360326620225,0.29468208092138853,0.0818353579006735
Derrick Jones Jr.,2023-24,MIN,0.592,0.5667892156862745,0.5479421141655074,0.15590733043403018,-0.5568474620849064,0.6504547881080159,0.07796939715768794
Bam Adebayo,2022-23,MIL,0.592,0.4997702205882353,0.5603152322300318,-0.500841528644007,-0.1762821083224455,1.1871367668161792,0.07741912959803099
CJ McCollum,2018-19,GSW,0.553,0.4809794490599038,0.5349620994783149,-0.44655624671062993,-0.11890335447245466,1.0524645901105603,0.07709562256080593
Stephen Curry,2022-23,LAL,0.656,0.5461496450027308,0.6176120402348058,-0.5911525045258482,-0.040504536512410545,1.1746389304509242,0.07663022190058152
Mike Conley,2023-24,DAL,0.627,0.5897138437741686,0.574186003013931,0.12844968217876068,0.4879002558737853,-0.37094308875230236,0.07419668054293697
Fred VanVleet,2018-19,ORL,0.539,0.4912663755458515,0.5209449900329923,-0.24550796580431095,-0.37241615537569667,0.9909361727385677,0.06870221630920892
Naz Reid,2023-24,DEN,0.595,0.5510440835266822,0.555397660689799,-0.03601373890792693,0.5273036865794586,-0.2064364203972344,0.06761200792778163
Franz Wagner,2023-24,CLE,0.575,0.5393919581562602,0.542217522489566,-0.02337368383620788,-0.22036875295031302,0.5208363957360147,0.06693612135375267
Pascal Siakam,2023-24,MIL,0.601,0.5705040871934605,0.5618151136711971,0.07187708224393977,0.3693669730654167,-0.20246722794579153,0.06688191506528521
Thaddeus Young,2018-19,BOS,0.569,0.4658385093167702,0.5393136593057317,-0.6078024504402801,-0.4381172240491446,1.5532545363093408,0.066053470410951
Derrick White,2023-24,CLE,0.611,0.5296610169491526,0.5636348728943033,-0.28103913904864297,0.10041934056934404,0.5526695992366679,0.06490853628447796
Kevin Durant,2018-19,HOU,0.631,0.5891538898353209,0.5938759552411972,-0.039061953943095855,1.0719848701440204,-0.765618094664796,0.06292000998972255
Rudy Gobert,2023-24,DAL,0.675,0.6413043478260869,0.6211458300182835,0.1667556517090155,-0.2780372275068929,0.29075518979299,0.061543968669679684
D'Angelo Russell,2022-23,MEM,0.605,0.5511463844797179,0.5649681058688667,-0.11433629098939696,0.1470700169602663,0.24964440664637647,0.05916090405537176
Marc Gasol,2018-19,GSW,0.546,0.6160164271047228,0.5250152247340136,0.7527817745487886,-0.04754633408949073,-0.7782137021013358,0.05703361204436935
Damian Lillard,2018-19,GSW,0.588,0.5464145383104125,0.5633338439650362,-0.13996018297578533,-0.8376917863989999,1.2517927795002068,0.05453918423377685
Kristaps Porziņģis,2023-24,DAL,0.647,0.6722383720930233,0.6062821651704342,0.5456041150690871,0.6680763935608904,-1.2313170360196108,0.05015127965950039
Kelly Oubre Jr.,2023-24,NYK,0.535,0.573794305636258,0.5022697777708516,0.5916664792070409,-0.6443218727797778,0.013064091567871312,0.04926882241948767
Rodions Kurucs,2018-19,PHI,0.545,0.5217028380634391,0.5169205421617313,0.0395601937284261,-0.044894220085616776,0.1806536776759137,0.04778593220252336
Michael Porter Jr.,2022-23,MIN,0.621,0.6123058542413382,0.5767781466005053,0.2938929388489609,-0.2454115456809083,0.017945361972829647,0.04599598267011664
Aaron Gordon,2023-24,LAL,0.607,0.5831643002028398,0.5580288381427929,0.20792601900561464,-0.4526100956324142,0.31869831124466563,0.039296160555027965
Jrue Holiday,2023-24,CLE,0.597,0.6159969673995451,0.5487670942733216,0.5561401594286874,-0.11316642038860576,-0.513962232259846,0.03786689263792764
Mason Plumlee,2018-19,SAS,0.602,0.5274936061381074,0.5549346166379268,-0.22699801806261563,0.12800421792669886,0.3370715780909435,0.03681964268249513
Kyle Lowry,2022-23,MIL,0.565,0.5536130536130536,0.5283502953143775,0.20897904122853306,-0.11664626254749597,-0.044383969645487666,0.032885106381740664
Malcolm Brogdon,2018-19,TOR,0.614,0.5475932936722553,0.5711806351906001,-0.19511962855979983,0.03982120725772411,0.3606986725543227,0.03183809995708176
DeMar DeRozan,2018-19,DEN,0.542,0.5565192252095981,0.5307797946228703,0.21292217825892124,0.5045684735553407,-0.675497519655775,0.031790500865513854
Paul George,2018-19,POR,0.583,0.58338772845953,0.558922092194895,0.2023850740755178,-0.033061990401709256,-0.12810988534122564,0.0305418069906975
Gordon Hayward,2018-19,IND,0.575,0.6149598393574297,0.5464593672544185,0.5666508310194839,0.13259689949835307,-0.8045191743976509,0.030347222131994894
Anthony Davis,2022-23,GSW,0.627,0.6439696485623003,0.590484983604378,0.44243680247384887,-0.7094453214869164,0.20920721418540505,0.029793354040469247
Kyle Lowry,2018-19,ORL,0.562,0.5393641180923543,0.5371276049073685,0.018500924387096218,-0.6444027136224991,0.7375906150886619,0.029772298902024347
Karl-Anthony Towns,2023-24,DEN,0.625,0.609984984984985,0.5870810367256423,0.18946645061462702,-0.19581803607819448,0.0437060170878837,0.028285252967541755
Jae Crowder,2018-19,HOU,0.538,0.5242825607064018,0.5054203453489805,0.15603235538403518,0.40780108577574053,-0.5234393042173306,0.025701769774014782
Marc Gasol,2018-19,ORL,0.546,0.685378590078329,0.5297806011299546,1.2871404683162897,-0.6795580926757534,-1.019978761941902,0.025614950256287516
Eric Gordon,2018-19,UTA,0.549,0.6188925081433225,0.5388203097674162,0.662374672148715,-0.17491119271711805,-0.6512966168922399,0.02527918284971073
Paul Millsap,2018-19,POR,0.57,0.5559606270506745,0.5367646145248723,0.15879359829299705,0.7466958665326169,-0.8688165710912362,0.025047583262894135
Spencer Dinwiddie,2022-23,PHI,0.573,0.5438365194462755,0.5307782655818072,0.10802072127089911,-0.36027180501633865,0.2965820657072021,0.02188481761753054
Taurean Prince,2023-24,DEN,0.579,0.568880688806888,0.529655459498745,0.32447964374557864,0.12194988373927035,-0.48905298690994103,0.02179209951828484
Kyrie Irving,2023-24,MIN,0.608,0.5847193347193347,0.5761496619383528,0.07089020051724515,0.3697077632283343,-0.3859299794256437,0.020756016131708452
Bobby Portis,2022-23,MIA,0.575,0.5671077504725898,0.5304941178973501,0.30287594652197375,-0.05620516218562929,-0.28732417101133684,0.020124247983449264
Russell Westbrook,2018-19,POR,0.501,0.4655341391702058,0.5020143045901304,-0.3017718771316294,-0.5050108466850873,1.0072322275876189,0.019935188229562584
LaMarcus Aldridge,2018-19,DEN,0.576,0.5165289256198347,0.5530144121099416,-0.30181589418360266,0.2187965529071731,0.28070703995333024,0.01924033525086491
Evan Turner,2018-19,DEN,0.504,0.4746835443037974,0.48836860222682366,-0.1132057810195985,-0.8549817581867974,1.0838731637457883,0.01760082803288826
Jimmy Butler III,2022-23,BOS,0.647,0.5187095226673063,0.6009601615824667,-0.6803952069566874,0.5062290528813745,0.5059120971750081,0.014896965079255059
Nikola Jokić,2022-23,MIA,0.701,0.6724260776629853,0.6611398138875744,0.09336243314972117,1.1297342162285815,-1.2057750446308135,0.013666644501844405
Josh Hart,2022-23,CLE,0.622,0.645017793594306,0.5649757876045929,0.6621249141514111,0.28800010579868845,-1.162164285848128,0.013202674940633985
Troy Brown Jr.,2022-23,GSW,0.561,0.45,0.5040167509429268,-0.4468383336796943,-0.3134405919675278,0.984272640512269,0.011314595348292322
Josh Giddey,2023-24,DAL,0.547,0.4883843717001055,0.5037661954963097,-0.12724179803618088,0.45439884760168725,-0.23319100839049237,0.010767330490135417
Jimmy Butler III,2018-19,BKN,0.571,0.5633200228180262,0.5434750309309015,0.1641620969780113,-0.23728484016086582,0.02405352863906674,0.004148906061854177
Bryn Forbes,2018-19,DEN,0.586,0.6254169446297532,0.5467156175931784,0.6510345257262953,0.015776269348610338,-0.9192449315903424,0.0019949184437703105
Dereck Lively II,2023-24,BOS,0.728,0.6972111553784861,0.6356487820960657,0.5092573658113768,-0.299988376993928,-0.40635740088092737,0.0016536335652680284
Ivica Zubac,2022-23,PHX,0.661,0.6209503239740821,0.6054679622838415,0.12807346940216813,-0.06329680124378091,-0.11816584822920005,-0.0005399480774863977
Austin Reaves,2022-23,GSW,0.687,0.5739455419113721,0.6328118705371284,-0.4869550969617985,0.24706871852335516,0.4284239483790438,-0.0015611172110297222
Kyle Anderson,2023-24,DEN,0.513,0.441449814126394,0.4742391409437905,-0.27124045600308205,-0.4185624622141919,0.7898676762620721,-0.002107856089108656
Dennis Schröder,2022-23,GSW,0.545,0.5543633762517882,0.4969748934007232,0.4747300347010873,-0.16871933609491804,-0.506554457140673,-0.002662936163517232
Rodney Hood,2018-19,GSW,0.545,0.5597014925373134,0.5199787293995961,0.32859535199302864,0.12236716844229496,-0.5963845488220092,-0.003495971897368527
Pascal Siakam,2018-19,PHI,0.628,0.5324146570623238,0.5804410024687228,-0.39728439381322767,0.7369653565211982,-0.19487403496172542,-0.0035267074447614746
Al Horford,2023-24,IND,0.65,0.6189320388349514,0.5975644460877945,0.17675738305649016,0.5214883532234308,-0.7867313855810842,-0.004445674019641799
Bojan Bogdanovic,2018-19,BOS,0.613,0.510783200908059,0.5724959457930077,-0.5105012724724324,-0.018550020347044126,0.7098684599410173,-0.005845835466858018
Maurice Harkless,2018-19,OKC,0.547,0.519652305366591,0.5169686943755472,0.02219941485835653,0.509684003082851,-0.5651633555935128,-0.006100042927240673
Giannis Antetokounmpo,2018-19,DET,0.644,0.5838523131672598,0.6078036406815261,-0.198130600028116,1.3461836849566196,-1.101129018130769,-0.008082043303377917
Jaylen Brown,2022-23,ATL,0.581,0.6136851795029149,0.5462733649561882,0.5576452185028785,-0.13261805859409173,-0.6820018290217554,-0.008479145427954304
Darius Garland,2023-24,ORL,0.56,0.546448087431694,0.5280001830389012,0.15260508480910945,-0.6028545944062219,0.3530059113027326,-0.009050391092684018
De'Andre Hunter,2022-23,BOS,0.563,0.5592841163310962,0.5295408815789209,0.24604251871698926,-0.06273361308072621,-0.332979991298769,-0.012813519543927565
Kyle Lowry,2023-24,NYK,0.594,0.544041450777202,0.5410873040581567,0.024437345348264992,-0.27946068097770255,0.16794610872641244,-0.019325572190929778
Rudy Gobert,2023-24,DEN,0.675,0.6107171000788022,0.6138977323447625,-0.026310883141994788,-0.49194376223112385,0.4388730230919581,-0.022476493884489607
Taurean Prince,2022-23,DEN,0.597,0.5275974025974026,0.5463232160330429,-0.1549040089660189,0.36001956749262154,-0.24208518158422432,-0.024732806661007314
Kevin Love,2022-23,NYK,0.548,0.4381694255111977,0.5001409153505911,-0.5126416671143512,-0.22884161439036835,0.8391711732816087,-0.026842193767212807
James Harden,2022-23,BOS,0.607,0.568853427895981,0.5703785908392558,-0.012616480189320822,0.11667854819501496,-0.21211924799518547,-0.028275943016304917
Chet Holmgren,2023-24,NOP,0.632,0.5737396538750941,0.5851948416071961,-0.09475980892684235,-0.034836689648292264,0.04893506048873503,-0.02964134041428413
Pascal Siakam,2023-24,NYK,0.601,0.5817819148936171,0.5637782465010928,0.1489302678189083,0.5217996364541583,-0.8681538452933185,-0.034462958473172156
Malcolm Brogdon,2022-23,ATL,0.615,0.5402485143165856,0.5707274646752591,-0.25212851852133056,0.2088810208240528,-0.0013179976815479695,-0.036354225696839486
Tyrese Haliburton,2023-24,BOS,0.605,0.6405563689604685,0.5695439472739718,0.587430225310673,-0.3107153922770496,-0.6851850762224578,-0.04337453826614132
Fred VanVleet,2018-19,GSW,0.539,0.6072874493927126,0.5157486885003746,0.7572285757700199,0.5834608418882801,-1.8205815318323761,-0.044250170966517066
Jimmy Butler III,2022-23,NYK,0.647,0.5524613726194754,0.6062453013487554,-0.44491237759804436,0.23391548289908368,0.19233375862927188,-0.049157021777226625
Rudy Gobert,2018-19,HOU,0.682,0.6647673314339981,0.6202267812993727,0.36844913579421884,-0.5391385096310073,-0.19153310545531457,-0.05371070624360389
Jayson Tatum,2023-24,MIA,0.604,0.5630165289256198,0.5735827802694853,-0.08740633343020277,-0.5193675825976073,0.4241859612205371,-0.05438762204483852
Marcus Morris Sr.,2018-19,IND,0.568,0.5478533094812165,0.5451752007756767,0.022153898753756222,0.45104653787976606,-0.7162193273578575,-0.058539332805708194
Jayson Tatum,2022-23,MIA,0.607,0.5882743951076841,0.576572331436686,0.0968020204859655,-0.7501566880837073,0.36586604579947013,-0.06219195340097136
John Collins,2022-23,BOS,0.593,0.5427841634738186,0.5489733163064205,-0.05119802080526528,0.012028816956672853,-0.19266801636063882,-0.06307910713283434
Klay Thompson,2022-23,SAC,0.576,0.5628517823639775,0.5311985438329858,0.2618424861520904,-0.33960305745765273,-0.28648338924801714,-0.06487674152318584
Eric Gordon,2022-23,PHX,0.587,0.5467409948542024,0.5377222314501908,0.07460517600471529,-0.45141067898717885,0.08553745883239278,-0.06535649343704616
Kevin Durant,2023-24,MIN,0.626,0.6527574426549536,0.589514013394933,0.5231634271486609,-0.04444723468361887,-0.9519921681502875,-0.0660026512064453
Jalen Brunson,2022-23,CLE,0.597,0.5324813631522897,0.5637870818396846,-0.2589677262836664,0.5035129474011045,-0.4055345030375426,-0.06614409310839275
Austin Rivers,2018-19,UTA,0.503,0.549645390070922,0.5043485316607212,0.37470548264416703,0.31441853923957314,-1.1130383091131906,-0.06850802354294588
Cedi Osman,2022-23,NYK,0.579,0.5179558011049724,0.5297288024829225,-0.09738883265471251,-0.06319309368257327,-0.07844441765625693,-0.06949546926385693
Onyeka Okongwu,2022-23,BOS,0.678,0.6122448979591837,0.6112207916303294,0.008471630698032705,-0.5012181077883204,0.20186095136817883,-0.07187421836072395
Iman Shumpert,2018-19,GSW,0.499,0.562888198757764,0.48382923198061345,0.6539929995875865,0.1288867155969201,-1.3444488323953951,-0.07499297934396354
JJ Redick,2018-19,TOR,0.602,0.6335149863760218,0.5650363188455436,0.5664704588444233,-0.6061271847139817,-0.494967896599624,-0.07700910973285331
Bruce Brown,2022-23,MIA,0.571,0.560582218725413,0.5215367502048223,0.32299262334230316,0.5394935579265313,-1.3050882302652476,-0.07835124991487297
Gary Harris,2018-19,POR,0.526,0.5286343612334802,0.5056048082979039,0.19050547986482919,-0.3332954465500568,-0.26045255541803913,-0.08176008253933377
Kevin Love,2022-23,BOS,0.548,0.5434782608695652,0.5170352763214574,0.21874212992704267,0.6467069015869729,-1.2934993500859222,-0.08513836665027241
Kentavious Caldwell-Pope,2022-23,MIN,0.598,0.5522514868309261,0.5422812629799862,0.08247586413841625,-0.14625601612416128,-0.3218479544577201,-0.08815944019702465
Keegan Murray,2022-23,GSW,0.597,0.5606860158311345,0.544489184498844,0.13398371795924305,-0.4096154602000363,-0.13239660342366785,-0.08860871462019097
Darren Collison,2018-19,BOS,0.574,0.5037783375314862,0.5420576810177413,-0.3166550701248851,0.32297199474046395,-0.24206995179384028,-0.09060376380705386
Jaren Jackson Jr.,2022-23,LAL,0.613,0.5463375151760421,0.5734000526522001,-0.22386720674421026,-0.3779262263234138,0.3285492203705571,-0.09069777384868777
Donte DiVincenzo,2022-23,LAL,0.593,0.5147835269271382,0.543055284769798,-0.23387014109674345,-0.07927802613630379,0.024054919286495714,-0.09566032609631223
Aaron Gordon,2022-23,MIN,0.617,0.61626195732156,0.5708615123982346,0.37556237285152577,-0.386822404856989,-0.5300909455234325,-0.09778150709707135
Clint Capela,2022-23,BOS,0.656,0.6151574803149606,0.5946118326598688,0.16995807415872544,-0.3630706228471266,-0.2697199950590777,-0.09871232852099718
Tyrese Maxey,2022-23,BKN,0.605,0.6008287292817679,0.56383361925747,0.3060316111019052,0.5523316866945174,-1.3849942383661908,-0.10105457403225154
Josh Green,2023-24,BOS,0.588,0.5962897526501767,0.5432773573593748,0.438530084883105,-0.040482938718627196,-0.9781962949942085,-0.10118427871912217
CJ McCollum,2023-24,OKC,0.592,0.4740918803418804,0.5565898040944834,-0.6824408010136845,-0.44640284212048226,0.9850311631779205,-0.10419720009042999
Terrence Ross,2018-19,TOR,0.561,0.5367599219258296,0.5436463738687138,-0.05696623098221802,0.014732128020139986,-0.35621270531153143,-0.10530832516662417
Stephen Curry,2022-23,SAC,0.656,0.6209219111765945,0.6260330114591457,-0.04228013521098438,0.4986862235160826,-0.8631989487572895,-0.10592622863414626
Aaron Nesmith,2023-24,MIL,0.631,0.5188679245283019,0.578027910033059,-0.48938429065071476,-0.341244040234205,0.6021599689266988,-0.10605551955462672
Michael Porter Jr.,2022-23,PHX,0.621,0.5777310924369747,0.5768913527673685,0.006946509520501531,-0.6049343666393686,0.15333679132903394,-0.11046811549540812
Torrey Craig,2018-19,POR,0.547,0.5070754716981132,0.5106672896525049,-0.029712300751242177,-0.014776682219597508,-0.39263542872108825,-0.1122523329981062
Lonnie Walker IV,2022-23,DEN,0.57,0.5349099099099098,0.5248580558239284,0.08315112722934906,-0.580662154581325,0.0027235082154134682,-0.11538176706120572
Bradley Beal,2023-24,MIN,0.607,0.5392156862745098,0.5686718467129901,-0.24366777744257873,-0.4626157702133131,0.33782228487264276,-0.11648209344007013
Sam Hauser,2023-24,CLE,0.629,0.625,0.5738673111392087,0.422980743718909,-0.4850450463777717,-0.5895392291285041,-0.12060280857495081
Terrance Ferguson,2018-19,POR,0.566,0.5,0.5220445356179468,-0.18235720198487604,-0.5414814079864434,0.3124941123140589,-0.12107184461280274
Nickeil Alexander-Walker,2023-24,DEN,0.578,0.4913522012578616,0.530028057836607,-0.31993511282344944,-0.0735244147854488,0.03607435656192373,-0.12133980404408856
Kristaps Porziņģis,2023-24,MIA,0.647,0.5811195445920304,0.6022579517484585,-0.17486150991201196,-0.37501956094375855,0.11536943088704567,-0.1261140609833824
Anthony Davis,2022-23,DEN,0.627,0.6038374717832957,0.5904021257601835,0.11114010977299825,-0.03360563587243858,-0.6292753387757666,-0.12682120524150192
Norman Powell,2023-24,DAL,0.626,0.569526627218935,0.5780919368424671,-0.07085410752811844,0.16671711198771236,-0.5850057613871251,-0.12937109998469465
Danny Green,2018-19,ORL,0.632,0.5279831045406547,0.5735058536624245,-0.3765740998303043,-0.28034166701774477,0.27701615868271956,-0.1326323120243628
Tim Hardaway Jr.,2023-24,OKC,0.542,0.5296610169491526,0.5121416069911813,0.1449243765316919,-0.11543707315375872,-0.6322300768129064,-0.1361932557055741
Mike Conley,2023-24,PHX,0.627,0.4831414473684211,0.5738287000896498,-0.7501847146408095,0.07284827183147834,0.43159495137813847,-0.13645384432187913
Al-Farouq Aminu,2018-19,GSW,0.568,0.4176610978520286,0.5296853144279463,-0.9266887288249789,-0.7473332611999265,1.4956659549113607,-0.1372578816608841
Josh Green,2023-24,LAC,0.588,0.5692167577413478,0.5330724662110364,0.2989934551321305,-0.3584996283739657,-0.6197658978067222,-0.1399186722489263
P.J. Washington,2023-24,BOS,0.537,0.5289968652037618,0.5169997206386807,0.09924299393792381,-0.4060310784072487,-0.2930415861050236,-0.14003311824979475
Kyle Anderson,2023-24,PHX,0.513,0.5,0.4697142120045703,0.2505306373638224,-0.24116675139632276,-0.6744188553775251,-0.14121067861612413
Malik Beasley,2018-19,POR,0.599,0.4922779922779923,0.5562998064587632,-0.5296023968178469,0.27917767694041845,-0.10853808471460405,-0.14270094082979282
Eric Bledsoe,2018-19,BOS,0.577,0.504822182037372,0.5506163333132721,-0.3788191975859398,-0.17214026532589277,0.13154402814795432,-0.14273577844956353
Josh Hart,2022-23,MIA,0.622,0.4768392370572207,0.5647498646969844,-0.7272158669593562,0.059915572912020175,0.38428973499396424,-0.14347422645927854
Grant Williams,2022-23,PHI,0.605,0.5,0.5489948241872948,-0.405295861313687,-0.8951788731779666,0.8885312546164381,-0.14351545610017258
Julius Randle,2022-23,MIA,0.581,0.5316742081447964,0.546855625031988,-0.12558398841753698,-0.9410855544471479,0.520729101748768,-0.14904350912073291
Jonathan Kuminga,2022-23,SAC,0.597,0.4605263157894737,0.546328033110578,-0.7097705012863016,0.09449031341893671,0.29920499833809405,-0.14999584751094786
Dean Wade,2023-24,BOS,0.598,0.4230769230769231,0.5461140162173364,-1.0177896433968083,-0.38171904410428575,1.1985395689040172,-0.15202124398895
Jalen McDaniels,2022-23,BKN,0.557,0.5416666666666666,0.508444745598744,0.2748189699027567,-0.9492817331547335,-0.057968540085795696,-0.15562592884416743
Max Strus,2022-23,BOS,0.557,0.5597014925373134,0.5218444989737145,0.31316129953751853,-0.186682939715643,-0.8810332854990437,-0.1573226014655402
Ish Smith,2018-19,MIL,0.485,0.3018108651911469,0.5130460833231181,-1.7473837510939083,-0.4308372347954686,2.2331704657664218,-0.1610010051401296
Precious Achiuwa,2023-24,IND,0.545,0.514201762977473,0.4760656654046167,0.3154701087169469,-0.24018601069191656,-0.8495891485716759,-0.1620292517649667
Jusuf Nurkić,2023-24,MIN,0.559,0.5025940337224384,0.5312646960343892,-0.23716996578526864,-0.4551411682898133,0.13505040589174624,-0.16303217862436079
Jimmy Butler III,2022-23,DEN,0.647,0.5111700113593336,0.6056823804572209,-0.7818269107751705,-0.19840807814153552,0.6402463822503004,-0.16317984274411845
Max Strus,2023-24,ORL,0.553,0.5726556907659269,0.5107554816582336,0.5120520173701452,-0.7993570193135429,-0.5728711986342316,-0.16383884840739282
Jalen Williams,2023-24,DAL,0.621,0.5081705858907931,0.5784360599844824,-0.5812513120682097,-0.5714307778248485,0.7298104505392679,-0.16384304104526856
Bojan Bogdanovic,2023-24,PHI,0.581,0.4431314623338257,0.542070570618137,-0.818445861881398,0.0944044566016671,0.39020608456627126,-0.16530341636650472
Kevin Love,2022-23,DEN,0.548,0.5523731587561375,0.5019403358314438,0.4171913001995189,0.4191548957789374,-1.684178635559178,-0.1702389798752285
Jayson Tatum,2022-23,ATL,0.607,0.5789997158283604,0.5753467201509814,0.030218376205999695,-0.622601305233747,-0.1252992954933695,-0.17639871850967923
Jarrett Allen,2022-23,NYK,0.67,0.6081780538302277,0.6172024565165628,-0.07465182537685672,-1.0884398466598602,0.48388332532629286,-0.17726726921529168
Aaron Gordon,2022-23,LAL,0.617,0.5848623853211009,0.5717947878284144,0.10809801379943211,-0.9133992735973475,0.03843225970450616,-0.1809074486434091
Bam Adebayo,2022-23,DEN,0.592,0.5035107169253511,0.5532184839017085,-0.41119347941015955,-0.02427764557137882,-0.1331444473812296,-0.18327324103170795
Austin Reaves,2023-24,DEN,0.613,0.5885650224215246,0.5673321658004211,0.17564281646369792,0.2518850463589232,-1.2347930481066645,-0.18425201467464103
Jamal Murray,2023-24,LAL,0.586,0.4676601141407736,0.5524227186288697,-0.7011747335160936,0.18798927974525326,0.05359228546964155,-0.18501576542690903
Chet Holmgren,2023-24,DAL,0.632,0.5910900945744151,0.5863601084680943,0.03912747570303935,-0.23425328033019757,-0.5644562041123949,-0.18598275461458436
Luguentz Dort,2023-24,DAL,0.593,0.4721223021582734,0.539760547263467,-0.5595183014201833,-0.31958643054249847,0.351439860763716,-0.1878680479417598
Damian Lillard,2018-19,DEN,0.588,0.5283381364073007,0.5630630193457555,-0.28725179798088973,-0.16977186302754216,-0.19106561485909335,-0.1907474987649703
Al Horford,2023-24,CLE,0.65,0.5106382978723404,0.5880049169427382,-0.6399935306063617,0.21034963655781674,-0.0810422235316808,-0.19167088245569258
Derrick Jones Jr.,2023-24,BOS,0.592,0.5124223602484471,0.5482491301026924,-0.2963668466419145,-0.08933399322295081,-0.26918421854836067,-0.19335794926749794
Gerald Green,2018-19,UTA,0.555,0.4729729729729729,0.5386193349338066,-0.5430410100323534,0.1901070276962745,-0.2142416738935974,-0.19609801506065438
Bam Adebayo,2022-23,BOS,0.592,0.5380794701986755,0.5595057980073808,-0.17724325228358503,-0.9754703572201926,0.4274628877657408,-0.19903700566286772
Bam Adebayo,2022-23,NYK,0.592,0.5780346820809249,0.5524689929196944,0.2114849513301417,-0.340568994972362,-0.7667541765307309,-0.20281105991022363
Cason Wallace,2023-24,NOP,0.612,0.5454545454545454,0.5567640257893991,-0.09355448558816043,-0.7273481528259241,0.038778003546260265,-0.20488660727577213
Dereck Lively II,2023-24,OKC,0.728,0.5161579892280072,0.6522782763643786,-1.1260166748696752,0.17846639881624546,0.5777193748150512,-0.20505939279656213
Landry Shamet,2018-19,GSW,0.604,0.5424528301886793,0.5557458983339367,-0.10996315616600882,-0.49246038451590535,-0.1799243609440675,-0.2065832910230963
Rudy Gay,2018-19,DEN,0.583,0.5033557046979865,0.5507687324121122,-0.39221089622502187,0.14332619032801663,-0.44610834870434896,-0.21296935327284072
Paul Millsap,2018-19,SAS,0.57,0.5675601750547046,0.5354341001032099,0.2657538920503065,0.09133469044482459,-1.3431332371315274,-0.21993577445406845
Andre Drummond,2018-19,MIL,0.555,0.4506641366223908,0.5491326201713391,-0.8145527515245714,-0.3899186266422949,0.6433280279772611,-0.2217411126998584
Caris LeVert,2023-24,BOS,0.524,0.5219391365888181,0.5136658401488752,0.06843851084579748,0.5989211668041045,-1.5886756611071502,-0.2234851447797323
Aaron Nesmith,2023-24,BOS,0.631,0.5400421496311907,0.5758035051471866,-0.2958257249825798,-0.4400997353887453,-0.06996597414797065,-0.23105543112808194
LeBron James,2022-23,GSW,0.583,0.6012349691257719,0.5532950063839779,0.39656981758942517,-0.6766258558762607,-0.8058525081850512,-0.23182015485902915
Marco Belinelli,2018-19,DEN,0.557,0.5044291338582677,0.5288833603160723,-0.2022906896672976,-0.3995077426909408,-0.25418524432540157,-0.23422498813763976
Darius Garland,2023-24,BOS,0.56,0.4936530324400564,0.5409951289657895,-0.39162413797921825,-0.3765246988974257,-0.015705613275994873,-0.2351260263360815
P.J. Washington,2023-24,LAC,0.537,0.5238555770470664,0.49209674982760454,0.2627159387901675,-0.591270482493103,-0.7205202665824254,-0.2359971086923235
Donte DiVincenzo,2023-24,PHI,0.597,0.5081874647092038,0.552715660927029,-0.36834694150261277,-0.41450350090801874,-0.0156394035424317,-0.23645715563852704
Wilson Chandler,2018-19,GSW,0.537,0.4222972972972972,0.5059478332358043,-0.6919754601617779,0.193355252557245,-0.17101918604869829,-0.23660739442948558
Josh Green,2023-24,MIN,0.588,0.5667506297229219,0.5429312427542821,0.19703915908575315,-0.7782270476953205,-0.44824549272715036,-0.2376544294256041
Desmond Bane,2022-23,LAL,0.606,0.5475302889095993,0.5686234916999451,-0.1744875695460572,0.15682293723800153,-0.8711367402031889,-0.23964910008241685
Danny Green,2018-19,PHI,0.632,0.5910852713178294,0.5743250367421071,0.1386443123506156,-0.45163779308473706,-0.7047148348796627,-0.24056264766838448
Enes Freedom,2018-19,GSW,0.594,0.5452342487883683,0.5589916196299176,-0.11380396923811006,-0.33794205983029846,-0.4748486245517589,-0.24302906032885285
Al Horford,2022-23,MIA,0.631,0.4908103592314118,0.5728959672919898,-0.6790300357684896,-0.5143354289044089,0.48854643508813067,-0.2441077609730409
Kyle Lowry,2022-23,BOS,0.565,0.4807692307692307,0.5268450579648711,-0.3811492821692836,-0.5652986420117202,0.0891997712667957,-0.25242696644548035
Mitchell Robinson,2022-23,MIA,0.652,0.5222371967654986,0.5910417779001635,-0.5691664871925968,-0.466741271449218,0.25027674321607873,-0.25332440257569366
OG Anunoby,2023-24,PHI,0.595,0.5690440060698028,0.5459253080903559,0.19124290709182074,-0.28383363278621976,-0.9993962878513047,-0.2538724626772439
Evan Turner,2018-19,GSW,0.504,0.5055147058823529,0.48928189184350646,0.13428137474825871,-0.22185865045972306,-0.9837075534411778,-0.25439306981333465
Patty Mills,2018-19,DEN,0.572,0.390295358649789,0.5376002067755998,-1.2185378004134992,-0.7669037925087402,1.4155040202031695,-0.26433817322111736
Shai Gilgeous-Alexander,2023-24,NOP,0.636,0.5531871701177427,0.6031815250435226,-0.4135641973733333,-0.09262137987732735,-0.39633229437596446,-0.26698588764398956
Darius Garland,2022-23,NYK,0.587,0.5659340659340659,0.5490398729581092,0.13975244542597223,-0.05664556851046541,-1.2081034223474751,-0.26727389181539485
Jayson Tatum,2018-19,MIL,0.547,0.4638218923933209,0.5444330725339539,-0.6668332467469669,-0.6866943575716828,0.5509747381800606,-0.2673215412093439
Tyrese Maxey,2022-23,BOS,0.605,0.521615130591414,0.5673595709637456,-0.37840797815995575,-0.09231782013765172,-0.4502160954292931,-0.2680762712477207
Danny Green,2018-19,GSW,0.632,0.5365853658536586,0.5740347003742248,-0.30978905510744115,-0.43082620715794134,-0.23839686535060334,-0.27573193741474056
Haywood Highsmith,2023-24,BOS,0.587,0.4219409282700421,0.541524160290549,-0.9892185516402768,-0.3824699817122177,0.6512203218028852,-0.27903890805142995
Clint Capela,2018-19,UTA,0.658,0.5701013513513513,0.5922043121006617,-0.1828405074019511,-0.7659463247245865,-0.09534329805048429,-0.2793165832844506
Al Horford,2022-23,ATL,0.631,0.546875,0.5734629115114642,-0.21994099734651915,-1.1202242144994112,0.2793422344610839,-0.2871998440808635
Derrick White,2023-24,DAL,0.611,0.5907534246575342,0.5618437080977012,0.23914747461203215,-0.29804245719803135,-1.2177750376942902,-0.29525275760886915
Klay Thompson,2018-19,POR,0.571,0.4704595185995623,0.5460574269645642,-0.6253623702613865,-0.39999401817704194,0.08346213239008882,-0.29800980103822355
James Harden,2018-19,UTA,0.616,0.5294028031687995,0.599189911723357,-0.5772941680959388,-0.896218659829061,0.509730126818351,-0.2986750920862561
P.J. Washington,2023-24,MIN,0.537,0.5194141689373297,0.5161550980177605,0.026959744775892646,-0.5529184696311809,-0.6817192708138761,-0.2992235244397018
Al-Farouq Aminu,2018-19,DEN,0.568,0.4304523970290344,0.5292615219521413,-0.8173706111950317,-0.2273702239883396,0.17200170920471372,-0.29992184261416754
Gerald Green,2018-19,GSW,0.555,0.45,0.5284348304869999,-0.6488300082004407,0.5229872042177421,-0.817438423093231,-0.3007033075890264
Max Strus,2023-24,BOS,0.553,0.5068937550689375,0.5251849892285669,-0.15130907450301131,-0.7632849862567415,-0.2404311947750372,-0.30388722133399865
Pat Connaughton,2018-19,BOS,0.573,0.4854368932038834,0.5351681217559707,-0.4113875586767144,-0.09242976458864195,-0.5542828311026389,-0.30566379445967023
Khris Middleton,2018-19,TOR,0.558,0.5208333333333334,0.5440492595378361,-0.19204720015484672,-1.0608118965676834,0.10609176186427059,-0.30589655373004954
Caleb Martin,2022-23,DEN,0.571,0.4525440313111545,0.5183356431095916,-0.5442425483379523,-0.40171274797472734,-0.06789573669311769,-0.3078870130852445
Damion Lee,2022-23,LAC,0.607,0.5813953488372093,0.5547260502676101,0.2206142488250939,-0.7065334615095112,-0.850637892233713,-0.3120778513470232
Saddiq Bey,2022-23,BOS,0.564,0.5118289353958144,0.5304380868570802,-0.1539389556941481,-0.7389353501256186,-0.294402933829063,-0.31221320548162224
Mason Plumlee,2018-19,POR,0.602,0.5527817403708988,0.5554679586279072,-0.02222098273052085,-0.29212908319619996,-0.9294998655048233,-0.3131845811309381
Giannis Antetokounmpo,2022-23,MIA,0.605,0.5252100840336135,0.5819585559950193,-0.4694357251678406,-0.7784323639412503,0.1737670951973175,-0.31546882099472734
Langston Galloway,2018-19,MIL,0.534,0.4558823529411764,0.5297207871123197,-0.6108076163524212,-0.27805763576007214,-0.13887259403710744,-0.3180152231726423
James Harden,2018-19,GSW,0.616,0.5942902638762512,0.5980868379633415,-0.03140608809588341,-0.10071301385228813,-1.1439149072761878,-0.3221491111156782
Klay Thompson,2018-19,LAC,0.571,0.5752212389380531,0.5413344695165583,0.2803187403494051,-0.9157052574867539,-0.7662118285951629,-0.3223677123981874
Tobias Harris,2022-23,BOS,0.602,0.5548469387755102,0.5574563669162516,-0.02158575815671983,-0.5249688816223123,-0.7426449917893234,-0.32445848370776087
Klay Thompson,2018-19,HOU,0.571,0.5518234165067178,0.5416404178929202,0.08423598333893895,-0.7723505714286667,-0.6438323875963469,-0.3245631455876248
Isaac Okoro,2023-24,BOS,0.599,0.4287245444801715,0.5515410412437363,-1.0159648221010789,0.15452766902760023,-0.03518418209066459,-0.32575181600114367
Danilo Gallinari,2018-19,GSW,0.633,0.4740280433397068,0.5880516640493794,-0.9432282354758562,0.17118044483325587,-0.15870154058075,-0.3270101563534232
Reggie Jackson,2023-24,MIN,0.521,0.4662840746054519,0.5086298409690364,-0.3502934062118274,0.1987884355190971,-1.0187712676572733,-0.32759840020868364
P.J. Tucker,2022-23,BKN,0.566,0.2873563218390805,0.5035480556140122,-1.7883851284832648,-0.4935758891718224,1.6797571588813498,-0.32938947754176073
Malik Beasley,2022-23,MEM,0.531,0.4692192192192192,0.502598202266846,-0.2761182208215985,-0.46693558094249543,-0.47006465257215413,-0.33089143566622187
Ja Morant,2022-23,LAL,0.557,0.5236716621253407,0.5383171221832044,-0.12115043674401652,-0.5381284397282405,-0.6365558703930243,-0.33607373039072197
Al Horford,2022-23,PHI,0.631,0.4732739420935412,0.5727422294694573,-0.8228233466316502,-0.5449979927035667,0.33703745750231173,-0.3399783051213914
Dillon Brooks,2022-23,LAL,0.494,0.3933566433566434,0.46743419467577096,-0.6127856455025346,-0.5528783231122554,0.04555593032091482,-0.3413055741237222
Chris Paul,2018-19,GSW,0.56,0.5697356426618049,0.5359285058818786,0.27966000178694356,-0.21859784652304864,-1.5452975043103931,-0.3430928370829302
Kyle Lowry,2018-19,PHI,0.562,0.5090748118636564,0.5312717615058655,-0.1836180040035446,-0.5306093746546018,-0.5888238739304145,-0.3441246135474947
Ben Simmons,2018-19,TOR,0.582,0.6041169451073986,0.554024741291699,0.4143736247113506,-1.08676643621595,-0.8994620643139841,-0.3515263564835108
Tobias Harris,2018-19,TOR,0.592,0.4654255319148936,0.5612994101963424,-0.7930896114051109,-1.1305022219128735,0.8339496007539936,-0.3517195192815088
Kentavious Caldwell-Pope,2023-24,LAL,0.602,0.4785779398359161,0.546955487958289,-0.5656339770673502,-0.6480468305514252,0.02792175932095809,-0.35300315978118935
D'Angelo Russell,2022-23,GSW,0.605,0.5303760848601736,0.5617529511853159,-0.2595562750456946,-0.42893603375806705,-0.6469909335320353,-0.35982643808851866
Eric Gordon,2023-24,MIN,0.58,0.5076142131979695,0.5420260359746998,-0.2846620961094402,-0.5768653104802812,-0.4652290704941455,-0.36015532888191076
Wendell Carter Jr.,2023-24,CLE,0.623,0.5111882716049382,0.5723160903200493,-0.5056626357441321,-0.574411097895055,-0.16172989168979748,-0.36101716990665933
Clint Capela,2018-19,GSW,0.658,0.5295763389288569,0.5973540266823714,-0.5606718013906906,-1.0404906355900037,0.3635659124211554,-0.3654663112789538
Cason Wallace,2023-24,DAL,0.612,0.4857512953367875,0.5552164202265175,-0.5746306490624521,-0.29755668117471473,-0.3736031107888892,-0.3689106751627592
JJ Redick,2018-19,BKN,0.602,0.5723905723905724,0.5632174523530085,0.0758820477107137,-0.3479971513103773,-1.2347797143875918,-0.3691354997257425
Karl-Anthony Towns,2023-24,DAL,0.625,0.4955501618122978,0.5873045110541659,-0.7590119695725567,0.13076474827166906,-0.5530315459077495,-0.37122088875941495
Luka Dončić,2023-24,LAC,0.617,0.5153155228005527,0.5914565065671205,-0.6298548083155474,-0.6066105693342543,-0.009814822406237713,-0.3745555308455646
Deandre Ayton,2022-23,DEN,0.617,0.5720338983050847,0.5745299024326564,-0.020647490005465785,-1.0790937051023164,-0.393172358961268,-0.37529313751780913
Stephen Curry,2018-19,HOU,0.641,0.5390530759951749,0.6031488268914613,-0.5302140174388945,-0.5484954967943604,-0.2267810427985345,-0.3793940410018368
Myles Turner,2018-19,BOS,0.567,0.4788801571709234,0.5407741234210166,-0.5120003750918009,-0.7711992374724492,-0.03140447083300119,-0.37985105835849287
Max Strus,2022-23,MIL,0.557,0.6211180124223602,0.5235559002126593,0.8070550503142141,-1.2303740974791884,-1.4190225442977202,-0.3798798928342522
Harrison Barnes,2022-23,GSW,0.632,0.52491601343785,0.5805755385965348,-0.46042771994168696,-0.5243131971822105,-0.35545017290523556,-0.3810905445014519
Jae Crowder,2023-24,IND,0.546,0.3493788819875776,0.471150289485482,-1.0073196159777482,-0.3377794756665927,0.198803360494176,-0.3873058943853161
Kentavious Caldwell-Pope,2022-23,MIA,0.598,0.5038126361655774,0.5428455008407937,-0.32288836158707473,-0.8570637137380472,-0.31290522716027147,-0.4055031617800558
Serge Ibaka,2018-19,MIL,0.582,0.472608024691358,0.5614558331920716,-0.7349684312464201,-0.4528081747994937,-0.14227963725668016,-0.40601090395029044
James Harden,2022-23,BKN,0.607,0.4802338530066815,0.5672357000978983,-0.7196982362447232,-0.31718197573509743,-0.3184350936715516,-0.41079865003731536
Marcus Smart,2018-19,MIL,0.568,0.2565982404692082,0.5438429533795135,-2.376150853848238,-0.8521787148184136,2.5188495926849575,-0.4149850793802472
Gordon Hayward,2018-19,MIL,0.575,0.480269989615784,0.5523092240304617,-0.5959242439336421,-0.9564052555369651,0.12264213186935077,-0.4170142662936783
De'Anthony Melton,2022-23,BOS,0.566,0.4692832764505119,0.5276061955408982,-0.48245989488000485,-0.6141547216727928,-0.38360440653337075,-0.4183007452595426
Tyrese Haliburton,2023-24,MIL,0.605,0.5449591280653951,0.5641491722754797,-0.15874422708492564,-0.6539047982179349,-0.7997045414450564,-0.4189628143954718
Al Horford,2018-19,IND,0.605,0.4317111459968603,0.5643062222853203,-1.0968553626164697,-0.6052668948060086,0.46449295339759883,-0.41909286226786685
Giannis Antetokounmpo,2018-19,TOR,0.644,0.517503805175038,0.6041621934793848,-0.7168570703224191,-0.824111191964957,0.10422847653960336,-0.43087065346918507
Joe Ingles,2018-19,HOU,0.581,0.4324324324324324,0.5382589932448734,-0.8754203699227865,-1.2892913912989568,0.7435761358828833,-0.44282594332699365
Deandre Ayton,2022-23,LAC,0.617,0.5411255411255411,0.574588648240334,-0.27681411343525336,-0.4148415439365454,-0.9750186751520119,-0.444349994474478
Royce O'Neale,2022-23,PHI,0.538,0.3346720214190093,0.4857324051008649,-1.249604408838559,-0.9854993854956061,0.93692070027028,-0.44950621439982713
Garrett Temple,2018-19,GSW,0.543,0.4545454545454545,0.5122188896670112,-0.47708722197174175,-0.6610073028537867,-0.48614501662096327,-0.4537686075587971
Daniel Gafford,2023-24,LAC,0.731,0.5346820809248555,0.671507541631563,-1.1318500242959828,0.11447330395884334,-0.3479614413366285,-0.4545195428480403
Marc Gasol,2018-19,MIL,0.546,0.4844224924012158,0.5428931551643539,-0.48368206273334124,-1.1123854969664941,-0.03478891968208419,-0.45608232611881394
Max Strus,2022-23,DEN,0.557,0.3239499553172476,0.5085511184259526,-1.5270610445634087,-0.9772943653412984,1.2870673811805067,-0.457028111637391
Jrue Holiday,2022-23,MIA,0.586,0.4905202821869489,0.5457722245302008,-0.45705610608292446,-0.7191037889113536,-0.4713673526221539,-0.4575874225124005
Serge Ibaka,2018-19,PHI,0.582,0.4777568922305764,0.5504927118532383,-0.6016865485552304,-0.414922668069922,-0.5973270972700513,-0.46365273332932394
Christian Braun,2023-24,LAL,0.554,0.3925619834710744,0.5068890835850943,-0.9457386832346996,-0.019452492779537114,-0.5122897166067704,-0.46394409147872173
Davis Bertans,2018-19,DEN,0.632,0.4651162790697674,0.5735561342307685,-0.8970381101930031,-0.7014025050554367,0.05045630355779686,-0.47669988894196097
Immanuel Quickley,2022-23,CLE,0.578,0.4995559502664298,0.5396269738098878,-0.33147623795287123,-0.3512535556239553,-1.0928277690294677,-0.47703701444686064
Isaac Okoro,2023-24,ORL,0.599,0.4639737991266375,0.5465386530446119,-0.6829944619252607,-0.8091614815551446,-0.14552246033311758,-0.47771904714590674
Tyus Jones,2022-23,LAL,0.546,0.3617363344051447,0.5067076763090679,-1.1992345284910324,-1.0305767659423666,0.7719940175846864,-0.4843777720612813
Jordan Poole,2022-23,LAL,0.573,0.4183400267737617,0.5444142914842398,-1.042913788403253,-1.507024333768299,1.028767702390041,-0.484583983785703
Anthony Davis,2022-23,MEM,0.627,0.5542745654487407,0.5898578840716424,-0.2943529650098863,-0.7510120299435668,-0.8009931521411084,-0.491024833274629
Dennis Schröder,2022-23,MEM,0.545,0.4908835904628331,0.5106689232196004,-0.16366858365238032,-1.4588607274714125,-0.2765567958790418,-0.4911383851159467
Kyrie Irving,2018-19,MIL,0.592,0.4468980021030494,0.5739975851432895,-1.0513954450368805,-0.7390531619865937,0.23771054347401754,-0.49332406039105214
Derrick White,2022-23,PHI,0.604,0.5790441176470589,0.554293476385332,0.20474269751209692,-0.3016799505827843,-1.9710716859052628,-0.49652796499277785
Jaylen Brown,2022-23,MIA,0.581,0.4642557944708181,0.5494409113725032,-0.7046698482638603,-1.1485086292563622,0.1383880402566043,-0.49916459414229053
Evan Mobley,2023-24,ORL,0.626,0.5296610169491526,0.5787259923749324,-0.40587616764390877,-0.6925398295545805,-0.7702463495012315,-0.5077532034393211
Jrue Holiday,2023-24,MIA,0.597,0.4669540229885057,0.5494602120587253,-0.6825091735219647,-1.110635951139846,0.03423798081452699,-0.5079777033140174
Jordan Poole,2022-23,SAC,0.573,0.4656319290465632,0.5313892156444753,-0.5439586027999836,-0.7864238762411003,-0.5212909217506789,-0.5173142104779391
Klay Thompson,2022-23,LAL,0.576,0.4771743408107044,0.5434484613451322,-0.5482339657374143,-1.1185640214867556,-0.20045148089673592,-0.5216357636039679
Quentin Grimes,2022-23,MIA,0.619,0.4760609357997824,0.5642569363001446,-0.7295765334430173,-1.129389310406481,0.06387442490559038,-0.5217305080802787
Wesley Matthews,2018-19,BOS,0.546,0.4469987228607918,0.5242691543325302,-0.6391978458316329,-1.044719869724242,-0.14909754112611692,-0.5221735987536612
Georges Niang,2023-24,BOS,0.583,0.3997093023255814,0.5459410589943656,-1.2096609540617016,0.1327474088197337,-0.5334076337144448,-0.5235463901452733
Tim Hardaway Jr.,2023-24,BOS,0.542,0.5,0.5250853674721481,-0.20751162565924805,-0.9133930063062096,-0.8905903028233069,-0.5236248962631159
Kyrie Irving,2023-24,BOS,0.608,0.4807692307692308,0.5763002832039057,-0.7902536813011948,-0.7862170687978679,-0.20472426256318024,-0.5243241212956802
Spencer Dinwiddie,2023-24,DEN,0.543,0.4507211538461538,0.5026568921284562,-0.4296237435126142,-1.1438942904196767,-0.35988103909146973,-0.5263121426072016
Troy Brown Jr.,2022-23,MEM,0.561,0.34375,0.5149164140590501,-1.415925873084926,-1.132234465377492,1.0017710843763816,-0.5281899008300016
Terrence Ross,2022-23,DEN,0.544,0.4230769230769231,0.4955098058791536,-0.5991805891687648,-0.07678162566772752,-1.2114453056347332,-0.5317699390346828
Julius Randle,2022-23,CLE,0.581,0.4347826086956521,0.5536539668272644,-0.9833297757188999,-0.8956546758189049,0.11070104118696603,-0.5404038301595997
Kyrie Irving,2023-24,OKC,0.608,0.5290409725348941,0.5738502582791349,-0.3706721753126047,-1.8456949420859705,0.20202878262842366,-0.5406518012237983
Aaron Gordon,2022-23,PHX,0.617,0.5288461538461539,0.5711626633007281,-0.35005138668561436,-0.9341373489425641,-0.7397787498239365,-0.5409970100315902
Nickeil Alexander-Walker,2023-24,DAL,0.578,0.3884826325411334,0.5236483862208334,-1.1181205661297908,-0.6912070210851138,0.08833115386763266,-0.5420611649497971
Reggie Jackson,2023-24,LAL,0.521,0.3809523809523809,0.48466707942445164,-0.8579505844829148,-0.6458397350288556,-0.3263650303876032,-0.5433338959231349
Trey Murphy III,2023-24,OKC,0.612,0.4791666666666667,0.564626635463126,-0.7069434830257767,-1.1240248441078022,-0.07050157471344576,-0.5460618237643339
Michael Porter Jr.,2023-24,MIN,0.601,0.4952456418383518,0.561631776553615,-0.5491605714484066,-1.0460720371423706,-0.38791120023203096,-0.5507020093505427
Enes Freedom,2018-19,DEN,0.594,0.5193744164332399,0.5587666853675943,-0.32586143193038947,-0.46532326471683977,-1.2899975933577792,-0.5528817156942911
Joel Embiid,2018-19,TOR,0.593,0.5292598967297762,0.5757697150021768,-0.38473935091992445,-1.3388248417143436,-0.3347266040274885,-0.5530466342574315
Caris LeVert,2023-24,ORL,0.524,0.4567814476458187,0.49329314862712725,-0.3020327461667803,-0.8230876966040988,-1.0369006667160754,-0.5707085519884166
Chris Paul,2022-23,LAC,0.555,0.4738015607580824,0.5106572047774576,-0.30487791792049795,-0.5989011001615244,-1.2613775256659168,-0.5717769277290345
LeBron James,2022-23,MEM,0.583,0.5512267904509284,0.5603524152838151,-0.07548915702874365,-1.1400904615694336,-1.0537506520123725,-0.5748814833555118
Pascal Siakam,2018-19,MIL,0.628,0.4681446405510116,0.5792256283620338,-0.9188861349586802,-0.4831423601849488,-0.5605877110441512,-0.582542665042813
Marcus Morris Sr.,2022-23,PHX,0.534,0.4226267880364109,0.4877379932734225,-0.5386140770059143,-0.19170315905072283,-1.3889285035754066,-0.5836728426086024
Eric Bledsoe,2018-19,TOR,0.577,0.3948731227343345,0.5524284223713631,-1.3033317688174213,-0.9291322408794758,0.3802608840328784,-0.5933839582977468
Evan Fournier,2018-19,TOR,0.536,0.4274682846111418,0.5270925140326945,-0.8241133332118594,-0.6361961858899357,-0.5928894831977524,-0.5957110838960727
Jamal Murray,2023-24,MIN,0.586,0.4803395889186774,0.5611761316238566,-0.6686974949858512,-0.36503678963408137,-1.0908511703850647,-0.5980161132498345
Cole Anthony,2023-24,CLE,0.545,0.400355871886121,0.5143233984781774,-0.9427642127124117,-0.3443228464331825,-0.7375089434136529,-0.600425421911053
Domantas Sabonis,2022-23,GSW,0.668,0.5165289256198348,0.6221365137695114,-0.8736089803437577,-0.5219550893760969,-0.6895073194122094,-0.6086287453173918
Spencer Dinwiddie,2018-19,PHI,0.58,0.5355046948356808,0.5511014760781634,-0.12901997286955022,0.2057865001905698,-2.4829739341504786,-0.6144538489943198
Gary Harris,2023-24,CLE,0.587,0.4328254847645429,0.5338902771487648,-0.8360299839278547,-0.8171975463443317,-0.47782403354782704,-0.6163658893477888
Nikola Vučević,2018-19,TOR,0.573,0.4364089775561097,0.5570022784267865,-0.9975740612559623,-1.33996088541145,0.261502833967848,-0.6187654343004874
D'Angelo Russell,2018-19,PHI,0.533,0.4461000735835173,0.5268322418093705,-0.6678340865503829,0.07268153529446235,-1.6163863393379447,-0.6196681313035046
Andre Iguodala,2018-19,POR,0.587,0.3571428571428571,0.5367678238239464,-1.4858968634350764,-0.903214260004651,0.4890954267330785,-0.6235936105201698
Marc Gasol,2018-19,PHI,0.546,0.5211893369788106,0.5223990373898946,-0.01000690538591462,-1.2692988060046448,-1.2355312573062032,-0.6297099327127822
Donovan Mitchell,2018-19,HOU,0.537,0.4228580461587101,0.5217600495845529,-0.8181389224072525,-0.6592187032711789,-0.7702294816877726,-0.6437106690822763
Terry Rozier,2018-19,MIL,0.501,0.3807773109243698,0.5186352829381813,-1.1403911828054838,-0.17507143335420847,-0.8236783133349789,-0.6488243506542162
Duncan Robinson,2023-24,BOS,0.612,0.40625,0.5667128118190587,-1.327383343114151,-1.2688862221426596,0.5271469174602336,-0.6500189962605593
Payton Pritchard,2023-24,DAL,0.597,0.3035714285714285,0.5459076442905029,-2.004657979828637,-0.4203738211345038,0.6233235674035595,-0.650892856372759
Royce O'Neale,2023-24,MIN,0.548,0.4545454545454545,0.5166343765151913,-0.513613091284208,-0.7127800890224694,-1.1725324916124824,-0.6510927271082108
Malik Beasley,2022-23,GSW,0.531,0.4444444444444444,0.4864591015830595,-0.34755439855644954,-0.7434733759682646,-1.3874610366251043,-0.6543776426430996
Payton Pritchard,2023-24,MIA,0.597,0.4270186335403726,0.550412685973652,-1.02074248844638,-1.0617945540115334,-0.16326550215099386,-0.6635248849968648
Luka Dončić,2023-24,BOS,0.617,0.5299070847851336,0.5933036661425295,-0.524430334668942,-0.18245558001229104,-1.7549367716330992,-0.6678987050454772
Evan Mobley,2022-23,NYK,0.591,0.4755434782608695,0.5444082994718027,-0.5696648062293875,-1.4101048938535536,-0.4733072263906449,-0.6702357122413353
Luka Dončić,2023-24,OKC,0.617,0.5660954712362302,0.5922846051572401,-0.21664222222737775,-1.571924560065586,-0.8443721771449024,-0.6798989620822042
Tim Hardaway Jr.,2023-24,LAC,0.542,0.436046511627907,0.5016233848633009,-0.5424661841543986,-1.3976918859360037,-0.5684534610064578,-0.6813995011896549
Rui Hachimura,2023-24,DEN,0.628,0.4696531791907514,0.5779352472862462,-0.8957328612064154,-1.1017377915677178,-0.39807016560650627,-0.6884584907158015
Wayne Ellington,2018-19,MIL,0.569,0.4319955406911928,0.5474238862810992,-0.9548484257650738,-0.8880006951243208,-0.5339893235234002,-0.689694453679706
Precious Achiuwa,2023-24,PHI,0.545,0.3172588832487309,0.4965864035606815,-1.483436322258036,-0.8924470745240847,0.2022600478935037,-0.6917494694479579
Jonathan Isaac,2018-19,TOR,0.537,0.3791360294117646,0.5199280541994808,-1.1646623066612136,-0.6350343048839708,-0.5407148683454217,-0.7015691006387729
Dennis Schröder,2022-23,DEN,0.545,0.4533678756476684,0.4987842677183476,-0.3756942911292106,-1.2797439010874658,-1.0256855704222896,-0.7078503697726626
Torrey Craig,2022-23,DEN,0.566,0.4090909090909091,0.511488073062887,-0.8470516520164093,-0.962874033774379,-0.7134633816820963,-0.7155524320698621
D'Angelo Russell,2023-24,DEN,0.588,0.4805089334055225,0.54929751611836,-0.5690341447612939,-0.8483697960222679,-1.221269376350214,-0.7165717437595733
Chris Paul,2022-23,DEN,0.555,0.4523809523809524,0.5100301891733745,-0.47688704812048993,-0.5826933413684603,-1.6435402000359423,-0.7234688521932722
Immanuel Quickley,2022-23,MIA,0.578,0.4536290322580645,0.5323477233155136,-0.6511781646904693,0.2783674399830401,-2.338895245546361,-0.7430443090324945
Tobias Harris,2023-24,NYK,0.576,0.5117513267626991,0.5356306259909205,-0.19753476635148265,-1.5764588763982486,-1.1226172624252055,-0.7439062029288824
Joel Embiid,2022-23,BKN,0.655,0.6053268765133172,0.6297000942675082,-0.20162056801976458,-1.7439280029126225,-0.9806053415497487,-0.7517005349225104
DeMarre Carroll,2018-19,PHI,0.546,0.3973988439306358,0.518453074028056,-1.0013869682529026,-0.8627588787538775,-0.7423251383605459,-0.7517564431671218
Amir Coffey,2023-24,DAL,0.604,0.3863636363636363,0.5461878510236227,-1.3221007282683601,-0.8340059509304881,-0.41976641728566516,-0.7761783469479644
Kawhi Leonard,2023-24,DAL,0.626,0.4739336492890995,0.5873445405874687,-0.9381596042760153,-1.3286889662759187,-0.5542311935289499,-0.7990859014478224
John Konchar,2022-23,LAL,0.542,0.2222222222222222,0.49307335849402745,-2.240539615846576,-1.1545652755505735,1.0508671223022756,-0.810113403858376
Michael Porter Jr.,2022-23,MIA,0.621,0.3901170351105331,0.5768316484232852,-1.5445439651576,-1.1750440079528395,-0.02755451901181871,-0.8412400195463245
Grayson Allen,2023-24,MIN,0.679,0.5177514792899408,0.6062093313898222,-0.7317426269299093,-1.5612998730227565,-0.79193248018852,-0.8444180077282875
Quentin Grimes,2022-23,CLE,0.619,0.390625,0.5649637679068511,-1.4421682753480962,-1.3093249171175958,-0.09626029977825494,-0.8561552005957964
Jalen McDaniels,2022-23,BOS,0.557,0.375,0.5211641604630526,-1.2091017835191393,-1.2555498696219425,-0.5521025158456752,-0.8750987205986032
Joe Harris,2018-19,PHI,0.645,0.4729148753224419,0.5874445658977083,-0.9474145556732034,-0.9399804587607619,-1.2974804371232478,-0.8909603184566237
Damion Lee,2022-23,DEN,0.607,0.3214285714285714,0.5545756480411572,-1.9286434188893338,-1.1143372656178732,0.16652033214677736,-0.9119794299790408
Monté Morris,2018-19,POR,0.577,0.2944640753828033,0.5386788878132931,-2.0201981411588132,-0.9022024310879121,0.04137689119265231,-0.9222757343793996
Kevin Huerter,2022-23,GSW,0.617,0.423728813559322,0.5697556983846159,-1.207966209532179,-0.9168943292202719,-1.1364842944918043,-0.9361328292642817
Brook Lopez,2018-19,BOS,0.597,0.3762541806020066,0.5550611704589572,-1.4791303809142575,-1.3432782075858283,-0.34016227987393344,-0.9385557551849306
Jarred Vanderbilt,2022-23,GSW,0.604,0.3536067892503536,0.5486585387906169,-1.6135105726364147,-0.5843014289558011,-0.9948006998890427,-0.9595042326339561
Joel Embiid,2022-23,BOS,0.655,0.5448717948717948,0.6236495218508324,-0.6516665226973721,-0.9042771171280082,-2.0763546857289574,-0.9732412336583216
Russell Westbrook,2023-24,DAL,0.514,0.3409906676238334,0.47319066493885575,-1.0935871832631925,-0.6030934371553215,-1.7700751505289354,-0.9760476610631815
Brandon Ingram,2023-24,OKC,0.578,0.4498106060606061,0.5484603764171976,-0.8160523954985486,-1.3894947295183222,-1.4570301980603013,-0.9972495703191477
Jarred Vanderbilt,2022-23,DEN,0.604,0.436046511627907,0.5491064289918108,-0.9352562714153034,-1.1905941279810721,-1.530419432569506,-1.0075930851330006
Rodney Hood,2018-19,OKC,0.545,0.3496503496503497,0.5214935875676672,-1.4215247075157937,-1.579806210303113,-0.54716897472662,-1.029277443887961
Dyson Daniels,2023-24,OKC,0.529,0.3333333333333333,0.488235571098788,-1.2813850629317638,-0.17898476351934875,-2.2806818602786936,-1.0634014279756279
D'Angelo Russell,2022-23,DEN,0.605,0.3815628815628816,0.5621777653845361,-1.4940856737179922,-1.8263840111567489,-0.5322568572703831,-1.1125902029080803
Jevon Carter,2022-23,MIA,0.56,0.2777777777777778,0.507347185189031,-1.8990481597063125,-1.6169976247494156,-0.2515647662241068,-1.1318074536405898
Georges Niang,2023-24,ORL,0.583,0.2763328998699609,0.5376596727530816,-2.161752006601874,-1.1486823146420964,-0.3529137266595746,-1.1320122126360737
Malcolm Brogdon,2022-23,MIA,0.615,0.3957169459962756,0.5713555574592373,-1.4529208644712448,-1.1943946405639747,-1.5869090751924215,-1.2038482315040349
Danny Green,2018-19,MIL,0.632,0.3031177829099307,0.5720506630314599,-2.2246713829966254,-1.4044380843049438,-0.3818190452760661,-1.2251992664440712
Sam Hauser,2023-24,IND,0.629,0.207345971563981,0.5758771898321005,-3.0485705379404635,-1.5970762163974508,0.776650842440829,-1.2721060317683175
Reggie Jackson,2022-23,MIN,0.514,0.0,0.46742452060635764,-3.8666374830551433,-2.8927745457988405,2.4855180595089905,-1.4551372406417626
Joe Harris,2022-23,PHI,0.621,0.2521613832853026,0.5661310979158489,-2.597225891272776,-1.0474176285804404,-1.326797738640784,-1.5025829037507776
Fred VanVleet,2018-19,PHI,0.539,0.2427184466019417,0.5128959236448141,-2.234966959919115,-1.894299576197984,-1.873055307591991,-1.724077156919184
Evan Turner,2018-19,OKC,0.504,0.1262626262626262,0.4915888645337907,-3.0220582450624773,-1.8138937963717556,-1.2981580766292176,-1.8357333540221101
Iman Shumpert,2018-19,UTA,0.499,0.0,0.5023507875497204,-4.155555173404825,-2.175748694240266,-0.01894524488511273,-2.0031177954730337
Gordon Hayward,2023-24,DAL,0.548,0.0,0.4982274492421854,-4.12144602047774,-2.687800703547102,-1.2538292560788153,-2.427913597073688
Terrence Ross,2022-23,LAC,0.544,0.0,0.49623764354388933,-4.104985914176411,-2.4701660396514225,-1.5343325645032921,-2.437869721000422
Gordon Hayward,2023-24,NOP,0.548,0.0,0.5084562465611622,-4.2060608606851435,-2.6598858714379854,-1.2126254616769478,-2.4402491345185338
Malik Beasley,2022-23,DEN,0.531,0.0,0.4885915399283116,-4.04173567903478,-3.163855263225515,-1.3942248186379957,-2.5541275081280506
Tim Hardaway Jr.,2023-24,MIN,0.542,0.0,0.5242896181861127,-4.337037960749892,-3.3565282214618377,-1.616762496461374,-2.761285965743265
Reggie Jackson,2022-23,LAL,0.514,0.0,0.4833557861321409,-3.998424382797989,-2.8627886525886486,-3.251273856765928,-2.9279641613179397
