PLAYER_NAME,SEASON,USAGE_TIER,ARCHETYPE,ADAPTABILITY_Z,DOMINANCE_Z,COUNTER_PUNCH_EFF,CREATION_PER_36,PRODUCTION_RESILIENCE
Dereck Lively II,2023-24,Low Usage,The Crumble,-0.24878532145891705,-1.9314261974475484,-0.0362,16.02350749770773,-0.4781
Andrew Nembhard,2023-24,Low Usage,The Reluctant Sniper,1.4417313300938879,-0.5167715074655175,0.1296,25.59026232544713,1.3288
Josh Green,2023-24,Low Usage,The Reluctant Sniper,0.17537325938907264,-2.3846680409449195,0.0054,12.95841067576381,0.4559
Isaiah Hartenstein,2023-24,Low Usage,The Reluctant Sniper,0.8880820286504784,-1.842118500534085,0.0753,16.627460424631554,1.0797
Evan Mobley,2023-24,Low Usage,The Crumble,-0.6821204100656372,-1.3496853795402077,-0.0787,19.957592485104062,-0.2808
Daniel Gafford,2023-24,Low Usage,The Crumble,-0.5801592127464089,-1.6765698816018069,-0.0687,17.747000804776253,-0.1657
Nickeil Alexander-Walker,2023-24,Low Usage,The Crumble,-1.0308277048973977,-1.882423328595588,-0.1129,16.354894680376688,-0.0395
Derrick Jones Jr.,2023-24,Low Usage,The Crumble,-0.3956094455986057,-2.321133005274206,-0.0506,13.38807320297822,-0.2569
Al Horford,2023-24,Low Usage,The Crumble,-0.31709932366279997,-2.134044336476966,-0.0429,14.653280492153549,-0.0433
Ivica Zubac,2023-24,Low Usage,The Crumble,-0.44251159636545073,-1.3583224988250762,-0.0552,19.899183034938293,0.8683
Kyle Anderson,2023-24,Low Usage,The Reluctant Sniper,0.8778859089185556,-1.5176521052482015,0.0743,18.821699397238966,0.3503
Nicolas Batum,2023-24,Low Usage,The Reluctant Sniper,1.9964002435104897,-2.7306091029898787,0.184,10.61894695442702,0.5538
Christian Braun,2023-24,Low Usage,The Crumble,-0.7239245009665207,-2.3591676519120397,-0.0828,13.130859805305548,-0.3418
Terance Mann,2023-24,Low Usage,The Reluctant Sniper,0.8676897891866328,-2.241633960641393,0.0733,13.925694061571843,0.5206
Pat Connaughton,2023-24,Low Usage,The Crumble,-0.3976486695449903,-2.30996079297066,-0.0508,13.463626492942455,0.822
Patrick Beverley,2023-24,Low Usage,The Crumble,-0.5842376606391779,-1.7986873647477208,-0.0691,16.92116816186295,-0.3287
Kyle Lowry,2023-24,Low Usage,The Crumble,-1.4427509420670799,-1.9342954872239422,-0.1533,16.004103616311877,-0.696
Cason Wallace,2023-24,Low Usage,The Crumble,-0.6138064078617542,-2.768065626003874,-0.072,10.365643180076951,-0.477
Haywood Highsmith,2023-24,Low Usage,The Crumble,-0.11011809310476653,-2.7744536298484297,-0.0226,10.322443615510215,0.4416
Isaac Okoro,2023-24,Low Usage,The Crumble,-1.3683192680240432,-2.5673674975887826,-0.146,11.722885906892305,0.1186
Wendell Carter Jr.,2023-24,Low Usage,The Crumble,-0.3007855320917235,-2.3873105326842197,-0.0413,12.94054054054054,0.1071
Precious Achiuwa,2023-24,Low Usage,The Crumble,-0.4496488801777967,-2.727807350294046,-0.0559,10.637894109035704,-0.029
Gary Harris,2023-24,Low Usage,The Crumble,-0.3874525498130674,-3.2620342359906953,-0.0498,7.025127209778104,-0.1457
Royce O'Neale,2023-24,Low Usage,The Crumble,-1.2398481594018156,-2.9760778342643133,-0.1334,8.958938199917046,-0.7453
Amir Coffey,2023-24,Low Usage,The Reluctant Sniper,0.0,-3.3521680611585287,-0.0118,6.41558750148509,0.0086
Maxi Kleber,2021-22,Low Usage,The Reluctant Sniper,1.6354576050004217,-2.120203554667931,0.1486,14.74688027104585,0.8264
Otto Porter Jr.,2021-22,Low Usage,The Reluctant Sniper,0.7198460530737516,-2.1058776822999423,0.0588,14.843760527131366,-0.036
Tyus Jones,2021-22,Low Usage,The Reluctant Sniper,0.20902045450441795,-0.4229476339258875,0.0087,26.22475638360762,0.6161
Kevon Looney,2021-22,Low Usage,The Reluctant Sniper,2.0575769619020265,-1.9368557959049784,0.19,15.986789252878694,1.0071
P.J. Tucker,2021-22,Low Usage,The Reluctant Sniper,0.3211777715555691,-2.314968870742354,0.0197,13.429758827186753,0.2059
Bruce Brown,2021-22,Low Usage,The Reluctant Sniper,0.40886440125010537,-1.5171221760561455,0.0283,18.825283100521727,0.7618
Grant Williams,2021-22,Low Usage,The Crumble,-0.5577277493361787,-2.3833093680404907,-0.0665,12.96759884773243,-0.2561
Kyle Anderson,2021-22,Low Usage,The Reluctant Sniper,1.1368673501093953,-1.8029689422022714,0.0997,16.89221353281197,0.3546
Jae Crowder,2021-22,Low Usage,The Reluctant Sniper,0.37725643008114457,-1.9602657383085647,0.0252,15.828476993998432,0.4381
Danny Green,2021-22,Low Usage,The Reluctant Sniper,0.10909848113157425,-2.3340631914599554,-0.0011,13.300631425142202,1.2087
Shake Milton,2021-22,Low Usage,The Reluctant Sniper,1.849576119370801,-1.7298709512943644,0.1696,17.386546575616325,1.023
Robert Williams III,2021-22,Low Usage,The Reluctant Sniper,0.9523175829615922,-2.1861002495498365,0.0816,14.301246768850664,0.1941
Reggie Bullock Jr.,2021-22,Low Usage,The Reluctant Sniper,0.5322374500063716,-2.5320435974500595,0.0404,11.961767589171254,-0.0007
Pat Connaughton,2021-22,Low Usage,The Reluctant Sniper,0.767767815813789,-2.114329446978249,0.0635,14.786604557471987,0.515
Landry Shamet,2021-22,Low Usage,The Reluctant Sniper,0.004078447892769124,-2.230918894960702,-0.0114,13.99815584822283,0.1442
Ziaire Williams,2021-22,Low Usage,The Reluctant Sniper,0.021411851437037933,-1.8713143591087922,-0.0097,16.430020283975658,0.3463
Caleb Martin,2021-22,Low Usage,The Crumble,-0.6076887360226005,-2.173484659451141,-0.0714,14.38656105673742,1.0655
Patrick Beverley,2021-22,Low Usage,The Reluctant Sniper,0.8371014299908642,-1.28945583329394,0.0703,20.364901283784363,1.3985
Gabe Vincent,2021-22,Low Usage,The Crumble,-0.4955314189714495,-1.412244186056875,-0.0604,19.534531812772396,-0.0791
Matisse Thybulle,2021-22,Low Usage,The Crumble,-1.5069864963781938,-3.016232825935571,-0.1596,8.687385740402194,0.0146
Jaxson Hayes,2021-22,Low Usage,The Crumble,-0.20596161858484113,-1.9585275831764006,-0.032,15.840231455436793,0.9722
Rudy Gobert,2021-22,Low Usage,The Crumble,-1.1756126050907019,-2.2328963702733566,-0.1271,13.98478295826739,-1.9699
Dwight Powell,2021-22,Low Usage,The Crumble,-0.49451180699825714,-2.9325559264509318,-0.0603,9.253259792765535,-1.4753
Steven Adams,2021-22,Low Usage,The Reluctant Sniper,0.7952973390899806,-2.1239009635242945,0.0662,14.7218761451081,2.1294
Jarred Vanderbilt,2021-22,Low Usage,The Crumble,-1.6497321726251135,-2.6909156529284077,-0.1736,10.887378189055754,0.574
Royce O'Neale,2021-22,Low Usage,The Crumble,-0.34157001101941475,-2.872672841954567,-0.0453,9.658225606516734,0.4439
Cameron Johnson,2020-21,Low Usage,The Reluctant Sniper,0.7371794566180204,-1.9440764479812904,0.0605,15.937958814892896,-0.0877
Seth Curry,2020-21,Low Usage,The Reluctant Sniper,0.7728658756797504,-0.5576592630070256,0.064,25.31375447127452,1.3123
Jeff Green,2020-21,Low Usage,The Reluctant Sniper,1.8944390461912612,-2.001875982134182,0.174,15.547083234926955,0.8652
Pat Connaughton,2020-21,Low Usage,The Reluctant Sniper,0.42721741676756647,-2.467370808803138,0.0301,12.399124293526551,0.239
Nicolas Batum,2020-21,Low Usage,The Reluctant Sniper,0.11011809310476654,-2.270557921579881,-0.001,13.730092657988935,0.1849
Paul Millsap,2020-21,Low Usage,The Reluctant Sniper,0.0530198226059987,-0.3741621935676203,-0.0066,26.55467318265119,2.5104
Royce O'Neale,2020-21,Low Usage,The Reluctant Sniper,0.6036102881298313,-2.2112504124564527,0.0474,14.131166081238932,0.8319
Ivica Zubac,2020-21,Low Usage,The Reluctant Sniper,0.2752952327619163,-2.225773273822734,0.0152,14.032953665818864,0.0986
Matisse Thybulle,2020-21,Low Usage,The Crumble,-0.22023618620953309,-2.665533610390781,-0.0334,11.059026987666684,0.4986
Tristan Thompson,2020-21,Low Usage,The Crumble,-0.12643188467584304,-1.9053178417262817,-0.0242,16.200068067512888,1.0657
Jae Crowder,2020-21,Low Usage,The Reluctant Sniper,0.011215731705115113,-2.121978186940161,-0.0107,14.734879129015894,-0.2789
Facundo Campazzo,2020-21,Low Usage,The Crumble,-1.7904386249256485,-1.2544468629934864,-0.1874,20.60165321908548,0.1788
Robert Covington,2020-21,Low Usage,The Reluctant Sniper,0.8778859089185556,-2.749785371486204,0.0743,10.489265371695634,0.5022
Danny Green,2020-21,Low Usage,The Reluctant Sniper,0.7667482038405966,-1.9543497229351798,0.0634,15.868484685652874,0.9467
Danilo Gallinari,2020-21,Low Usage,The Crumble,-0.5036883147569877,-1.2690109242651266,-0.0612,20.503162184864454,0.0775
Bruce Brown,2020-21,Low Usage,The Reluctant Sniper,0.0010196119731922765,-1.757404768260824,-0.0117,17.200346170488967,0.6964
P.J. Tucker,2020-21,Low Usage,The Crumble,-0.14478490019330414,-3.2416032984744167,-0.026,7.1632936269986764,0.2093
Davis Bertans,2020-21,Low Usage,The Reluctant Sniper,1.879144866593377,-2.3662020755166,0.1725,13.083288757433685,0.5028
Maxi Kleber,2020-21,Low Usage,The Reluctant Sniper,0.06117671839153697,-2.8228971856754432,-0.0058,9.994838847461246,0.2802
Dorian Finney-Smith,2020-21,Low Usage,The Crumble,-1.1011809310476652,-2.441488953523892,-0.1198,12.574153129677885,-0.2468
Landry Shamet,2020-21,Low Usage,The Reluctant Sniper,0.7076107093954442,-2.739956369582859,0.0576,10.55573505654281,0.0596
Aaron Gordon,2020-21,Low Usage,The Crumble,-0.38541332586668287,-1.7876624407591324,-0.0496,16.995725398720964,0.7597
Kentavious Caldwell-Pope,2020-21,Low Usage,The Crumble,-1.7047912191774965,-2.893226279561198,-0.179,9.51923076923077,-1.4684
De'Anthony Melton,2020-21,Low Usage,The Crumble,-0.743297128457174,-1.8439532629089919,-0.0847,16.615052646300775,0.848
Raul Neto,2020-21,Low Usage,The Crumble,-0.9563960308543612,-2.4303387706274986,-0.1056,12.649557443401683,-0.4338
Grayson Allen,2020-21,Low Usage,The Crumble,-1.0287884809510133,-2.760152506551735,-0.1127,10.41915650333338,-0.0159
Solomon Hill,2020-21,Low Usage,The Crumble,-1.702751995231112,-3.5119584766112566,-0.1788,5.334987593052109,-0.7497
Alex Caruso,2020-21,Low Usage,The Crumble,-0.9288665075781696,-2.5578908971216845,-0.1029,11.786972439041236,1.3653
Rondae Hollis-Jefferson,2018-19,Low Usage,The Master,0.29466786025256975,0.9841776030783665,0.0171,35.74059247397918,4.0803
George Hill,2018-19,Low Usage,The Reluctant Sniper,1.0338865408169748,-1.116305552476589,0.0896,21.53584872181595,1.4078
Draymond Green,2018-19,Low Usage,The Reluctant Sniper,0.27835406868149315,-0.7171854623368135,0.0155,24.234941352852985,1.6815
Torrey Craig,2018-19,Low Usage,The Reluctant Sniper,0.06729439023069066,-2.5284757731272323,-0.0052,11.98589538573295,-0.1182
Maurice Harkless,2018-19,Low Usage,The Crumble,-0.4741195675344115,-1.9873607885680404,-0.0583,15.64524379602206,0.2003
Andre Iguodala,2018-19,Low Usage,The Reluctant Sniper,0.2834521285474546,-1.5051315137438577,0.016,18.906371246891446,0.6776
P.J. Tucker,2018-19,Low Usage,The Reluctant Sniper,0.27325600881553175,-2.38079805306248,0.015,12.984581885967831,0.4522
JaMychal Green,2018-19,Low Usage,The Reluctant Sniper,1.3499662525065823,-1.5204720463716008,0.1206,18.802629241428317,1.1711
Pat Connaughton,2018-19,Low Usage,The Reluctant Sniper,0.0010196119731922765,-2.2564168031264495,-0.0117,13.82572349581249,0.2918
James Ennis III,2018-19,Low Usage,The Crumble,-0.9043958202215548,-1.981059978009511,-0.1005,15.687853706593415,0.0369
Royce O'Neale,2018-19,Low Usage,The Reluctant Sniper,2.0596161858484114,-1.7786553558785698,0.1902,17.056636781106494,1.4362
Patrick Beverley,2018-19,Low Usage,The Reluctant Sniper,0.33341311523387646,-1.5371144002159236,0.0209,18.69008352966374,0.7565
Luke Kennard,2018-19,Low Usage,The Crumble,-0.3721583702151832,-1.4718598738534672,-0.0483,19.13137429802631,0.9339
Cory Joseph,2018-19,Low Usage,The Reluctant Sniper,1.4886334808607329,-2.045843233858829,0.1342,15.249749955874567,1.887
Mason Plumlee,2018-19,Low Usage,The Crumble,-1.172553769171125,-1.9675513339853998,-0.1268,15.779207367913777,-0.3938
Evan Turner,2018-19,Low Usage,The Crumble,-1.9015763300036073,-2.227721621428221,-0.1983,14.019777755122846,-1.0946
Iman Shumpert,2018-19,Low Usage,The Crumble,-0.263059889083609,-2.744188121333332,-0.0376,10.527117379186402,0.395
Terrance Ferguson,2018-19,Low Usage,The Reluctant Sniper,0.4241585808479896,-2.887545669419289,0.0298,9.557646507632843,0.0236
Ish Smith,2018-19,Low Usage,The Crumble,-0.6902773058511754,-1.3367055207298213,-0.0795,20.045370179418438,0.6533
Wayne Ellington,2018-19,Low Usage,The Crumble,-0.8085522947414802,-2.7393257040779035,-0.0911,10.56,0.3993
Pat Connaughton,2022-23,Low Usage,The Reluctant Sniper,0.8697290131330172,-0.7766264094734566,0.0735,23.832965540655234,1.8952
Torrey Craig,2022-23,Low Usage,The Reluctant Sniper,2.2339698332642914,-1.975827067683144,0.2073,15.723241826734972,2.6878
Caleb Martin,2022-23,Low Usage,The Reluctant Sniper,0.7738854876529427,-1.6556176425968805,0.0641,17.888692579505303,0.8268
Austin Reaves,2022-23,Low Usage,The Crumble,-0.2722363968423395,-0.8125017651975753,-0.0385,23.590354580538218,1.1209
Kyle Lowry,2022-23,Low Usage,The Reluctant Sniper,0.13254955651499675,-1.072600787294808,0.0012,21.831406907328578,0.855
P.J. Tucker,2022-23,Low Usage,The Crumble,-0.3905113857326443,-2.8869223871742697,-0.0501,9.561861520998868,0.7709
Isaac Okoro,2022-23,Low Usage,The Crumble,-0.30486397998449255,-1.5872063365793019,-0.0417,18.351331410557382,0.6774
Lonnie Walker IV,2022-23,Low Usage,The Reluctant Sniper,0.847297549722787,-1.4303129379941981,0.0713,19.41233993015134,1.7105
Terance Mann,2022-23,Low Usage,The Reluctant Sniper,1.8658899109418774,-1.518733290136407,0.1712,18.81438776789071,1.5461
Luke Kennard,2022-23,Low Usage,The Reluctant Sniper,1.204161740340086,-1.9803331141304368,0.1063,15.69276920192488,0.835
Rudy Gobert,2022-23,Low Usage,The Crumble,-1.154200753653664,-1.5903696887971956,-0.125,18.329938900203665,-0.0011
Grant Williams,2022-23,Low Usage,The Reluctant Sniper,0.6586693346822147,-2.2306815555654196,0.0528,13.999760881466425,0.9749
Kevin Love,2022-23,Low Usage,The Reluctant Sniper,0.21004006647761025,-1.734303711036785,0.0088,17.356569560047564,0.2772
Kyle Anderson,2022-23,Low Usage,The Crumble,-0.15090257203245783,-1.1640026264944514,-0.0266,21.213292117465226,0.6203
Kevon Looney,2022-23,Low Usage,The Crumble,-1.0267492570046286,-1.8707044194245708,-0.1125,16.43414506683608,-0.1916
Mitchell Robinson,2022-23,Low Usage,The Crumble,-0.6178848557545235,-2.7915881591002996,-0.0724,10.206569514500128,-0.771
Jarred Vanderbilt,2022-23,Low Usage,The Crumble,-0.5597669732825632,-2.4234316087431926,-0.0667,12.696267870172688,0.6798
Draymond Green,2022-23,Low Usage,The Crumble,-0.8411798778836331,-0.87720266006944,-0.0943,23.15280780480715,0.5674
Donte DiVincenzo,2022-23,Low Usage,The Reluctant Sniper,0.8840035807577091,-1.4697448564024738,0.0749,19.145677331518037,0.5743
Ivica Zubac,2022-23,Low Usage,The Reluctant Sniper,1.1205535585383188,-2.2296284329517495,0.0981,14.00688273665828,0.9522
Josh Hart,2022-23,Low Usage,The Crumble,-0.0774905099626135,-2.039611748102866,-0.0194,15.29189104999599,0.3896
Dorian Finney-Smith,2022-23,Low Usage,The Reluctant Sniper,0.46800189569525774,-2.738551320024642,0.0341,10.565236855631642,0.8236
Onyeka Okongwu,2022-23,Low Usage,The Reluctant Sniper,1.636477216973614,-2.413510286283176,0.1487,12.76336188273566,0.3265
Clint Capela,2022-23,Low Usage,The Crumble,-4.312958646603357,-2.3817004322212654,-0.4348,12.978479449638387,-0.0208
Taurean Prince,2022-23,Low Usage,The Reluctant Sniper,0.10705925718518967,-1.9037698026024987,-0.0013,16.21053684895182,0.6477
Cedi Osman,2022-23,Low Usage,The Crumble,-0.6352182592987922,-2.1578967847905117,-0.0741,14.491975739359132,-0.4476
Al Horford,2022-23,Low Usage,The Crumble,-1.4560058977185795,-2.3889973113766323,-0.1546,12.929133517813906,-0.6762
Troy Brown Jr.,2022-23,Low Usage,The Crumble,-0.9360037913905155,-2.6542898388471796,-0.1036,11.13506420470522,-0.4939
Terrence Ross,2022-23,Low Usage,The Crumble,-0.7116891572882134,-2.4919220407199343,-0.0816,12.233093941292719,0.4733
Damion Lee,2022-23,Low Usage,The Crumble,-0.4139624611160668,-2.834079940838036,-0.0524,9.919214260276284,0.2376
Derrick White,2023-24,Mid Usage,The Reluctant Sniper,0.5628201524081404,-0.8872376530063011,0.0288,23.084945083391887,0.8878
Aaron Gordon,2023-24,Mid Usage,The Reluctant Sniper,0.8323976294299554,-1.2906962964976354,0.055,20.356512517658874,0.4042
Sam Hauser,2023-24,Mid Usage,The Reluctant Sniper,0.2994162053944586,-2.0519180368145826,0.0032,15.208668446078518,0.7118
Obi Toppin,2023-24,Mid Usage,The Reluctant Sniper,0.491824557314609,-0.7508564341532519,0.0219,24.007237776523922,1.0411
Jrue Holiday,2023-24,Mid Usage,The Reluctant Sniper,1.4127094501944732,-1.5321819562940764,0.1114,18.723439713357223,0.6886
OG Anunoby,2023-24,Mid Usage,The Reluctant Sniper,0.024694120032532664,-1.8227462126888483,-0.0235,16.758467609339032,0.6327
Brook Lopez,2023-24,Mid Usage,The Reluctant Sniper,0.6461628075179382,-1.0421507545361661,0.0369,22.03732853609175,2.8507
Payton Pritchard,2023-24,Mid Usage,The Crumble,-2.0177153909915235,-1.5727418702582623,-0.222,18.449148923189554,-0.5263
Karl-Anthony Towns,2023-24,Mid Usage,The Crumble,-0.42391572722514426,-0.5462151416752837,-0.0671,25.391146575351218,-0.0626
James Harden,2023-24,Mid Usage,The Master,2.7040061435623275,0.08516335087275684,0.2369,29.66091168798907,1.8313
P.J. Washington,2023-24,Mid Usage,The Reluctant Sniper,1.4641555335955831,-2.044892189812037,0.1164,15.256181493754777,0.8687
Myles Turner,2023-24,Mid Usage,The Reluctant Sniper,0.6441049641818939,-0.981778300163279,0.0367,22.445603766382494,0.455
Luguentz Dort,2023-24,Mid Usage,The Reluctant Sniper,0.24076767031719357,-2.2158754887103607,-0.0025,14.099888504531293,0.0683
Rudy Gobert,2023-24,Mid Usage,The Reluctant Sniper,0.9188270495438197,-2.0467055716470726,0.0634,15.243918303629505,0.0884
Jonas Valančiūnas,2023-24,Mid Usage,The Crumble,-0.945579012912397,-0.40481947765861526,-0.1178,26.347349994413197,1.8239
Jaden McDaniels,2023-24,Mid Usage,The Reluctant Sniper,0.4949113223186757,-2.0999584126088524,0.0222,14.883790226460071,0.2474
Malik Beasley,2023-24,Mid Usage,The Reluctant Sniper,1.230590314954545,-1.9050639640877822,0.0937,16.20178494240891,1.6442
Jarrett Allen,2023-24,Mid Usage,The Reluctant Sniper,0.12038383515859676,-1.1352469439948356,-0.0142,21.407755519966393,-0.4314
Jalen Williams,2023-24,Mid Usage,The Crumble,-0.43214710056932176,-0.5179246309419754,-0.0679,25.582464203641504,-0.5631
Josh Hart,2023-24,Mid Usage,The Reluctant Sniper,0.06790883008946483,-1.604125224640182,-0.0193,18.236915606345498,0.5298
Aaron Nesmith,2023-24,Mid Usage,The Crumble,-0.2459122786573045,-2.0786568648754353,-0.0498,15.027844239117805,-0.1339
Donte DiVincenzo,2023-24,Mid Usage,The Crumble,-1.085512359763415,-1.0767736980835527,-0.1314,21.803187148318372,0.2331
Mike Conley,2023-24,Mid Usage,The Crumble,-0.691435360910915,-0.8954362507673845,-0.0931,23.029501182299292,0.3356
Jalen Suggs,2023-24,Mid Usage,The Crumble,-0.708927029267292,-1.1472316088847447,-0.0948,21.326707931811978,-0.0129
Khris Middleton,2023-24,Mid Usage,The Bulldozer,-0.07099559509353147,0.10049317981943334,-0.0328,29.764581308655227,1.4869
Kentavious Caldwell-Pope,2023-24,Mid Usage,The Crumble,-0.5175475990151639,-2.4834636723732477,-0.0762,12.290294568971328,-0.3736
Naz Reid,2023-24,Mid Usage,The Crumble,-0.3683539571519457,-1.3340115713163583,-0.0617,20.063588302709896,-0.2567
Jaime Jaquez Jr.,2023-24,Mid Usage,The Crumble,-0.534010345703519,-1.3022908935179194,-0.0778,20.278102805518518,1.4196
Caleb Martin,2023-24,Mid Usage,The Reluctant Sniper,1.310846205060276,-2.2250343579381595,0.1015,14.037950664136623,0.734
Herbert Jones,2023-24,Mid Usage,The Crumble,-1.0556736313907717,-1.764132903045211,-0.1285,17.154846433778637,0.0306
Kristaps Porziņģis,2023-24,Mid Usage,The Reluctant Sniper,0.5566466224000073,-1.1361094073453082,0.0282,21.401923018593223,0.7118
Josh Giddey,2023-24,Mid Usage,The Reluctant Sniper,0.1687431535556399,-0.8198815376046406,-0.0095,23.540448074163997,0.9396
Taurean Prince,2023-24,Mid Usage,The Crumble,-0.0020578433360444125,-2.308512843626617,-0.0261,13.47341840645714,0.1321
Kelly Oubre Jr.,2023-24,Mid Usage,The Reluctant Sniper,1.0001118613175732,-2.063434856987886,0.0713,15.130784708249497,-0.6684
Chet Holmgren,2023-24,Mid Usage,The Crumble,-0.6595387892022266,-1.4050626667980042,-0.09,19.58309761086209,-0.5469
Bobby Portis,2023-24,Mid Usage,The Crumble,-0.003086765004066601,-1.2239414645044813,-0.0262,20.80794926456815,1.3515
Darius Garland,2023-24,Mid Usage,The Crumble,-0.14713579852717384,-0.7058847891919966,-0.0402,24.31136337310321,-0.2467
Bradley Beal,2023-24,Mid Usage,The Crumble,-0.1543382502033292,-1.08931129298282,-0.0409,21.718400311374914,-0.3474
Norman Powell,2023-24,Mid Usage,The Crumble,-0.07305343842957585,-1.9180239208235648,-0.033,16.114141838019304,-0.2218
Tim Hardaway Jr.,2023-24,Mid Usage,The Reluctant Sniper,0.2623750253456596,-2.2488831592708802,-0.0004,13.876670574443143,-0.291
Austin Reaves,2023-24,Mid Usage,The Reluctant Sniper,1.782092329014441,-0.9072056214726226,0.1473,22.949909544275442,1.2108
Jusuf Nurkić,2023-24,Mid Usage,The Reluctant Sniper,0.12758628683475212,-1.8635604000814487,-0.0135,16.482457267703378,-0.6532
Max Strus,2023-24,Mid Usage,The Reluctant Sniper,0.0185205900243995,-2.2561981348238085,-0.0241,13.827202263779528,-0.4112
Jamal Murray,2023-24,Mid Usage,The Crumble,-0.12449952183068555,-0.29505424694600124,-0.038,27.089649198787352,0.6282
Bojan Bogdanovic,2023-24,Mid Usage,The Crumble,-0.47844857563032056,-1.1552614946818822,-0.0724,21.27240496356116,1.981
Caris LeVert,2023-24,Mid Usage,The Reluctant Sniper,0.6595387892022266,-1.4601562098227583,0.0382,19.21052158758108,0.7189
Eric Gordon,2023-24,Mid Usage,The Crumble,-3.9150469468244506,-2.511846551830405,-0.4064,12.098352287229517,-2.3395
Reggie Jackson,2023-24,Mid Usage,The Reluctant Sniper,0.2459122786573045,-1.5800566434810575,-0.002,18.399681980805273,0.4318
Trey Murphy III,2023-24,Mid Usage,The Crumble,-1.3026148317160984,-2.4161031652945058,-0.1525,12.745827258933087,-0.5398
Rui Hachimura,2023-24,Mid Usage,The Crumble,-2.323305126394115,-2.729982707655724,-0.2517,10.623183020393887,-1.9072
Cole Anthony,2023-24,Mid Usage,The Crumble,-0.40642405886876687,-1.740370745678815,-0.0654,17.315540584310426,-0.1178
Tobias Harris,2023-24,Mid Usage,The Reluctant Sniper,2.3130159097138936,-2.6548086866982903,0.1989,11.131555440185068,0.563
Brandon Ingram,2023-24,Mid Usage,The Crumble,-1.0669917697390157,-1.5009954685743085,-0.1296,18.934341698178066,-1.6163
Russell Westbrook,2023-24,Mid Usage,The Crumble,-1.217214333270256,-1.8278602263766908,-0.1442,16.72388354053146,-0.2898
Georges Niang,2023-24,Mid Usage,The Crumble,-2.1771982495349635,-2.8075753473855825,-0.2375,10.09845443044937,-0.8726
Georges Niang,2021-22,Mid Usage,The Crumble,-0.08231373344177557,-2.2985012023507667,-0.0339,13.541123209747724,-0.3319
Chris Paul,2021-22,Mid Usage,The Master,0.348804445459524,0.3370919654156783,0.008,31.364606099418058,0.5104
Al Horford,2021-22,Mid Usage,The Reluctant Sniper,0.08334265510979776,-1.7470422274774695,-0.0178,17.27042396952278,-0.1092
Spencer Dinwiddie,2021-22,Mid Usage,The Reluctant Sniper,0.8560628277944659,-0.5533722050018017,0.0573,25.342746163140184,1.0498
Chris Boucher,2021-22,Mid Usage,The Reluctant Sniper,1.6771423188761774,-1.49126176194291,0.1371,19.000166938476752,1.8103
Duncan Robinson,2021-22,Mid Usage,The Reluctant Sniper,0.6615966325382712,-1.6114570571834548,0.0384,18.18733329846765,2.2644
Jimmy Butler III,2021-22,Mid Usage,The Master,1.0649339264029716,0.6308354055670572,0.0776,33.35107777627701,0.8133
De'Andre Hunter,2021-22,Mid Usage,The Reluctant Sniper,1.9045340075090824,-0.9317800031068316,0.1592,22.78372263958228,2.2331
Deandre Ayton,2021-22,Mid Usage,The Reluctant Sniper,1.1287270698203475,-0.7351257756962011,0.0838,24.11361804995971,0.4494
Grayson Allen,2021-22,Mid Usage,The Reluctant Sniper,0.2634039470136818,-2.164953134243282,-0.0003,14.444256415575342,0.2896
Jalen Brunson,2021-22,Mid Usage,The Crumble,-0.06790883008946487,-0.18177827107129504,-0.0325,27.855690195746124,1.3573
Monté Morris,2021-22,Mid Usage,The Reluctant Sniper,0.7325922276318025,-0.5225702803528695,0.0453,25.551047498742147,1.1424
Cameron Johnson,2021-22,Mid Usage,The Reluctant Sniper,0.04733039672902095,-1.4752307233003226,-0.0213,19.10857856529545,0.0291
Jaden McDaniels,2021-22,Mid Usage,The Reluctant Sniper,1.4929653403002046,-1.758909906380745,0.1192,17.190167511712986,1.0757
Seth Curry,2021-22,Mid Usage,The Reluctant Sniper,0.7500838959881798,-1.2412410357710657,0.047,20.69095904914355,0.959
Mikal Bridges,2021-22,Mid Usage,The Crumble,-0.5463574057197854,-1.869628263875032,-0.079,16.441422684739486,0.2077
Bogdan Bogdanović,2021-22,Mid Usage,The Crumble,-0.42288680555712205,-0.5660147239306893,-0.067,25.257249766136574,0.93
Max Strus,2021-22,Mid Usage,The Crumble,-0.055561770073198534,-1.724649998804335,-0.0313,17.421853829600703,-0.2612
Marcus Smart,2021-22,Mid Usage,The Reluctant Sniper,0.48565102730647586,-0.739702140700119,0.0213,24.082669888330752,0.6261
Dorian Finney-Smith,2021-22,Mid Usage,The Reluctant Sniper,0.565906917412207,-2.2618827583041656,0.0291,13.788759384743598,0.1545
Brandon Ingram,2021-22,Mid Usage,The Bulldozer,-0.37041180048799005,0.6120026304723178,-0.0619,33.22371910469927,0.0994
Bam Adebayo,2021-22,Mid Usage,The Reluctant Sniper,0.7644887993404906,-1.369154404438228,0.0484,19.825931105649772,-0.8223
Jonas Valančiūnas,2021-22,Mid Usage,The Crumble,-0.40127945052865593,-0.8255648800300878,-0.0649,23.502013858399984,-0.0102
Bojan Bogdanovic,2021-22,Mid Usage,The Reluctant Sniper,1.7141834989249762,-1.2459539101681114,0.1407,20.65908772802911,1.5716
Precious Achiuwa,2021-22,Mid Usage,The Reluctant Sniper,1.2768917900155434,-2.0633514863191316,0.0982,15.131348511383537,1.0402
Kevin Huerter,2021-22,Mid Usage,The Crumble,-1.1956069782417902,-1.7174970909178768,-0.1421,17.470226140200413,-1.0733
Scottie Barnes,2021-22,Mid Usage,The Crumble,-0.6060348624650727,-1.2378671467207851,-0.0848,20.713775337520214,-0.2613
Herbert Jones,2021-22,Mid Usage,The Reluctant Sniper,0.5833985857685844,-2.405710419637931,0.0308,12.816109321677857,0.1327
Derrick White,2021-22,Mid Usage,The Crumble,-0.7799226243608236,-1.6856707489656866,-0.1017,17.685455208238402,-0.572
Danilo Gallinari,2021-22,Mid Usage,The Crumble,-0.20166864693235015,-1.5810646621533044,-0.0455,18.39286514587908,1.1811
James Harden,2021-22,Mid Usage,The Reluctant Sniper,0.6348446691696941,-0.1012656033791295,0.0358,28.40016578953784,-0.0543
Bobby Portis,2021-22,Mid Usage,The Crumble,-0.03601225838077681,-1.7870493986338887,-0.0294,16.999871162173214,-0.207
Aaron Gordon,2021-22,Mid Usage,The Reluctant Sniper,1.0495001013826386,-1.3589580964523889,0.0761,19.894884737472026,1.4605
Malik Beasley,2021-22,Mid Usage,The Reluctant Sniper,0.955868229592619,-1.7521722876468493,0.067,17.23573138465415,3.1433
Coby White,2021-22,Mid Usage,The Crumble,-0.5453284840517632,-1.289661147421118,-0.0789,20.36351282486835,0.8836
John Collins,2021-22,Mid Usage,The Reluctant Sniper,0.6307289824976053,-1.8492922207484412,0.0354,16.578947368421055,0.7903
De'Anthony Melton,2021-22,Mid Usage,The Crumble,-1.0484711797146162,-1.7923594453126312,-0.1278,16.96396139913413,-0.712
Jrue Holiday,2021-22,Mid Usage,The Crumble,-1.9281992058735926,-0.324515002740621,-0.2133,26.890417662128318,0.0561
Will Barton,2021-22,Mid Usage,The Reluctant Sniper,0.08540049844584213,-1.5176779383046393,-0.0176,18.82152469841024,1.2045
Mike Conley,2021-22,Mid Usage,The Crumble,-0.08128481177375335,-1.2881908450000297,-0.0338,20.37345590347601,0.108
D'Angelo Russell,2021-22,Mid Usage,The Crumble,-1.802670762374885,-0.7211618398693619,-0.2011,24.20805067117228,-1.722
Ayo Dosunmu,2021-22,Mid Usage,The Crumble,-1.0227481380140613,-2.0331576131802556,-0.1253,15.335537833106399,0.2511
Kyle Lowry,2021-22,Mid Usage,The Crumble,-1.2233878632783894,-1.6202497615387352,-0.1448,18.127871687492583,-0.8166
Cameron Payne,2021-22,Mid Usage,The Crumble,-0.5700226040842958,-1.3765372642522173,-0.0813,19.776003720353433,-0.1932
Aaron Holiday,2019-20,Mid Usage,The Reluctant Sniper,3.591965543065481,-0.895463081618765,0.3232,23.029319735774713,1.9335
Anfernee Simons,2019-20,Mid Usage,The Reluctant Sniper,0.978504506289107,-1.5751808021610585,0.0692,18.432655383302517,0.5853
Alec Burks,2019-20,Mid Usage,The Crumble,-0.7305343842957582,-1.3529807864828143,-0.0969,19.935306940440192,0.2902
Al Horford,2019-20,Mid Usage,The Reluctant Sniper,0.34571768045545737,-2.5813586853874564,0.0077,11.62826899128269,-0.043
Chris Paul,2020-21,Mid Usage,The Bulldozer,-0.5998613324569394,0.6907624453975069,-0.0842,33.75634084271294,0.4965
Reggie Jackson,2020-21,Mid Usage,The Reluctant Sniper,0.01337598168428852,-0.57218579373813,-0.0246,25.215517241379313,0.3191
Mike Conley,2020-21,Mid Usage,The Master,0.31690787375083596,0.5814605633027833,0.0049,33.017175083311976,0.7497
Lou Williams,2020-21,Mid Usage,The Reluctant Sniper,0.1131813834824414,-0.5029646696720671,-0.0149,25.68363255427519,0.2633
Joel Embiid,2020-21,Mid Usage,The Bulldozer,-0.21092894194454986,1.136911267211723,-0.0464,36.77347034096216,-0.0598
Kawhi Leonard,2020-21,Mid Usage,The Master,0.6224976091534278,0.7076738594570046,0.0346,33.870706103184844,0.9828
Jrue Holiday,2020-21,Mid Usage,The Crumble,-0.40127945052865593,-0.2280369484643677,-0.0649,27.54286090361644,-0.2877
Rudy Gobert,2020-21,Mid Usage,The Reluctant Sniper,0.697608890919048,-1.8190370586215083,0.0419,16.78355116353204,-0.6098
Joe Ingles,2020-21,Mid Usage,The Reluctant Sniper,0.18314805690795063,-1.362219693109423,-0.0081,19.872827838508776,-0.3799
Brook Lopez,2020-21,Mid Usage,The Reluctant Sniper,0.6080927058011171,-1.8494997221928102,0.0332,16.577544117536767,0.8932
Ja Morant,2020-21,Mid Usage,The Master,0.6934932042469591,1.2849604283571585,0.0415,37.77466875154309,2.3084
Deandre Ayton,2020-21,Mid Usage,The Reluctant Sniper,0.4486098472576769,-1.7449295540297105,0.0177,17.284711151439975,-0.0629
Rui Hachimura,2020-21,Mid Usage,The Reluctant Sniper,2.9458027355475433,-1.7960300111477925,0.2604,16.93913880202069,0.9706
Bobby Portis,2020-21,Mid Usage,The Crumble,-0.9023643028554647,-1.4802703957734793,-0.1136,19.074497236965488,-0.1701
Tobias Harris,2020-21,Mid Usage,The Crumble,-0.0041156866720887895,-0.3614742309606952,-0.0263,26.640476897425938,0.3546
Derrick Rose,2020-21,Mid Usage,The Reluctant Sniper,0.5607623090720961,-0.20628922415877607,0.0286,27.689932233437222,1.1105
Mikal Bridges,2020-21,Mid Usage,The Crumble,-0.1337598168428853,-2.0569107569208125,-0.0389,15.174904638190931,0.1449
Kevin Huerter,2020-21,Mid Usage,The Reluctant Sniper,0.518576520683186,-1.6723290087726534,0.0245,17.775680164410403,0.5252
Carmelo Anthony,2020-21,Mid Usage,The Crumble,-0.033954415044732435,-1.0496729123427688,-0.0292,21.986459133105324,0.6823
Michael Porter Jr.,2020-21,Mid Usage,The Crumble,-0.3086765004066584,-1.2006428082628036,-0.0559,20.965508938782882,0.2363
Ben Simmons,2020-21,Mid Usage,The Reluctant Sniper,0.5525309357279184,-0.30281685802997493,0.0278,27.037153704594058,0.0782
Bojan Bogdanovic,2020-21,Mid Usage,The Reluctant Sniper,0.9548393079245966,-1.2568361945881734,0.0669,20.58549510662849,0.7064
Joe Harris,2020-21,Mid Usage,The Crumble,-0.7860961543689566,-2.308283753040649,-0.1023,13.474967656238602,-0.9924
Paul George,2020-21,Mid Usage,The Master,0.16154070187948455,0.25221743962845566,-0.0102,30.79063297009042,-0.5273
Duncan Robinson,2020-21,Mid Usage,The Crumble,-0.0771691251016646,-1.8697970825216015,-0.0334,16.440281030444964,0.3501
Jonas Valančiūnas,2020-21,Mid Usage,The Crumble,-0.47227504562218736,-1.2636606587114114,-0.0718,20.539343932380763,0.1894
Marcus Morris Sr.,2020-21,Mid Usage,The Reluctant Sniper,0.30147404873050304,-1.8863911199856973,0.0034,16.328062063409735,-0.2868
Clint Capela,2020-21,Mid Usage,The Reluctant Sniper,0.12449952183068555,-2.36873278939658,-0.0138,13.06617453203269,-2.0179
Jalen Brunson,2020-21,Mid Usage,The Reluctant Sniper,0.35703581880370155,-0.985117870335263,0.0088,22.42301956311957,1.0204
John Collins,2020-21,Mid Usage,The Reluctant Sniper,0.7305343842957582,-1.7695937207290242,0.0451,17.11791706556604,0.3303
Norman Powell,2020-21,Mid Usage,The Reluctant Sniper,0.1718299185597065,-1.3442813937654432,-0.0092,19.99413752140576,0.3931
Josh Richardson,2020-21,Mid Usage,The Crumble,-0.46301475060998765,-1.9480886985025188,-0.0709,15.910825538259466,-0.6338
Goran Dragic,2020-21,Mid Usage,The Reluctant Sniper,0.70789810759927,-0.63002164044043,0.0429,24.82439609388384,1.9882
Reggie Bullock Jr.,2020-21,Mid Usage,The Crumble,-0.808732431065445,-2.564039276630836,-0.1045,11.745393359871958,-0.2769
Shake Milton,2020-21,Mid Usage,The Crumble,-0.7017245775911368,-1.4156068438419,-0.0941,19.51179147703765,0.0384
Tim Hardaway Jr.,2020-21,Mid Usage,The Crumble,-0.2232760019608163,-1.5752733757358623,-0.0476,18.432029344524327,0.1363
Kendrick Nunn,2020-21,Mid Usage,The Crumble,-0.33645738544325765,-1.4437312347399478,-0.0586,19.321597252039503,1.1861
Dennis Schröder,2020-21,Mid Usage,The Reluctant Sniper,0.3055897354025918,-1.2797408224778126,0.0038,20.43060009161704,0.5064
Bam Adebayo,2020-21,Mid Usage,The Reluctant Sniper,0.3776142521641454,-0.8719281981694221,0.0108,23.188476921944396,1.5063
Kyle Anderson,2020-21,Mid Usage,The Crumble,-0.5350392673715412,-1.826195079979035,-0.0779,16.73514427253304,-0.5387
Tyler Herro,2020-21,Mid Usage,The Crumble,-1.273805025011477,-1.576547146136462,-0.1497,18.423415334889565,-0.9947
Kyle Kuzma,2020-21,Mid Usage,The Crumble,-1.9539222475741476,-2.305816215237482,-0.2158,13.491654646610346,-1.5202
Jimmy Butler III,2020-21,Mid Usage,The Crumble,-1.2964413017079652,-0.8475076374960633,-0.1519,23.353623595809328,0.0086
Montrezl Harrell,2018-19,Mid Usage,The Master,2.1617644245146312,0.07060516219052615,0.1842,29.562460367786937,1.302
Jarrett Allen,2018-19,Mid Usage,The Crumble,-0.08745834178188655,-0.8468774915809277,-0.0344,23.357885025484354,1.1242
Rodney Hood,2018-19,Mid Usage,The Crumble,-0.06070637841330951,-1.7470300906926306,-0.0318,17.270506045838488,-0.0923
Marcus Morris Sr.,2018-19,Mid Usage,The Reluctant Sniper,3.0754468657183396,-1.3813567164691638,0.273,19.743411655243808,0.59
Jimmy Butler III,2018-19,Mid Usage,The Reluctant Sniper,1.052586866386705,-0.17904603587766907,0.0764,27.87416723075279,1.1679
Eric Bledsoe,2018-19,Mid Usage,The Crumble,-0.037041180048799,-0.5124563683206208,-0.0295,25.61944391904672,0.4489
D.J. Augustin,2018-19,Mid Usage,The Reluctant Sniper,0.5700226040842958,-0.8032252459238681,0.0295,23.653088042049934,0.4421
Derrick White,2018-19,Mid Usage,The Reluctant Sniper,0.49079563564658685,-0.46240702695384345,0.0218,25.95790798489722,1.3997
Derrick Favors,2018-19,Mid Usage,The Reluctant Sniper,0.43111817890129955,-0.9438768985041807,0.016,22.701916080523887,1.8755
Ricky Rubio,2018-19,Mid Usage,The Master,0.45066769059372125,0.19621941589283018,0.0179,30.41194029850746,1.4456
Brook Lopez,2018-19,Mid Usage,The Reluctant Sniper,0.18109021357190624,-1.876020241940143,-0.0083,16.398196244077855,0.4097
Serge Ibaka,2018-19,Mid Usage,The Reluctant Sniper,0.333370620439191,-1.5553294609678454,0.0065,18.56690221791322,-0.1513
Terry Rozier,2018-19,Mid Usage,The Crumble,-0.967186367940863,-1.5522566528472743,-0.1199,18.587682414048974,-0.6111
Kyle Lowry,2018-19,Mid Usage,The Reluctant Sniper,0.14610687685915164,-0.7568071105926752,-0.0117,23.966995685674252,0.5647
Shai Gilgeous-Alexander,2018-19,Mid Usage,The Reluctant Sniper,2.229673254604096,-0.8910942476261415,0.1908,23.058864446569864,1.2244
Al Horford,2018-19,Mid Usage,The Crumble,-0.02057843336044391,-1.1254427328933982,-0.0279,21.47405755434345,0.5638
Gary Harris,2018-19,Mid Usage,The Reluctant Sniper,1.1307849131563918,-1.7592745828318834,0.084,17.187701347903403,0.174
Pascal Siakam,2018-19,Mid Usage,The Crumble,-0.4270024922292108,-0.9919391270932293,-0.0674,22.37689007902522,0.4447
Jaylen Brown,2018-19,Mid Usage,The Reluctant Sniper,0.5803118207645178,-1.5769463026875827,0.0305,18.420715995687214,0.284
Tyreke Evans,2018-19,Mid Usage,The Reluctant Sniper,1.0402398063704388,-0.14699199076049405,0.0752,28.09093616598829,3.7569
Steven Adams,2018-19,Mid Usage,The Reluctant Sniper,2.1185497144576986,-1.9756932771715598,0.18,15.724146599490943,0.9168
Austin Rivers,2018-19,Mid Usage,The Reluctant Sniper,0.4516966122617434,-2.101309727982719,0.018,14.87465181058496,0.3827
Ben Simmons,2018-19,Mid Usage,The Reluctant Sniper,0.24076767031719357,-0.8210310510433114,-0.0025,23.532674365628033,-0.7056
Domantas Sabonis,2018-19,Mid Usage,The Crumble,-1.0587603963948382,-1.0875394938842544,-0.1288,21.730382293762574,0.3622
Fred VanVleet,2018-19,Mid Usage,The Reluctant Sniper,0.17903237023586185,-1.7378129744996618,-0.0085,17.332837787613606,-0.1123
Al-Farouq Aminu,2018-19,Mid Usage,The Crumble,-0.01749166835637731,-2.307007794881357,-0.0276,13.48359646082734,0.5388
Jerami Grant,2018-19,Mid Usage,The Reluctant Sniper,0.8519471411223771,-2.364763560802585,0.0569,13.093016868245837,0.2583
Eric Gordon,2018-19,Mid Usage,The Reluctant Sniper,0.6389603558417829,-1.4802905122819117,0.0362,19.07436119690884,-0.2526
Monté Morris,2018-19,Mid Usage,The Crumble,-0.6317579041656275,-1.2410021607859283,-0.0873,20.692574466979064,0.4547
Malik Beasley,2018-19,Mid Usage,The Crumble,-0.8663520444746878,-1.7607756802019863,-0.1101,17.177550015133622,-0.3776
Enes Freedom,2018-19,Mid Usage,The Reluctant Sniper,1.850001159103906,-1.8676185449418072,0.1539,16.455013625654594,0.4742
Thaddeus Young,2018-19,Mid Usage,The Crumble,-0.2407676703171935,-1.6680377329741785,-0.0493,17.804700379557566,0.0939
Malcolm Brogdon,2018-19,Mid Usage,The Crumble,-0.043214710056932164,-0.8902601265658467,-0.0301,23.06450528015067,0.5672
Rudy Gobert,2018-19,Mid Usage,The Crumble,-3.473639551242929,-1.9723809143801387,-0.3635,15.746546809910106,-0.3634
Gordon Hayward,2018-19,Mid Usage,The Crumble,-0.6801172225626706,-1.9247411442490505,-0.092,16.068715890549687,-1.2342
Chris Paul,2018-19,Mid Usage,The Reluctant Sniper,1.5896839770942908,-0.5904738361372665,0.1286,25.091842383372754,1.3308
Bryn Forbes,2018-19,Mid Usage,The Reluctant Sniper,0.2119578636125721,-2.1568193506002653,-0.0053,14.499262004208147,-0.3418
Marc Gasol,2018-19,Mid Usage,The Reluctant Sniper,0.4733039672902095,-1.869850111735021,0.0201,16.439922414673156,0.2019
Paul Millsap,2018-19,Mid Usage,The Reluctant Sniper,0.645133885849916,-1.7860269185040833,0.0368,17.006785794264957,0.3869
Jae Crowder,2018-19,Mid Usage,The Reluctant Sniper,0.21607355028466085,-1.7217180247626442,-0.0049,17.441681620097413,0.046
Danny Green,2018-19,Mid Usage,The Crumble,-0.9877648013013068,-2.704801852719973,-0.1219,10.793471266160957,-1.0747
Darren Collison,2018-19,Mid Usage,The Crumble,-0.3652671921478791,-1.0203882305905507,-0.0614,22.18449995007346,0.529
Gerald Green,2018-19,Mid Usage,The Crumble,-1.686402613888377,-2.079574874307488,-0.1898,15.02163610138059,0.0755
Clint Capela,2018-19,Mid Usage,The Crumble,-2.1597065811785865,-2.192240162611722,-0.2358,14.259724944943631,-0.3902
Landry Shamet,2018-19,Mid Usage,The Crumble,-0.6276422174935388,-2.434106846739986,-0.0869,12.624075422527115,-0.6942
Rudy Gay,2018-19,Mid Usage,The Crumble,-1.0690496130750602,-1.4376131176565965,-0.1298,19.362971678292293,-1.0205
Langston Galloway,2018-19,Mid Usage,The Reluctant Sniper,0.2623750253456596,-2.5087108513218683,-0.0004,12.11955779991811,0.7094
Marco Belinelli,2018-19,Mid Usage,The Crumble,-0.17594560523179525,-2.154461272151117,-0.043,14.515208763899633,-0.9809
Danilo Gallinari,2018-19,Mid Usage,The Crumble,-1.1606236415290354,-0.5209001810925782,-0.1387,25.562341725011173,-0.0062
Patty Mills,2018-19,Mid Usage,The Crumble,-0.973359897948996,-1.696175782991983,-0.1205,17.614413783289734,-0.1567
Myles Turner,2018-19,Mid Usage,The Crumble,-0.5700226040842958,-2.271203950546392,-0.0813,13.725723817466937,-0.7251
Joe Ingles,2018-19,Mid Usage,The Crumble,-0.9095667545316202,-1.8443935628008923,-0.1143,16.61207507082153,-0.7374
Wesley Matthews,2018-19,Mid Usage,The Crumble,-0.687319674238826,-2.505494107899384,-0.0927,12.141311374047948,-0.9404
Spencer Dinwiddie,2018-19,Mid Usage,The Reluctant Sniper,0.0,-0.859529914020734,-0.0259,23.27232165492065,1.0201
Jonathan Isaac,2018-19,Mid Usage,The Crumble,-1.644216825499467,-2.897550693573998,-0.1857,9.48998645333724,-0.5934
DeMarre Carroll,2018-19,Mid Usage,The Crumble,-0.3343995421072133,-2.6951388149370925,-0.0584,10.858818600754086,0.0568
Joe Harris,2018-19,Mid Usage,The Crumble,-0.9640996029367964,-2.571920641878885,-0.1196,11.6920947778435,-1.0095
Kawhi Leonard,2022-23,Mid Usage,The Master,0.8488603761183104,1.460964705288768,0.0566,38.96491664593182,2.1493
Jimmy Butler III,2022-23,Mid Usage,The Bulldozer,-0.08437157677781995,0.4833882821177192,-0.0341,32.353950710510055,1.1129
Gabe Vincent,2022-23,Mid Usage,The Reluctant Sniper,0.23356521864103816,-1.1636067135555097,-0.0032,21.215969521390583,0.9602
Tobias Harris,2022-23,Mid Usage,The Reluctant Sniper,0.4990270089907644,-1.65068775083086,0.0226,17.922031503969908,0.7996
Rui Hachimura,2022-23,Mid Usage,The Reluctant Sniper,1.1966358999098123,-1.419884658093314,0.0904,19.48286229705352,0.539
Bogdan Bogdanović,2022-23,Mid Usage,The Reluctant Sniper,1.3818418001538075,-0.819145366844897,0.1084,23.545426508279185,0.7622
Marcus Smart,2022-23,Mid Usage,The Reluctant Sniper,1.3067305183881872,-0.777160019247728,0.1011,23.82935694703851,1.038
Derrick White,2022-23,Mid Usage,The Reluctant Sniper,1.121524618144192,-1.3390266059383091,0.0831,20.029673590504448,0.7503
Max Strus,2022-23,Mid Usage,The Reluctant Sniper,0.14816472019519603,-2.1244811923842257,-0.0115,14.717952284899491,-0.7617
Kentavious Caldwell-Pope,2022-23,Mid Usage,The Crumble,-0.7223030109515808,-2.249025046841056,-0.0961,13.875711044455656,-0.1232
Bruce Brown,2022-23,Mid Usage,The Reluctant Sniper,0.9280873445560196,-1.3272187754214368,0.0643,20.109525317150087,0.8075
Nic Claxton,2022-23,Mid Usage,The Crumble,-0.7223030109515808,-1.973106424620648,-0.0961,15.741640468705345,0.2607
Brook Lopez,2022-23,Mid Usage,The Reluctant Sniper,0.3426309154513908,-1.2521319976846985,0.0074,20.617307745257303,1.17
Grayson Allen,2022-23,Mid Usage,The Crumble,-0.032925493376710246,-1.751786742922417,-0.0291,17.23833867241129,0.3682
Norman Powell,2022-23,Mid Usage,The Reluctant Sniper,1.189433448233657,-0.30839037990967083,0.0897,26.99946216210833,1.6869
Mike Conley,2022-23,Mid Usage,The Reluctant Sniper,0.554588779063963,-1.1549975786697269,0.028,21.274189724041076,-0.1076
Malcolm Brogdon,2022-23,Mid Usage,The Crumble,-0.15639609353937356,-0.8303123053264263,-0.0411,23.469908883104807,0.0096
De'Anthony Melton,2022-23,Mid Usage,The Crumble,-1.0597893180628604,-2.087331814591536,-0.1289,14.969178956583058,-0.3771
Santi Aldama,2022-23,Mid Usage,The Crumble,-1.5248619120088924,-1.6834862002907198,-0.1741,17.700228454127075,-0.6048
Michael Porter Jr.,2022-23,Mid Usage,The Crumble,-1.1678260932051907,-1.7438252702959531,-0.1394,17.292178989221117,-0.3822
Aaron Gordon,2022-23,Mid Usage,The Reluctant Sniper,0.798443214385223,-1.7390596438807742,0.0517,17.324407051544366,0.2763
Anthony Davis,2022-23,Mid Usage,The Reluctant Sniper,0.2315073753049938,-0.5998472161039815,-0.0034,25.028453890983883,0.0448
Caris LeVert,2022-23,Mid Usage,The Crumble,-0.04835931839704314,-1.335103656417237,-0.0306,20.056202959498496,0.7152
D'Angelo Russell,2022-23,Mid Usage,The Reluctant Sniper,0.44655200392163247,-0.6508635331686717,0.0175,24.68345054774518,1.378
De'Andre Hunter,2022-23,Mid Usage,The Reluctant Sniper,0.44037847391349927,-1.6779091363418426,0.0169,17.737943950237444,0.551
Malik Monk,2022-23,Mid Usage,The Bulldozer,-0.5381260323756079,0.12078950603821922,-0.0782,29.90183740246665,0.7094
John Collins,2022-23,Mid Usage,The Reluctant Sniper,0.27780885036599257,-1.851764215997154,0.0011,16.562230234093335,1.3234
Russell Westbrook,2022-23,Mid Usage,The Bulldozer,-0.3097054220746806,0.5021845129492717,-0.056,32.48106224756886,0.6021
Bobby Portis,2022-23,Mid Usage,The Reluctant Sniper,0.029838728372643643,-1.4726499829646669,-0.023,19.12603109999534,0.2604
James Harden,2022-23,Mid Usage,The Bulldozer,-0.687319674238826,0.17897135093209807,-0.0927,30.29529840002809,-0.0837
Jaren Jackson Jr.,2022-23,Mid Usage,The Crumble,-0.5731093690883625,-1.3655600585260987,-0.0816,19.850238257317905,-0.1282
Tyrese Maxey,2022-23,Mid Usage,The Crumble,-0.34263091545139085,-0.9856737783211232,-0.0592,22.419260175443434,-0.1247
Dennis Schröder,2022-23,Mid Usage,The Reluctant Sniper,0.20578433360443893,-1.9125471058582482,-0.0059,16.151179389572427,-0.2418
Jarrett Allen,2022-23,Mid Usage,The Reluctant Sniper,0.08848726344990875,-2.4846166488678465,-0.0173,12.282497441146367,-1.42
Eric Gordon,2022-23,Mid Usage,The Crumble,-0.10803677514233047,-1.7837012529552914,-0.0364,17.02251335822397,0.2193
Keegan Murray,2022-23,Mid Usage,The Crumble,-0.08128481177375335,-2.2297444996915288,-0.0338,14.006097822819598,-0.1295
Desmond Bane,2022-23,Mid Usage,The Crumble,-0.7109848726033364,-0.4005546424160628,-0.095,26.376191402450885,-0.1011
Jalen McDaniels,2022-23,Mid Usage,The Reluctant Sniper,0.3776142521641454,-2.911116952418188,0.0108,9.398243165585749,-0.1534
Saddiq Bey,2022-23,Mid Usage,The Crumble,-0.6482206508539826,-2.134917158592189,-0.0889,14.647377938517177,-0.185
Harrison Barnes,2022-23,Mid Usage,The Crumble,-0.2263627669648828,-2.0662214165999515,-0.0479,15.111940298507463,-0.1403
Deandre Ayton,2022-23,Mid Usage,The Reluctant Sniper,0.3549779754676572,-1.8178175548039606,0.0086,16.791798189549475,-0.3533
Malik Beasley,2022-23,Mid Usage,The Crumble,-1.1410741298366138,-2.1937005651646664,-0.1368,14.24984881526141,-1.1847
Dillon Brooks,2022-23,Mid Usage,The Crumble,-0.5298946590314302,-1.7696203807315773,-0.0774,17.117736774425072,0.0638
Immanuel Quickley,2022-23,Mid Usage,The Crumble,-0.5875142724406732,-1.7488587278833005,-0.083,17.25813968972635,-0.3221
Quentin Grimes,2022-23,Mid Usage,The Crumble,-1.527948677012959,-2.8586677375217815,-0.1744,9.75293663486461,-0.3179
Domantas Sabonis,2022-23,Mid Usage,The Crumble,-0.9548393079245966,-0.6962445595852802,-0.1187,24.37655646494652,1.1335
Royce O'Neale,2022-23,Mid Usage,The Crumble,-1.7203570289331094,-2.451644988270129,-0.1931,12.505471849979525,-0.8567
Tyus Jones,2022-23,Mid Usage,The Crumble,-2.44266003988469,-1.645170568365642,-0.2633,17.95934204509236,-0.2318
Chris Paul,2022-23,Mid Usage,The Reluctant Sniper,0.29530051872236984,-0.7910895192016458,0.0028,23.73515720212844,1.227
Evan Mobley,2022-23,Mid Usage,The Crumble,-1.2943834583719207,-2.4849328809205375,-0.1517,12.280358887803144,-2.1543
Marcus Morris Sr.,2022-23,Mid Usage,The Crumble,-1.4641555335955827,-2.2794605330746336,-0.1682,13.669887788136212,-0.4629
Kevin Huerter,2022-23,Mid Usage,The Crumble,-0.6636544758743156,-2.0910126884065834,-0.0904,14.944286650644528,0.1518
Anthony Edwards,2023-24,High Usage,The Master,0.9865651751978121,0.5990040650413518,0.0368,33.135814904846825,0.1013
Jalen Brunson,2023-24,High Usage,The Bulldozer,-0.10591189961971437,1.5266059402234222,-0.0287,39.408822572697495,1.0504
Tyrese Maxey,2023-24,High Usage,The Bulldozer,-1.0666245638867302,0.4855207657854472,-0.0863,32.36837186117515,0.8163
Michael Porter Jr.,2023-24,High Usage,The Reluctant Sniper,0.6279658300287004,-1.7930826079388902,0.0153,16.95907093392379,-0.166
Donovan Mitchell,2023-24,High Usage,The Master,1.1250012014723996,0.8074713456439103,0.0451,34.545597360772916,1.8454
Damian Lillard,2023-24,High Usage,The Master,0.36777281678971696,0.980907337497935,-0.0003,35.71847695048702,1.1243
Anthony Davis,2023-24,High Usage,The Master,1.3568398478840578,0.026030553986534772,0.059,29.26101977507555,1.0208
Shai Gilgeous-Alexander,2023-24,High Usage,The Bulldozer,-0.1359341703780586,1.014345772909218,-0.0305,35.94460797431094,0.4263
Nikola Jokić,2023-24,High Usage,The Master,0.08089334065442753,1.221030005286749,-0.0175,37.34233237441912,0.4166
Jaylen Brown,2023-24,High Usage,The Reluctant Sniper,0.8698119000264735,-0.18148202848027903,0.0298,27.85769356820009,0.1471
LeBron James,2023-24,High Usage,The Bulldozer,-0.18096757651557496,1.052042909197161,-0.0332,36.19953892186197,0.3284
Jayson Tatum,2023-24,High Usage,The Bulldozer,-0.26603067699755034,0.22623745105742155,-0.0383,30.614940496975507,-0.5527
Kyrie Irving,2023-24,High Usage,The Crumble,-0.7347116816139243,-0.3262917298694199,-0.0664,26.878402353405008,-0.1578
Devin Booker,2023-24,High Usage,The Bulldozer,-1.0199232538181946,0.38408071171676583,-0.0835,31.682372561232892,0.7714
Pascal Siakam,2023-24,High Usage,The Reluctant Sniper,1.5669957431924675,-0.20991403549184667,0.0716,27.665419056076082,1.058
Paolo Banchero,2023-24,High Usage,The Master,2.122407752221836,0.3890898116680275,0.1049,31.716247139588102,2.0957
Paul George,2023-24,High Usage,The Crumble,-0.3811160482378699,-0.4595401251076582,-0.0452,25.97729571765764,-0.5865
Bam Adebayo,2023-24,High Usage,The Crumble,-0.15761692148130726,-0.38805316640932946,-0.0318,26.4607339814903,1.8971
Luka Dončić,2023-24,High Usage,The Bulldozer,-1.2100643019543749,1.0375991854184257,-0.0949,36.10186168290799,0.1435
Tyrese Haliburton,2023-24,High Usage,The Master,0.4394926858235393,0.4375095317323956,0.004,32.0436907157229,0.5317
Franz Wagner,2023-24,High Usage,The Crumble,-0.06588220527525539,-0.6376879213059182,-0.0263,24.772552043176564,-0.366
Kevin Durant,2023-24,High Usage,The Reluctant Sniper,0.1442736900331543,-0.2976303126151382,-0.0137,27.07222827702368,0.1664
CJ McCollum,2023-24,High Usage,The Reluctant Sniper,0.234340502308187,-0.7131044896194468,-0.0083,24.26253937074542,1.7376
D'Angelo Russell,2023-24,High Usage,The Crumble,-1.271776747402082,-1.3459503223884908,-0.0986,19.98285121169728,-0.5421
Kawhi Leonard,2023-24,High Usage,The Reluctant Sniper,0.30439246741099024,-1.6148350076677223,-0.0041,18.164489544205864,0.6626
Ja Morant,2021-22,High Usage,The Bulldozer,-1.42855971691788,1.6288311880949837,-0.108,40.10013183036838,-1.594
Jordan Poole,2021-22,High Usage,The Master,1.2167359176784514,0.07348781561355584,0.0506,29.581954622283643,0.5535
Stephen Curry,2021-22,High Usage,The Master,1.2834520749192162,1.2450587299382188,0.0546,37.504829214949716,2.1427
Nikola Jokić,2021-22,High Usage,The Master,1.27678045919514,1.875146156117111,0.0542,41.76586335210115,5.0807
Jayson Tatum,2021-22,High Usage,The Master,0.5395669216846868,0.23162697974837776,0.01,30.651387765689613,-0.2177
Jordan Clarkson,2021-22,High Usage,The Reluctant Sniper,2.00065076525744,-0.6423451667979773,0.0976,24.74105691852838,1.9083
Tyrese Maxey,2021-22,High Usage,The Reluctant Sniper,0.9815614634047547,-0.7957120162745422,0.0365,23.703897067410402,0.5187
Giannis Antetokounmpo,2021-22,High Usage,The Bulldozer,-1.1700346076099155,1.6614259526980197,-0.0925,40.320557439411594,0.1983
Luka Dončić,2021-22,High Usage,The Master,0.2710343887906077,1.669141487411361,-0.0061,40.37273457457409,0.9664
Desmond Bane,2021-22,High Usage,The Reluctant Sniper,1.039938100990424,-1.0144259489400116,0.04,22.224820522414234,-0.1842
Anthony Edwards,2021-22,High Usage,The Reluctant Sniper,1.3785225989873064,-0.12625864355111138,0.0603,28.231147661355458,0.919
Devin Booker,2021-22,High Usage,The Master,0.4378247818925202,0.049105971193543894,0.0039,29.417069771255225,-0.3713
Khris Middleton,2021-22,High Usage,The Reluctant Sniper,1.2984632102983884,-0.5776822857163905,0.0555,25.178346621905156,0.2979
Jaylen Brown,2021-22,High Usage,The Crumble,-0.007505567689586043,-0.3566869342223317,-0.0228,26.672851507645582,-0.5787
Tobias Harris,2021-22,High Usage,The Reluctant Sniper,1.1016505464381317,-1.380602874368359,0.0437,19.74850959370773,0.539
Nikola Vučević,2021-22,High Usage,The Reluctant Sniper,0.1859712883086324,-0.7377922404134774,-0.0112,24.095585794888812,1.0362
Jaren Jackson Jr.,2021-22,High Usage,The Reluctant Sniper,0.32774312244525794,-1.0701026562029095,-0.0027,21.848300788113047,0.3222
Pascal Siakam,2021-22,High Usage,The Reluctant Sniper,0.811435262440804,-0.425070101766121,0.0263,26.21040296605557,0.6446
Zach LaVine,2021-22,High Usage,The Crumble,-0.3360826421003536,-0.35803226690560314,-0.0425,26.663753550360497,-1.7654
Andrew Wiggins,2021-22,High Usage,The Reluctant Sniper,0.2693664848595886,-1.364254298415514,-0.0062,19.859068600814638,0.2927
Donovan Mitchell,2021-22,High Usage,The Master,0.4361568779615011,0.4311176291105793,0.0038,32.000464785254685,1.2275
Tyler Herro,2021-22,High Usage,The Crumble,-0.16262063327436455,-0.7811951097151391,-0.0321,23.802069212807083,-0.2194
Fred VanVleet,2021-22,High Usage,The Crumble,-0.60961888678749,-0.781937870567217,-0.0589,23.797046212482133,-0.8455
Gary Trent Jr.,2021-22,High Usage,The Crumble,-0.010841375551624273,-1.5228518375472522,-0.023,18.786535647083422,0.0086
CJ McCollum,2021-22,High Usage,The Crumble,-0.5495743452708015,-0.2836156472757709,-0.0553,27.167003962032894,-0.3045
Karl-Anthony Towns,2021-22,High Usage,The Crumble,-1.0682924678177492,-0.6865245555787945,-0.0864,24.442289039767218,-1.4009
Kevin Durant,2021-22,High Usage,The Bulldozer,-2.097389193256549,0.00919614103453843,-0.1481,29.14717524289313,-0.1144
Joel Embiid,2021-22,High Usage,The Reluctant Sniper,0.0508710698960833,-0.6048223561572125,-0.0193,24.99480897009967,-1.3545
DeMar DeRozan,2021-22,High Usage,The Crumble,-0.7530586248551348,-0.6352679848429164,-0.0675,24.78891712435446,-0.7337
Trae Young,2021-22,High Usage,The Crumble,-2.3892723811848957,-0.8184351792168333,-0.1656,23.550229228665646,-2.5532
Damian Lillard,2020-21,High Usage,The Master,0.5295594980985721,2.08682825698841,0.0094,43.19738637662259,0.417
Luka Dončić,2020-21,High Usage,The Bulldozer,-0.3594332971346213,2.4807363812423664,-0.0439,45.86123252655489,0.8671
Donovan Mitchell,2020-21,High Usage,The Master,1.2167359176784514,1.9436000077218294,0.0506,42.22878990227228,1.8647
Trae Young,2020-21,High Usage,The Master,0.22266517479105316,1.778970318500223,-0.009,41.115463883348156,0.8794
Jayson Tatum,2020-21,High Usage,The Bulldozer,-0.03752783844793028,1.1019702145489159,-0.0246,36.537177706006524,0.6277
Dillon Brooks,2020-21,High Usage,The Master,2.1574337347732375,0.13196219394593173,0.107,29.977393908755328,3.3621
Devin Booker,2020-21,High Usage,The Bulldozer,-0.2927171398938563,0.19884096612652474,-0.0399,30.42966881454177,-0.097
Giannis Antetokounmpo,2020-21,High Usage,The Master,0.5812645199601649,0.9988898132613676,0.0125,35.84008538118237,0.5724
Khris Middleton,2020-21,High Usage,The Crumble,-0.3510937774795257,-0.1502907270019427,-0.0434,28.068628106582132,0.3726
Nikola Jokić,2020-21,High Usage,The Bulldozer,-0.4178099347202906,1.447692814614433,-0.0474,38.87516405465915,2.4436
Jordan Clarkson,2020-21,High Usage,The Crumble,-0.12592674679194385,-0.3919672752347513,-0.0299,26.434264398653532,-0.4203
RJ Barrett,2020-21,High Usage,The Crumble,-1.4969437780896642,-1.1901660509730023,-0.1121,21.03635913925303,0.0354
Bradley Beal,2020-21,High Usage,The Bulldozer,-0.43949268582353923,0.6425020563173673,-0.0487,33.429974759533394,-0.5941
Russell Westbrook,2020-21,High Usage,The Bulldozer,-0.6546522929250064,0.946284020160027,-0.0616,35.484333034914954,-0.3511
Kyrie Irving,2020-21,High Usage,The Crumble,-0.009173471620605158,-0.2005447501917549,-0.0229,27.728779857840546,-0.5
Julius Randle,2020-21,High Usage,The Crumble,-1.1533555682997243,-0.7581592159922436,-0.0915,23.957851927165173,0.299
Reggie Jackson,2018-19,High Usage,The Master,0.904837882577875,1.280186480293437,0.0319,37.74238441317458,3.7729
Joel Embiid,2018-19,High Usage,The Master,0.1242588428609248,0.11765749438506069,-0.0149,29.88065683606018,-0.0676
Stephen Curry,2018-19,High Usage,The Master,1.0766319874728447,0.7925667806221384,0.0422,34.44480363323846,0.3642
Kawhi Leonard,2018-19,High Usage,The Bulldozer,-0.08089334065442748,0.6459277950942839,-0.0272,33.453141687275355,0.1197
Kevin Durant,2018-19,High Usage,The Master,0.5312274020295912,1.3392714967044324,0.0095,38.14195320547408,1.3061
Blake Griffin,2018-19,High Usage,The Master,0.3027245634799711,1.8392287310806992,-0.0042,41.52296789372507,4.2432
Klay Thompson,2018-19,High Usage,The Reluctant Sniper,0.3444221617554492,-1.0404994822028715,-0.0017,22.04849544323759,-0.6949
Lou Williams,2018-19,High Usage,The Master,0.7630660484412494,1.7063745902550493,0.0234,40.62452744593982,1.3001
Nikola Jokić,2018-19,High Usage,The Bulldozer,-0.14760949789519245,0.7597640538435425,-0.0312,34.22297165756662,-0.097
CJ McCollum,2018-19,High Usage,The Crumble,-0.7263721619588287,-0.25046612323411077,-0.0659,27.391181191577754,0.4465
Khris Middleton,2018-19,High Usage,The Reluctant Sniper,0.25101954161837825,-0.6537522900358379,-0.0073,24.663915018049607,0.5247
Aaron Gordon,2018-19,High Usage,The Crumble,-0.33274683423831525,-0.9537631088003666,-0.0423,22.635059517753586,-0.2115
Damian Lillard,2018-19,High Usage,The Master,0.5045409391332851,0.5221037121857064,0.0079,32.61576797951132,0.2655
Kyrie Irving,2018-19,High Usage,The Bulldozer,-1.3935337343664782,0.3174583110360476,-0.1059,31.231831395348838,-0.5665
Jayson Tatum,2018-19,High Usage,The Crumble,-1.0182553498871754,-1.3706296817532093,-0.0834,19.815954383785915,-0.5997
Jamal Murray,2018-19,High Usage,The Crumble,-0.556245960994878,-0.14391819328928132,-0.0557,28.1117230527144,0.1991
Giannis Antetokounmpo,2018-19,High Usage,The Bulldozer,-0.35276168141054476,0.800858260068947,-0.0435,34.50087565674256,0.0814
Tobias Harris,2018-19,High Usage,The Crumble,-0.891494651129722,-1.2012258658886954,-0.0758,20.96156594873955,-0.4677
Paul George,2018-19,High Usage,The Master,0.716364738372714,0.1380611895924957,0.0206,30.01863902423073,0.5455
Dennis Schröder,2018-19,High Usage,The Reluctant Sniper,1.935602511947694,-0.9622526625017139,0.0937,22.57764799575259,0.67
Bojan Bogdanovic,2018-19,High Usage,The Crumble,-2.007322380981516,-1.108009929724689,-0.1427,21.59194876486734,-0.4527
LaMarcus Aldridge,2018-19,High Usage,The Crumble,-1.6353798043642513,-0.6244087329321909,-0.1204,24.862353985928,-0.6271
JJ Redick,2018-19,High Usage,The Reluctant Sniper,0.6930140833384463,-1.6140985590483337,0.0192,18.169469857376853,-0.1665
DeMar DeRozan,2018-19,High Usage,The Reluctant Sniper,0.5612496727879354,-0.00919614103453843,0.0113,29.022795452882523,0.3609
Terrence Ross,2018-19,High Usage,The Crumble,-0.07922543672340836,-1.511893090868182,-0.0271,18.860645352752513,-0.3297
Russell Westbrook,2018-19,High Usage,The Master,0.301056659548952,0.9221259324778317,-0.0043,35.320961362944935,0.294
Andre Drummond,2018-19,High Usage,The Crumble,-0.05253897382710236,-1.3538262434940234,-0.0255,19.929589446269418,0.218
James Harden,2018-19,High Usage,The Master,0.007505567689586101,1.4407649739759116,-0.0219,38.82831378558379,0.1598
Evan Fournier,2018-19,High Usage,The Crumble,-0.32607521851423876,-1.957468229152715,-0.0419,15.847395451210566,-0.1044
Nikola Vučević,2018-19,High Usage,The Crumble,-2.9363448705591684,-1.4651959227056124,-0.1984,19.176439985976184,-2.5027
Donovan Mitchell,2018-19,High Usage,The Crumble,-1.5386413763651423,-0.6902182157840955,-0.1146,24.417310264486346,-0.9139
D'Angelo Russell,2018-19,High Usage,The Bulldozer,-2.0890496736014534,0.16099260034073049,-0.1476,30.173715161210374,-0.1769
Nikola Jokić,2022-23,High Usage,The Bulldozer,-0.3844518560999082,1.6713975996893435,-0.0454,40.38799177704205,2.1712
Anthony Edwards,2022-23,High Usage,The Master,1.3768546950562872,0.9788075276673401,0.0602,35.70427676016748,0.8468
Devin Booker,2022-23,High Usage,The Master,1.350168232159981,1.3805812182971133,0.0586,38.4213146505518,0.8424
Jalen Brunson,2022-23,High Usage,The Bulldozer,-0.7347116816139243,0.49519205860695603,-0.0664,32.43377502135682,0.3585
Jamal Murray,2022-23,High Usage,The Master,1.6854169222948252,0.5990147543896085,0.0787,33.13588719271662,1.4996
Mikal Bridges,2022-23,High Usage,The Reluctant Sniper,1.883897490086101,-0.31017091268711483,0.0906,26.987421117275844,1.6399
LeBron James,2022-23,High Usage,The Master,0.35943329713462135,0.41004788291451333,-0.0008,31.85797835547936,-0.2559
RJ Barrett,2022-23,High Usage,The Reluctant Sniper,0.7213684501657712,-0.6547441315107086,0.0209,24.657207583164425,0.2533
Dejounte Murray,2022-23,High Usage,The Master,2.1174040404287786,0.340337536223526,0.1046,31.386554621848745,1.2238
Jayson Tatum,2022-23,High Usage,The Bulldozer,-0.1659564411364029,0.36602084826333425,-0.0323,31.56024078794225,-0.5523
Jaylen Brown,2022-23,High Usage,The Reluctant Sniper,0.20431823154984277,-0.3676717737931811,-0.0101,26.59856534598326,-0.8265
Trae Young,2022-23,High Usage,The Bulldozer,-0.4778544762369791,1.8653248680466874,-0.051,41.699445832880585,0.7901
De'Aaron Fox,2022-23,High Usage,The Bulldozer,-0.3360826421003536,1.0898380687800682,-0.0425,36.455132762511205,1.1696
Stephen Curry,2022-23,High Usage,The Master,0.28437762023876073,1.2532468680290794,-0.0053,37.56020238139497,1.1314
Donovan Mitchell,2022-23,High Usage,The Bulldozer,-0.03419203058589205,0.08011340789932678,-0.0244,29.626760904293945,-0.7241
Bam Adebayo,2022-23,High Usage,The Reluctant Sniper,0.5629175767189545,-0.9204093436257351,0.0114,22.860617949975477,0.2542
Spencer Dinwiddie,2022-23,High Usage,The Crumble,-0.09757237996461873,-0.7938621503304722,-0.0282,23.716406985255674,0.1675
Klay Thompson,2022-23,High Usage,The Crumble,-0.8731477078885116,-1.063326127995301,-0.0747,21.894127790564276,-1.1815
Julius Randle,2022-23,High Usage,The Crumble,-0.959878712301506,-0.7477634816998462,-0.0799,24.028154200881843,-0.1923
Darius Garland,2022-23,High Usage,The Reluctant Sniper,0.582932423891184,-0.3334775661810326,0.0126,26.82980736078081,0.6311
Giannis Antetokounmpo,2022-23,High Usage,The Master,0.09924028389563791,1.171473252162683,-0.0164,37.00719948965643,0.1023
Ja Morant,2022-23,High Usage,The Master,0.744719105200039,0.6932929698887718,0.0223,33.77345378735233,0.3641
Jrue Holiday,2022-23,High Usage,The Crumble,-1.213400109816413,-0.14224563562146778,-0.0951,28.12303390422929,-0.5123
Jordan Poole,2022-23,High Usage,The Crumble,-2.4643280580807563,-0.49736127485413767,-0.1701,25.721526115725748,-0.3254
Joel Embiid,2022-23,High Usage,The Crumble,-1.0182553498871754,-0.3605710209343698,-0.0834,26.64658495258668,-1.1694
