PLAYER_ID,PLAYER_NAME,SEASON,SHOT_QUALITY_GENERATION_DELTA
977,Kobe Bryant,2015-16,-0.07945666929229556
1495,Tim Duncan,2015-16,-0.07788757172319805
1717,Dirk Nowitzki,2015-16,0.023032677042121225
2037,Jamal Crawford,2015-16,-0.046341353235803046
2199,Tyson Chandler,2015-16,0.014532341696715412
2200,Pau Gasol,2015-16,-0.007994657840963676
2207,Joe Johnson,2015-16,-0.0025184814167527325
2216,Zach Randolph,2015-16,-0.024456759577597076
2225,Tony Parker,2015-16,0.03743630103325904
2440,Matt Barnes,2015-16,-0.0677662332076989
2449,Luis Scola,2015-16,0.017029269500094868
2544,LeBron James,2015-16,0.09672645425082799
2546,Carmelo Anthony,2015-16,0.0065071928871916485
2547,Chris Bosh,2015-16,0.024156151220524946
2548,Dwyane Wade,2015-16,0.00894619610016592
2585,Zaza Pachulia,2015-16,-0.08697520191478858
2594,Kyle Korver,2015-16,0.028169079569434624
2730,Dwight Howard,2015-16,0.1302228178871916
2734,Devin Harris,2015-16,0.029762211826585533
2736,Luol Deng,2015-16,0.015575759063662264
2738,Andre Iguodala,2015-16,0.06790909239699558
2747,JR Smith,2015-16,0.02752691145444311
2754,Tony Allen,2015-16,-0.00017561961280837535
2772,Trevor Ariza,2015-16,0.00784161221343277
101106,Andrew Bogut,2015-16,0.058431186366259935
101107,Marvin Williams,2015-16,0.04076703557426642
101108,Chris Paul,2015-16,0.012018782012752166
101109,Raymond Felton,2015-16,-0.08997493130894985
101114,Deron Williams,2015-16,0.0008080134179178633
101123,Gerald Green,2015-16,-0.06796774815054424
101133,Ian Mahinmi,2015-16,-0.0055009390188857366
101138,Brandon Bass,2015-16,0.04320063081070441
101139,CJ Miles,2015-16,-0.00652458695709901
101141,Ersan Ilyasova,2015-16,0.026128858155648027
101145,Monta Ellis,2015-16,0.008796618625198982
101150,Lou Williams,2015-16,-0.008469710848440587
101161,Amir Johnson,2015-16,0.03615138931576306
101162,Marcin Gortat,2015-16,0.0865819728167691
101181,Jose Calderon,2015-16,0.0073771803032989525
200746,LaMarcus Aldridge,2015-16,-0.020298549634175905
200751,Randy Foye,2015-16,-0.053069634942997046
200752,Rudy Gay,2015-16,-0.003777182112808336
200755,JJ Redick,2015-16,0.0459105311977718
200757,Thabo Sefolosha,2015-16,0.042133860831976955
200765,Rajon Rondo,2015-16,-0.017056157854048237
200768,Kyle Lowry,2015-16,0.06935514752269081
200782,P.J. Tucker,2015-16,-0.020371407036820527
200794,Paul Millsap,2015-16,-0.027028800235785688
200826,J.J. Barea,2015-16,0.03784403000840375
201142,Kevin Durant,2015-16,0.07346997050678161
201143,Al Horford,2015-16,0.02604756015523285
201144,Mike Conley,2015-16,-0.020589063300927163
201145,Jeff Green,2015-16,-0.026199542361255573
201147,Corey Brewer,2015-16,-0.0851279283814651
201152,Thaddeus Young,2015-16,-0.014016839744762699
201155,Rodney Stuckey,2015-16,-0.08420737079205368
201158,Marco Belinelli,2015-16,-0.010952981199566364
201162,Jared Dudley,2015-16,0.0800286431299101
201167,Arron Afflalo,2015-16,0.05772281788719158
201188,Marc Gasol,2015-16,-0.027833520140977397
201196,Ramon Sessions,2015-16,0.02192281788719161
201565,Derrick Rose,2015-16,-0.015198234744387334
201566,Russell Westbrook,2015-16,-0.022451406456483775
201567,Kevin Love,2015-16,-0.013756616560109097
201568,Danilo Gallinari,2015-16,-0.009505123289278994
201572,Brook Lopez,2015-16,-0.029531873801816405
201573,Jerryd Bayless,2015-16,0.050038035278495985
201577,Robin Lopez,2015-16,-0.029893439201655242
201579,Roy Hibbert,2015-16,-0.058360515446141736
201583,Ryan Anderson,2015-16,0.007580311744685514
201584,Courtney Lee,2015-16,-0.003627384541958184
201586,Serge Ibaka,2015-16,-0.01617051544614173
201587,Nicolas Batum,2015-16,0.0028626163758565804
201588,George Hill,2015-16,0.019427515873768814
201589,Darrell Arthur,2015-16,-0.034137182112808334
201596,Mario Chalmers,2015-16,-0.0413325099816608
201599,DeAndre Jordan,2015-16,0.27601664504768547
201609,Goran Dragic,2015-16,0.020318800030048767
201935,James Harden,2015-16,0.017131471733345505
201937,Ricky Rubio,2015-16,-0.06520320252097161
201939,Stephen Curry,2015-16,0.10724497446030828
201941,Jordan Hill,2015-16,-0.053238938486746046
201942,DeMar DeRozan,2015-16,-0.03595093344118244
201950,Jrue Holiday,2015-16,-0.0208813886137644
201951,Ty Lawson,2015-16,-0.05738487442050072
201952,Jeff Teague,2015-16,0.020112145950432758
201954,Darren Collison,2015-16,0.0390187948986859
201956,Omri Casspi,2015-16,0.038222817887191646
201959,Taj Gibson,2015-16,0.01006750453569305
201961,Wayne Ellington,2015-16,-0.02597813905060739
201962,Toney Douglas,2015-16,-0.017941739074833735
201967,Dante Cunningham,2015-16,-0.007475234060860314
201976,Patrick Beverley,2015-16,0.018342817887191637
201980,Danny Green,2015-16,-0.033796735185434024
201988,Patty Mills,2015-16,0.04668833512857096
202066,Garrett Temple,2015-16,-0.0244291158144658
202083,Wesley Matthews,2015-16,-0.03383900029462658
202087,Alonzo Gee,2015-16,0.023646175551425175
202322,John Wall,2015-16,-0.024737283980380526
202323,Evan Turner,2015-16,-0.06855625188025025
202324,Derrick Favors,2015-16,-0.04734614763004974
202325,Wesley Johnson,2015-16,0.0013073249294451306
202326,DeMarcus Cousins,2015-16,-0.038782649913537415
202328,Greg Monroe,2015-16,-0.011594146398522687
202329,Al-Farouq Aminu,2015-16,-0.03152108455183275
202330,Gordon Hayward,2015-16,-0.006574779155322258
202331,Paul George,2015-16,0.02105971628291356
202334,Ed Davis,2015-16,0.06381245646272299
202335,Patrick Patterson,2015-16,0.0291595648751434
202340,Avery Bradley,2015-16,0.026069824539076303
202344,Trevor Booker,2015-16,-0.01994509256056959
202355,Hassan Whiteside,2015-16,0.06495637433618479
202388,Donald Sloan,2015-16,0.03684843365073845
202391,Jeremy Lin,2015-16,-0.052782722279013344
202397,Ish Smith,2015-16,-0.03874777034810248
202498,Lance Thomas,2015-16,-0.024516071001697254
202681,Kyrie Irving,2015-16,-0.03674718211280839
202683,Enes Freedom,2015-16,0.07519669848420651
202684,Tristan Thompson,2015-16,0.047756186366259945
202685,Jonas Valančiūnas,2015-16,0.07086893660865279
202687,Bismack Biyombo,2015-16,0.02993107425863667
202688,Brandon Knight,2015-16,-0.009379746215372492
202689,Kemba Walker,2015-16,0.010706762841320078
202691,Klay Thompson,2015-16,0.07043593264129006
202693,Markieff Morris,2015-16,-0.0308294609331837
202694,Marcus Morris Sr.,2015-16,0.008513654540578064
202695,Kawhi Leonard,2015-16,0.07291183092257342
202696,Nikola Vučević,2015-16,-0.02132204345049185
202697,Iman Shumpert,2015-16,-0.0570044548400811
202699,Tobias Harris,2015-16,0.02260667615490819
202702,Kenneth Faried,2015-16,-0.02512994284900469
202703,Nikola Mirotic,2015-16,-0.001799133332320596
202704,Reggie Jackson,2015-16,-0.023182007850073766
202709,Cory Joseph,2015-16,-0.08084625118187747
202710,Jimmy Butler III,2015-16,-0.017887781191149393
202711,Bojan Bogdanovic,2015-16,0.011861706776080533
202714,Shelvin Mack,2015-16,-0.02990096852057536
202718,Chandler Parsons,2015-16,0.10294336169383816
202730,Lavoy Allen,2015-16,-0.00522062102683557
202734,E'Twaun Moore,2015-16,0.06909417711049262
202738,Isaiah Thomas,2015-16,0.02756482532213589
203076,Anthony Davis,2015-16,0.033605571291125014
203078,Bradley Beal,2015-16,0.006218380017369102
203079,Dion Waiters,2015-16,-0.06128619112181735
203081,Damian Lillard,2015-16,0.02110906127343498
203082,Terrence Ross,2015-16,0.020908003072376807
203083,Andre Drummond,2015-16,0.0799997655926345
203084,Harrison Barnes,2015-16,0.01926127942565317
203085,Austin Rivers,2015-16,0.017793684028923895
203086,Meyers Leonard,2015-16,0.031695294951411795
203093,Terrence Jones,2015-16,-0.013773166048551333
203095,Evan Fournier,2015-16,0.039800426029685254
203096,Jared Sullinger,2015-16,-0.06822413171493039
203109,Jae Crowder,2015-16,0.019785317887191622
203110,Draymond Green,2015-16,0.04284129614806115
203114,Khris Middleton,2015-16,0.08258293693481067
203115,Will Barton,2015-16,0.0073056908153683875
203138,Hollis Thompson,2015-16,0.025583602200917127
203141,Mirza Teletovic,2015-16,0.042080184658351505
203145,Kent Bazemore,2015-16,-0.010054789474771564
203457,Nerlens Noel,2015-16,-0.05787645572055655
203458,Alex Len,2015-16,-0.09490157824807405
203459,Allen Crabbe,2015-16,0.04322103852776102
203460,Andre Roberson,2015-16,-0.005964205013571755
203463,Ben McLemore,2015-16,0.0030898699103130145
203468,CJ McCollum,2015-16,0.05152651632246899
203469,Cody Zeller,2015-16,-0.07726936961280836
203471,Dennis Schröder,2015-16,-0.06285410518973147
203476,Gorgui Dieng,2015-16,-0.007262212052928152
203477,Isaiah Canaan,2015-16,-0.04122844565071454
203482,Kelly Olynyk,2015-16,0.03364589481026853
203484,Kentavious Caldwell-Pope,2015-16,-0.020421512009715592
203486,Mason Plumlee,2015-16,0.12104286619637036
203487,Michael Carter-Williams,2015-16,-0.01839880373442998
203490,Otto Porter Jr.,2015-16,0.02168710360147741
203496,Robert Covington,2015-16,0.05053654337738772
203497,Rudy Gobert,2015-16,0.033182853032926674
203498,Shabazz Muhammad,2015-16,-0.008149642609422358
203499,Shane Larkin,2015-16,0.0002467222696617144
203500,Steven Adams,2015-16,0.056285353032926644
203503,Tony Snell,2015-16,-0.06310816802830133
203504,Trey Burke,2015-16,-0.02022008868720282
203506,Victor Oladipo,2015-16,-0.012296369471724827
203507,Giannis Antetokounmpo,2015-16,-0.012616385788152912
203521,Matthew Dellavedova,2015-16,0.023544769106703806
203897,Zach LaVine,2015-16,0.014482413846787584
203901,Elfrid Payton,2015-16,-0.02557972988350901
203903,Jordan Clarkson,2015-16,0.033912733853578236
203914,Gary Harris,2015-16,0.028515061654504625
203917,Nik Stauskas,2015-16,-0.032120784008542985
203918,Rodney Hood,2015-16,-0.0008977354724922226
203924,Jerami Grant,2015-16,-0.08904444553991836
203926,Doug McDermott,2015-16,0.04011615122052492
203932,Aaron Gordon,2015-16,-0.01810009877947502
203935,Marcus Smart,2015-16,-0.1334394955456442
203944,Julius Randle,2015-16,-0.1059741518097781
203952,Andrew Wiggins,2015-16,0.018242335682828792
203953,Jabari Parker,2015-16,-0.028739480137943058
203999,Nikola Jokić,2015-16,-0.003937080589965725
204001,Kristaps Porziņģis,2015-16,-0.03433831748398741
204038,Langston Galloway,2015-16,-0.03398271570964628
1626143,Jahlil Okafor,2015-16,0.02540544009760326
1626144,Emmanuel Mudiay,2015-16,-0.09884008883732032
1626156,D'Angelo Russell,2015-16,0.00997281788719162
1626157,Karl-Anthony Towns,2015-16,0.023159819482088007
1626159,Justise Winslow,2015-16,-0.07424103753449512
1626161,Willie Cauley-Stein,2015-16,0.027272817887191658
1626163,Frank Kaminsky,2015-16,-0.040455490936337796
1626164,Devin Booker,2015-16,-0.0064400687107465104
1626167,Myles Turner,2015-16,-0.021125008199764955
1626169,Stanley Johnson,2015-16,-0.07697162655725279
1626196,Josh Richardson,2015-16,0.06533881788719162
1626204,Larry Nance Jr.,2015-16,-0.020944924048292263
1713,Vince Carter,2016-17,0.015041654238140911
1717,Dirk Nowitzki,2016-17,-0.014956277528800854
2037,Jamal Crawford,2016-17,-0.08800933300990518
2200,Pau Gasol,2016-17,0.037767590067017937
2207,Joe Johnson,2016-17,0.035017590067017934
2210,Richard Jefferson,2016-17,0.023042237954341904
2216,Zach Randolph,2016-17,-0.04489922102483648
2225,Tony Parker,2016-17,-0.046333203583775684
2440,Matt Barnes,2016-17,-0.06875234858328882
2544,LeBron James,2016-17,0.07503926838869623
2546,Carmelo Anthony,2016-17,0.013511536798252788
2548,Dwyane Wade,2016-17,-0.0454125174598638
2594,Kyle Korver,2016-17,0.12628278343718366
2730,Dwight Howard,2016-17,0.043415155989938836
2736,Luol Deng,2016-17,-0.07401935574578994
2738,Andre Iguodala,2016-17,0.12021412185892544
2749,Jameer Nelson,2016-17,0.04732028064997759
2754,Tony Allen,2016-17,-0.04138441438732507
2772,Trevor Ariza,2016-17,0.011534539219560297
101107,Marvin Williams,2016-17,-0.0005970278731813883
101108,Chris Paul,2016-17,0.03685816977716286
101109,Raymond Felton,2016-17,0.01006089715363212
101114,Deron Williams,2016-17,-0.03668474456333226
101139,CJ Miles,2016-17,0.07879514108742611
101141,Ersan Ilyasova,2016-17,0.0005033043527322145
101145,Monta Ellis,2016-17,-0.058721823613763824
101150,Lou Williams,2016-17,-2.7212800365605805e-05
101161,Amir Johnson,2016-17,0.11814873760800154
101162,Marcin Gortat,2016-17,0.03859003914958442
200746,LaMarcus Aldridge,2016-17,-0.023372701195117973
200755,JJ Redick,2016-17,0.045762488026201614
200757,Thabo Sefolosha,2016-17,-0.02818406739154558
200765,Rajon Rondo,2016-17,-0.04933294374081121
200768,Kyle Lowry,2016-17,0.060017590067017956
200771,Sergio Rodriguez,2016-17,-0.05172378924332685
200782,P.J. Tucker,2016-17,-0.0327511323999424
200794,Paul Millsap,2016-17,-0.06372385479990217
201142,Kevin Durant,2016-17,0.09876184734113741
201143,Al Horford,2016-17,0.01987514820655284
201144,Mike Conley,2016-17,0.03463898429778717
201145,Jeff Green,2016-17,-0.07265445294373474
201152,Thaddeus Young,2016-17,0.049565101379235144
201156,Nick Young,2016-17,0.059035011669805404
201158,Marco Belinelli,2016-17,-0.02133625608682821
201162,Jared Dudley,2016-17,0.06951759006701791
201163,Wilson Chandler,2016-17,-0.024816910808638848
201167,Arron Afflalo,2016-17,0.012503304352732197
201188,Marc Gasol,2016-17,-0.020882016232194656
201229,Anthony Tolliver,2016-17,0.09030885220294033
201565,Derrick Rose,2016-17,-0.033514846641842844
201566,Russell Westbrook,2016-17,-0.011028328300329016
201567,Kevin Love,2016-17,0.0025388666627625955
201568,Danilo Gallinari,2016-17,0.024824899037117626
201569,Eric Gordon,2016-17,-0.006588238153840992
201572,Brook Lopez,2016-17,0.0014005687904222186
201577,Robin Lopez,2016-17,-0.05364312421869635
201583,Ryan Anderson,2016-17,-0.01274022243298209
201584,Courtney Lee,2016-17,0.006592093378276209
201585,Kosta Koufos,2016-17,0.038766525550209985
201586,Serge Ibaka,2016-17,0.028460321344550954
201587,Nicolas Batum,2016-17,-0.04633955279012489
201599,DeAndre Jordan,2016-17,0.2700935394341066
201601,Luc Mbah a Moute,2016-17,0.03629290652271411
201609,Goran Dragic,2016-17,0.05795509006701796
201933,Blake Griffin,2016-17,0.008920367844795718
201935,James Harden,2016-17,0.04259948661874208
201937,Ricky Rubio,2016-17,-0.06734727479784694
201939,Stephen Curry,2016-17,0.06753145488504225
201942,DeMar DeRozan,2016-17,-0.09179926783236422
201943,Brandon Jennings,2016-17,-0.0676459613348512
201945,Gerald Henderson,2016-17,-0.0412804555355879
201949,James Johnson,2016-17,0.0008674690016426401
201950,Jrue Holiday,2016-17,-0.0024220454682895576
201951,Ty Lawson,2016-17,-0.04835799678744215
201952,Jeff Teague,2016-17,-0.012684953964293255
201954,Darren Collison,2016-17,0.03377555185045744
201959,Taj Gibson,2016-17,-0.06838468697283023
201960,DeMarre Carroll,2016-17,-0.03895356377913589
201961,Wayne Ellington,2016-17,0.053350923400351274
201967,Dante Cunningham,2016-17,0.08092888038959856
201976,Patrick Beverley,2016-17,0.01318259006701794
201980,Danny Green,2016-17,-0.0264546321552043
201988,Patty Mills,2016-17,0.03774533875811742
202066,Garrett Temple,2016-17,0.014376849326277197
202083,Wesley Matthews,2016-17,-0.03492897481847826
202322,John Wall,2016-17,-0.01732045802350543
202323,Evan Turner,2016-17,-0.07218205022075186
202324,Derrick Favors,2016-17,-0.018010635739433678
202326,DeMarcus Cousins,2016-17,0.004091994828922668
202328,Greg Monroe,2016-17,-0.0014421414766062068
202329,Al-Farouq Aminu,2016-17,-0.0697532432663154
202330,Gordon Hayward,2016-17,-0.0058226626405632476
202331,Paul George,2016-17,0.0352262453993209
202335,Patrick Patterson,2016-17,-0.014274489140902846
202339,Eric Bledsoe,2016-17,-0.047002571223304646
202340,Avery Bradley,2016-17,0.020748359297787178
202344,Trevor Booker,2016-17,0.0337452020073164
202355,Hassan Whiteside,2016-17,0.03769940824883605
202389,Timofey Mozgov,2016-17,-0.007804990578143323
202397,Ish Smith,2016-17,-0.06148240993298207
202681,Kyrie Irving,2016-17,0.050336211590597146
202683,Enes Freedom,2016-17,-0.030568896419468555
202684,Tristan Thompson,2016-17,0.053726969437806193
202685,Jonas Valančiūnas,2016-17,0.045912651795412984
202687,Bismack Biyombo,2016-17,0.02558989670330697
202688,Brandon Knight,2016-17,-0.052615222432982056
202689,Kemba Walker,2016-17,0.0493948510489301
202691,Klay Thompson,2016-17,0.0698925900670179
202693,Markieff Morris,2016-17,-0.017102798282496612
202694,Marcus Morris Sr.,2016-17,-0.019644324393267215
202695,Kawhi Leonard,2016-17,0.019972135521563378
202696,Nikola Vučević,2016-17,-0.05682348799989653
202697,Iman Shumpert,2016-17,-0.018554873701098012
202699,Tobias Harris,2016-17,0.018470972151112985
202702,Kenneth Faried,2016-17,0.02575245994288855
202703,Nikola Mirotic,2016-17,0.013953910821734972
202704,Reggie Jackson,2016-17,-0.05601284471559076
202709,Cory Joseph,2016-17,-0.01574235311480024
202710,Jimmy Butler III,2016-17,0.04863413142040143
202711,Bojan Bogdanovic,2016-17,0.015817344366772207
202714,Shelvin Mack,2016-17,-0.039049420242260435
202720,Jon Leuer,2016-17,0.008011220640266326
202734,E'Twaun Moore,2016-17,0.008313689357798082
202738,Isaiah Thomas,2016-17,0.10655409449179667
203076,Anthony Davis,2016-17,-0.0038302588311981967
203077,Michael Kidd-Gilchrist,2016-17,-0.08320183439341369
203078,Bradley Beal,2016-17,0.05368734887963389
203081,Damian Lillard,2016-17,0.00831859762369297
203082,Terrence Ross,2016-17,0.05347390074662961
203083,Andre Drummond,2016-17,0.010671012071989672
203084,Harrison Barnes,2016-17,-0.009360237987280723
203085,Austin Rivers,2016-17,-0.0211225716580494
203090,Maurice Harkless,2016-17,0.038632344165378585
203093,Terrence Jones,2016-17,-0.03197028872086086
203095,Evan Fournier,2016-17,-0.011274862763170718
203109,Jae Crowder,2016-17,0.06953610858553644
203110,Draymond Green,2016-17,-0.007538659932982084
203115,Will Barton,2016-17,-0.019272550778052455
203145,Kent Bazemore,2016-17,-0.058482409932982066
203200,Justin Holiday,2016-17,0.030675484803860037
203210,JaMychal Green,2016-17,0.07982151163564538
203457,Nerlens Noel,2016-17,0.09211809257958076
203458,Alex Len,2016-17,-0.03960899221146305
203459,Allen Crabbe,2016-17,0.06577230704815001
203460,Andre Roberson,2016-17,-0.023249076599648727
203468,CJ McCollum,2016-17,0.09052238623008751
203469,Cody Zeller,2016-17,-0.06092819306551214
203471,Dennis Schröder,2016-17,-0.004149315377108165
203476,Gorgui Dieng,2016-17,-0.004819543483470634
203482,Kelly Olynyk,2016-17,0.06345890462100856
203484,Kentavious Caldwell-Pope,2016-17,-0.025579146529718683
203486,Mason Plumlee,2016-17,-0.013913916782297142
203490,Otto Porter Jr.,2016-17,0.10344814562257354
203496,Robert Covington,2016-17,0.011064787707135926
203497,Rudy Gobert,2016-17,0.07504297583237085
203500,Steven Adams,2016-17,0.03485898606982285
203501,Tim Hardaway Jr.,2016-17,0.002034296510931982
203503,Tony Snell,2016-17,0.05362943217228108
203506,Victor Oladipo,2016-17,-0.003861760281009874
203507,Giannis Antetokounmpo,2016-17,0.020861260953093874
203516,James Ennis III,2016-17,0.02290729594937091
203521,Matthew Dellavedova,2016-17,-0.01545562421869634
203524,Solomon Hill,2016-17,-0.03606731559335938
203552,Seth Curry,2016-17,0.06378655558425933
203585,Rodney McGruder,2016-17,-0.008614389628413516
203901,Elfrid Payton,2016-17,-0.06688240993298206
203903,Jordan Clarkson,2016-17,-0.0133896264278274
203914,Gary Harris,2016-17,0.10065732070674854
203915,Spencer Dinwiddie,2016-17,-0.0038670253175974723
203917,Nik Stauskas,2016-17,-0.0013782432663153876
203918,Rodney Hood,2016-17,-0.0006097812066948038
203922,Glenn Robinson III,2016-17,0.04248981228924015
203925,Joe Harris,2016-17,-0.012814441182982028
203926,Doug McDermott,2016-17,0.0047307048211162606
203930,Sean Kilpatrick,2016-17,-0.03792962400922836
203932,Aaron Gordon,2016-17,-0.0028804914677542093
203933,T.J. Warren,2016-17,0.0021754848038600394
203935,Marcus Smart,2016-17,-0.11577092168232933
203944,Julius Randle,2016-17,-0.027342853555902602
203952,Andrew Wiggins,2016-17,-0.01947462025430627
203953,Jabari Parker,2016-17,0.031582245239431705
203967,Dario Šarić,2016-17,-0.05166355137218803
203991,Clint Capela,2016-17,0.06000831682292718
203994,Jusuf Nurkić,2016-17,-0.08685164070221285
203999,Nikola Jokić,2016-17,0.08731795975278506
204001,Kristaps Porziņģis,2016-17,0.001036783924983381
204020,Tyler Johnson,2016-17,0.0060678477989767055
204025,Tim Frazier,2016-17,-0.08792628748400247
204038,Langston Galloway,2016-17,-0.04554762732428641
204060,Joe Ingles,2016-17,0.054542412762053405
204456,T.J. McConnell,2016-17,-0.08734886956031124
1626143,Jahlil Okafor,2016-17,0.016337194545420375
1626144,Emmanuel Mudiay,2016-17,-0.06439818054230104
1626150,Andrew Harrison,2016-17,-0.17386516855367173
1626156,D'Angelo Russell,2016-17,-0.03050240993298206
1626157,Karl-Anthony Towns,2016-17,0.0537879326794376
1626158,Richaun Holmes,2016-17,0.050815058421448345
1626162,Kelly Oubre Jr.,2016-17,-0.0480457902146722
1626163,Frank Kaminsky,2016-17,-0.04567905627444549
1626164,Devin Booker,2016-17,-0.014223681753430972
1626167,Myles Turner,2016-17,-0.005023860710184125
1626178,Rondae Hollis-Jefferson,2016-17,-0.08889907659964871
1626196,Josh Richardson,2016-17,-0.05507433818410312
1626204,Larry Nance Jr.,2016-17,-0.012063415519574211
1627734,Domantas Sabonis,2016-17,-0.07688607965775268
1627737,Marquese Chriss,2016-17,-0.04204490993298207
1627741,Buddy Hield,2016-17,-0.0070874682987407955
1627742,Brandon Ingram,2016-17,-0.07076812421869635
1627747,Caris LeVert,2016-17,0.000599150350705846
1627750,Jamal Murray,2016-17,-0.022179641766892105
1627763,Malcolm Brogdon,2016-17,0.028504315730734725
1627785,Isaiah Whitehead,2016-17,-0.03855604006996832
1627827,Dorian Finney-Smith,2016-17,-0.05296925203824521
1717,Dirk Nowitzki,2017-18,0.03227768596345354
1938,Manu Ginobili,2017-18,-0.008571649636743311
2037,Jamal Crawford,2017-18,-0.0358912646566979
2200,Pau Gasol,2017-18,-0.02839334621323958
2207,Joe Johnson,2017-18,-0.059409207240429945
2216,Zach Randolph,2017-18,-0.020501440250138614
2544,LeBron James,2017-18,0.09008897237122054
2546,Carmelo Anthony,2017-18,0.003106417759570046
2548,Dwyane Wade,2017-18,-0.02234864023012062
2594,Kyle Korver,2017-18,0.08575599743793261
2730,Dwight Howard,2017-18,-0.025566932562318317
2738,Andre Iguodala,2017-18,-0.08287542345664611
2747,JR Smith,2017-18,-0.042102212421777085
2749,Jameer Nelson,2017-18,-0.049889365970588656
2772,Trevor Ariza,2017-18,0.002562775518190785
101107,Marvin Williams,2017-18,0.0525907927595701
101108,Chris Paul,2017-18,-0.0020292433415129707
101127,Jarrett Jack,2017-18,-0.02814604934569312
101141,Ersan Ilyasova,2017-18,-0.018191465304946086
101150,Lou Williams,2017-18,-0.030415844408571452
101162,Marcin Gortat,2017-18,0.007512558079598997
200746,LaMarcus Aldridge,2017-18,-0.026112168912903744
200752,Rudy Gay,2017-18,-0.022679145890736663
200755,JJ Redick,2017-18,0.07780233122110852
200765,Rajon Rondo,2017-18,-0.013408105918844004
200768,Kyle Lowry,2017-18,0.05091329275957007
200782,P.J. Tucker,2017-18,-0.0498713284525511
200826,J.J. Barea,2017-18,0.0019077218934283602
201142,Kevin Durant,2017-18,0.1292416307483969
201143,Al Horford,2017-18,0.033960792759570035
201145,Jeff Green,2017-18,-0.005176156392972309
201152,Thaddeus Young,2017-18,-0.020532341568788137
201158,Marco Belinelli,2017-18,-0.0009507480259284273
201163,Wilson Chandler,2017-18,0.03557067781704132
201188,Marc Gasol,2017-18,-0.0384473428336502
201229,Anthony Tolliver,2017-18,0.046767516897501055
201563,Michael Beasley,2017-18,0.10202546174911714
201566,Russell Westbrook,2017-18,0.0008018845133447583
201567,Kevin Love,2017-18,0.05643587472678316
201569,Eric Gordon,2017-18,0.052903292759570064
201571,D.J. Augustin,2017-18,-0.009309207240429968
201572,Brook Lopez,2017-18,0.015037514071045477
201577,Robin Lopez,2017-18,-0.03207389918355788
201583,Ryan Anderson,2017-18,0.04808037609290344
201584,Courtney Lee,2017-18,0.02494205858235493
201586,Serge Ibaka,2017-18,0.016324472284792613
201587,Nicolas Batum,2017-18,-0.01612262187457622
201588,George Hill,2017-18,-0.0007475793334532077
201596,Mario Chalmers,2017-18,-0.09958306510845025
201599,DeAndre Jordan,2017-18,0.22624807752778203
201601,Luc Mbah a Moute,2017-18,0.06191461826292577
201609,Goran Dragic,2017-18,-0.05142092599042994
201933,Blake Griffin,2017-18,-0.03970930744083073
201935,James Harden,2017-18,0.0305132927595701
201936,Tyreke Evans,2017-18,0.016180928813991857
201937,Ricky Rubio,2017-18,-0.05729059410174378
201939,Stephen Curry,2017-18,0.09195252460314551
201942,DeMar DeRozan,2017-18,-0.031872191295099606
201949,James Johnson,2017-18,0.018468553011936006
201950,Jrue Holiday,2017-18,0.010660237204014544
201952,Jeff Teague,2017-18,-0.001313412847906592
201954,Darren Collison,2017-18,0.017446783542980265
201959,Taj Gibson,2017-18,-0.02463226113264544
201960,DeMarre Carroll,2017-18,-0.028935450334352603
201961,Wayne Ellington,2017-18,0.05796579275957009
201967,Dante Cunningham,2017-18,-0.0006756546088509952
201980,Danny Green,2017-18,-0.04393324570196844
201988,Patty Mills,2017-18,0.0011176744800001637
202066,Garrett Temple,2017-18,-0.0157102276485932
202083,Wesley Matthews,2017-18,-0.007129114647837331
202323,Evan Turner,2017-18,-0.04075604518509396
202324,Derrick Favors,2017-18,0.008042715836493158
202325,Wesley Johnson,2017-18,-0.04258228416350679
202328,Greg Monroe,2017-18,0.034831153937638026
202329,Al-Farouq Aminu,2017-18,-0.028129795475724
202331,Paul George,2017-18,0.022193297397789025
202339,Eric Bledsoe,2017-18,0.02954029400645286
202355,Hassan Whiteside,2017-18,0.010858692520906599
202357,Nemanja Bjelica,2017-18,0.0662495977910166
202362,Lance Stephenson,2017-18,-0.06517015614553942
202397,Ish Smith,2017-18,-0.001091849727476557
202681,Kyrie Irving,2017-18,0.02086246210146414
202683,Enes Freedom,2017-18,0.027893018786967316
202684,Tristan Thompson,2017-18,0.016204479390750703
202685,Jonas Valančiūnas,2017-18,0.08468787525453986
202689,Kemba Walker,2017-18,0.010741592759570096
202691,Klay Thompson,2017-18,0.09696887625103118
202693,Markieff Morris,2017-18,0.00994394462203424
202694,Marcus Morris Sr.,2017-18,-0.06554832014365569
202696,Nikola Vučević,2017-18,-0.003329810914970588
202699,Tobias Harris,2017-18,0.0419220935725782
202703,Nikola Mirotic,2017-18,0.03369463891341623
202709,Cory Joseph,2017-18,-0.02801188581185851
202710,Jimmy Butler III,2017-18,0.017569364188141506
202711,Bojan Bogdanovic,2017-18,0.038503459426236786
202734,E'Twaun Moore,2017-18,0.07906671868549603
203076,Anthony Davis,2017-18,0.010081016223257244
203077,Michael Kidd-Gilchrist,2017-18,-0.06993757135652492
203078,Bradley Beal,2017-18,0.03107910346846901
203081,Damian Lillard,2017-18,-0.0024816038167494725
203083,Andre Drummond,2017-18,-0.0034980666568755203
203084,Harrison Barnes,2017-18,-0.012795249643256817
203085,Austin Rivers,2017-18,-0.013991661066287436
203087,Jeremy Lamb,2017-18,0.008731831456107758
203089,John Henson,2017-18,-0.04445812028390819
203090,Maurice Harkless,2017-18,0.04135671632644905
203095,Evan Fournier,2017-18,0.02847906091599467
203107,Tomas Satoransky,2017-18,0.09175329275957
203109,Jae Crowder,2017-18,-0.048450687061057734
203110,Draymond Green,2017-18,-0.006013053394276047
203114,Khris Middleton,2017-18,-0.009322267518637073
203115,Will Barton,2017-18,0.0586696389134162
203121,Darius Miller,2017-18,0.022495338214115534
203145,Kent Bazemore,2017-18,-0.012898337675212507
203200,Justin Holiday,2017-18,-0.04114433735195411
203210,JaMychal Green,2017-18,-0.05784717716524193
203458,Alex Len,2017-18,0.035480857906149854
203459,Allen Crabbe,2017-18,-0.013195243276465957
203468,CJ McCollum,2017-18,-0.012459207240429926
203471,Dennis Schröder,2017-18,-0.06585665946972932
203473,Dewayne Dedmon,2017-18,0.05415854976891582
203482,Kelly Olynyk,2017-18,0.05385152237330393
203484,Kentavious Caldwell-Pope,2017-18,0.001989973087438923
203488,Mike Muscala,2017-18,0.03367412609290338
203490,Otto Porter Jr.,2017-18,0.03454768931129426
203493,Reggie Bullock Jr.,2017-18,0.05361222133099863
203496,Robert Covington,2017-18,0.01204631423196273
203497,Rudy Gobert,2017-18,0.05154196875245287
203500,Steven Adams,2017-18,0.06021057052236434
203501,Tim Hardaway Jr.,2017-18,-0.0018791025283880491
203503,Tony Snell,2017-18,0.018079923194352643
203506,Victor Oladipo,2017-18,0.0011427729575898549
203507,Giannis Antetokounmpo,2017-18,0.014518597055512839
203516,James Ennis III,2017-18,-0.0062063770517506445
203584,Troy Daniels,2017-18,0.024553907513668483
203613,Jonathon Simmons,2017-18,-0.05573159031392658
203894,Shabazz Napier,2017-18,-0.015297821101816073
203901,Elfrid Payton,2017-18,-0.06466941132206258
203903,Jordan Clarkson,2017-18,0.005956177374954685
203914,Gary Harris,2017-18,0.060104173041260256
203915,Spencer Dinwiddie,2017-18,-0.029028716284357603
203918,Rodney Hood,2017-18,0.016130983495264872
203924,Jerami Grant,2017-18,-0.010558124207938918
203925,Joe Harris,2017-18,0.07781227564930387
203926,Doug McDermott,2017-18,0.05087109578987309
203932,Aaron Gordon,2017-18,-0.018937895765020113
203933,T.J. Warren,2017-18,-0.04839885221084414
203935,Marcus Smart,2017-18,-0.11751765472901438
203937,Kyle Anderson,2017-18,0.021313618846526605
203939,Dwight Powell,2017-18,0.06452998194875931
203944,Julius Randle,2017-18,-0.02882029510653869
203952,Andrew Wiggins,2017-18,-0.03660073949849446
203954,Joel Embiid,2017-18,-0.024924802703567894
203967,Dario Šarić,2017-18,0.027055078473855798
203991,Clint Capela,2017-18,0.18375287091232317
203992,Bogdan Bogdanović,2017-18,0.031397575093954966
203994,Jusuf Nurkić,2017-18,-0.044352115041848356
203999,Nikola Jokić,2017-18,0.00221779810716366
204020,Tyler Johnson,2017-18,-0.029173207240429905
204060,Joe Ingles,2017-18,0.053299555646168006
204456,T.J. McConnell,2017-18,0.03827981714981399
1626150,Andrew Harrison,2017-18,-0.05476484104324683
1626153,Delon Wright,2017-18,0.020681218291484976
1626157,Karl-Anthony Towns,2017-18,0.09864050663653717
1626159,Justise Winslow,2017-18,-0.047303651684874354
1626161,Willie Cauley-Stein,2017-18,-0.019961094032882765
1626162,Kelly Oubre Jr.,2017-18,-0.025879323858505776
1626163,Frank Kaminsky,2017-18,-0.010901722210489795
1626164,Devin Booker,2017-18,-0.0023003637030149515
1626167,Myles Turner,2017-18,-0.022635602090215312
1626169,Stanley Johnson,2017-18,-0.0645858127450171
1626170,Jerian Grant,2017-18,-0.07374060258926715
1626171,Bobby Portis,2017-18,0.020099456125906717
1626178,Rondae Hollis-Jefferson,2017-18,-0.09685332488748877
1626179,Terry Rozier,2017-18,-0.05013978976470174
1626185,Jarell Martin,2017-18,-0.04917594364210354
1626196,Josh Richardson,2017-18,0.007322182337733851
1626204,Larry Nance Jr.,2017-18,0.04618861884652664
1626209,Mario Hezonja,2017-18,-0.01777642335764601
1627732,Ben Simmons,2017-18,0.08749527551819075
1627733,Dragan Bender,2017-18,-0.06325427766296512
1627734,Domantas Sabonis,2017-18,-0.017724724481809284
1627737,Marquese Chriss,2017-18,-0.060194921526144196
1627739,Kris Dunn,2017-18,-0.05308846769059064
1627741,Buddy Hield,2017-18,0.008626507045284393
1627742,Brandon Ingram,2017-18,-0.019942088242517614
1627746,Skal Labissiere,2017-18,-0.07801658428961025
1627747,Caris LeVert,2017-18,-0.043685600202306746
1627749,Dejounte Murray,2017-18,-0.06221448362233947
1627750,Jamal Murray,2017-18,0.018716358370429814
1627752,Taurean Prince,2017-18,-0.03373496481618754
1627755,Tyler Ulis,2017-18,-0.11253544486419231
1627756,Denzel Valentine,2017-18,-0.01494833767521253
1627759,Jaylen Brown,2017-18,0.03475939741073289
1627783,Pascal Siakam,2017-18,-0.03441285687546644
1627812,Yogi Ferrell,2017-18,-0.02190058655077473
1627832,Fred VanVleet,2017-18,0.03128338535216266
1628021,David Nwaba,2017-18,-0.01128135707756353
1628366,Lonzo Ball,2017-18,-0.11320775092975033
1628367,Josh Jackson,2017-18,-0.06134788648571293
1628368,De'Aaron Fox,2017-18,-0.08030312783596344
1628369,Jayson Tatum,2017-18,0.03449604948328652
1628372,Dennis Smith Jr.,2017-18,-0.05548380401462344
1628373,Frank Ntilikina,2017-18,-0.11264221694916779
1628374,Lauri Markkanen,2017-18,0.03989961628898189
1628378,Donovan Mitchell,2017-18,-0.028893041826896088
1628379,Luke Kennard,2017-18,0.040019364188141504
1628381,John Collins,2017-18,0.03192606407739956
1628382,Justin Jackson,2017-18,-0.013574869891032348
1628384,OG Anunoby,2017-18,0.013694959426236775
1628386,Jarrett Allen,2017-18,0.042641480044793456
1628398,Kyle Kuzma,2017-18,0.0055242309147063295
1628404,Josh Hart,2017-18,0.049218570537347794
1628415,Dillon Brooks,2017-18,-0.021714762795985443
2544,LeBron James,2018-19,0.06624656781692256
2548,Dwyane Wade,2018-19,-0.020432056157059147
2738,Andre Iguodala,2018-19,0.041781586369798285
2772,Trevor Ariza,2018-19,0.02912030519066
101107,Marvin Williams,2018-19,-0.008858922931267277
101108,Chris Paul,2018-19,-0.015829815582286882
101123,Gerald Green,2018-19,0.05569790180901746
101150,Lou Williams,2018-19,-0.0516907813383469
200746,LaMarcus Aldridge,2018-19,-0.007953107507752688
200752,Rudy Gay,2018-19,0.04715243620226861
200755,JJ Redick,2018-19,0.0490353378703986
200768,Kyle Lowry,2018-19,-0.000379870618060163
200782,P.J. Tucker,2018-19,-0.046082977637622896
200794,Paul Millsap,2018-19,-0.01040599504574663
201142,Kevin Durant,2018-19,0.08806293325465525
201143,Al Horford,2018-19,0.0565140739594287
201144,Mike Conley,2018-19,0.002870851997309104
201145,Jeff Green,2018-19,0.0068946107462155015
201152,Thaddeus Young,2018-19,0.021021941415926337
201158,Marco Belinelli,2018-19,-0.0021631915413662384
201162,Jared Dudley,2018-19,-0.0021001054373594175
201163,Wilson Chandler,2018-19,0.02223185489826232
201188,Marc Gasol,2018-19,-0.0062085061788491325
201565,Derrick Rose,2018-19,0.010527249635104374
201566,Russell Westbrook,2018-19,-0.04060629402110294
201568,Danilo Gallinari,2018-19,0.06855263052153099
201569,Eric Gordon,2018-19,0.004310270807742822
201571,D.J. Augustin,2018-19,0.063766113271468
201572,Brook Lopez,2018-19,0.045219991570588314
201577,Robin Lopez,2018-19,-0.09128666545923522
201580,JaVale McGee,2018-19,-0.006407088309559633
201586,Serge Ibaka,2018-19,0.033022296804915696
201587,Nicolas Batum,2018-19,0.035322451056905346
201588,George Hill,2018-19,-0.037810250364895576
201599,DeAndre Jordan,2018-19,0.05860761378539048
201933,Blake Griffin,2018-19,-0.01837574332264208
201935,James Harden,2018-19,0.05833021786252918
201936,Tyreke Evans,2018-19,-0.03814953607918131
201937,Ricky Rubio,2018-19,-0.06476179221511588
201939,Stephen Curry,2018-19,0.10421523983118286
201942,DeMar DeRozan,2018-19,-0.06237352579913877
201949,James Johnson,2018-19,-0.007294625364895585
201950,Jrue Holiday,2018-19,0.010641010139306073
201954,Darren Collison,2018-19,-0.018393583698228938
201959,Taj Gibson,2018-19,0.04848039002919308
201960,DeMarre Carroll,2018-19,-0.01383656615436929
201961,Wayne Ellington,2018-19,0.05458434422969899
201976,Patrick Beverley,2018-19,-0.019126797127485523
201980,Danny Green,2018-19,0.08697255506496865
201988,Patty Mills,2018-19,0.044222500726807445
202066,Garrett Temple,2018-19,-0.0073427947435937835
202083,Wesley Matthews,2018-19,0.004593364092935759
202323,Evan Turner,2018-19,-0.07930044644332698
202324,Derrick Favors,2018-19,0.011622490751855646
202329,Al-Farouq Aminu,2018-19,-0.013451379397153629
202330,Gordon Hayward,2018-19,0.014923983869338575
202331,Paul George,2018-19,0.051076646186828556
202339,Eric Bledsoe,2018-19,-0.00377103467862111
202340,Avery Bradley,2018-19,-0.035278576156750785
202355,Hassan Whiteside,2018-19,-0.029138979646663593
202357,Nemanja Bjelica,2018-19,0.010496201248007597
202397,Ish Smith,2018-19,-0.06214358369822892
202681,Kyrie Irving,2018-19,0.06702670615684359
202683,Enes Freedom,2018-19,-0.04055341976380275
202689,Kemba Walker,2018-19,0.0077606838911597475
202691,Klay Thompson,2018-19,0.015174898149955873
202692,Alec Burks,2018-19,-0.032933201184567745
202693,Markieff Morris,2018-19,-0.03573728899150505
202694,Marcus Morris Sr.,2018-19,0.008964230347270563
202695,Kawhi Leonard,2018-19,0.03344477705740784
202696,Nikola Vučević,2018-19,0.027393260688420407
202697,Iman Shumpert,2018-19,-0.05155795678691397
202699,Tobias Harris,2018-19,0.03611184595238487
202704,Reggie Jackson,2018-19,0.017509749635104405
202709,Cory Joseph,2018-19,-0.06968190811890629
202710,Jimmy Butler III,2018-19,0.02917906587442065
202711,Bojan Bogdanovic,2018-19,0.07587314731850209
202714,Shelvin Mack,2018-19,-0.06116319154136615
202722,Davis Bertans,2018-19,0.025189749635104425
202734,E'Twaun Moore,2018-19,0.040504564449919234
203076,Anthony Davis,2018-19,0.02968000937536408
203078,Bradley Beal,2018-19,0.029974232393725042
203081,Damian Lillard,2018-19,0.0057145021103519045
203082,Terrence Ross,2018-19,0.02249839161041306
203083,Andre Drummond,2018-19,-0.02708551168893747
203084,Harrison Barnes,2018-19,0.009055220487122345
203085,Austin Rivers,2018-19,-0.02495372862576517
203087,Jeremy Lamb,2018-19,-0.010785675695708485
203090,Maurice Harkless,2018-19,0.0033114310510335976
203095,Evan Fournier,2018-19,0.0011571653654414704
203107,Tomas Satoransky,2018-19,0.06065006709542192
203109,Jae Crowder,2018-19,-0.04431025036489564
203110,Draymond Green,2018-19,-0.04924276570231895
203114,Khris Middleton,2018-19,-0.01781756297915521
203121,Darius Miller,2018-19,-0.013121061175706383
203145,Kent Bazemore,2018-19,-0.04849160629709895
203200,Justin Holiday,2018-19,-0.0191199518574329
203210,JaMychal Green,2018-19,0.056058393702901055
203458,Alex Len,2018-19,0.028096166747403895
203468,CJ McCollum,2018-19,0.016802538267431222
203471,Dennis Schröder,2018-19,-0.04809680007249792
203473,Dewayne Dedmon,2018-19,0.058606770911700135
203482,Kelly Olynyk,2018-19,0.016598840544195304
203484,Kentavious Caldwell-Pope,2018-19,0.007210074838356451
203486,Mason Plumlee,2018-19,0.05898676456047752
203488,Mike Muscala,2018-19,-0.0024453855000307056
203490,Otto Porter Jr.,2018-19,0.03391438731626384
203493,Reggie Bullock Jr.,2018-19,-0.028788511234460856
203497,Rudy Gobert,2018-19,0.07470369466927623
203500,Steven Adams,2018-19,0.14493856480098122
203501,Tim Hardaway Jr.,2018-19,-0.06366424196153422
203507,Giannis Antetokounmpo,2018-19,0.024206478259639674
203516,James Ennis III,2018-19,0.041638467583822336
203585,Rodney McGruder,2018-19,-0.05534628640093159
203897,Zach LaVine,2018-19,0.022317527412882177
203903,Jordan Clarkson,2018-19,0.01766061577683664
203914,Gary Harris,2018-19,-0.075196388978757
203915,Spencer Dinwiddie,2018-19,0.029674465792309646
203918,Rodney Hood,2018-19,0.007987826558181338
203924,Jerami Grant,2018-19,0.05231625565920078
203925,Joe Harris,2018-19,0.09600466676217617
203932,Aaron Gordon,2018-19,0.006178291301771083
203935,Marcus Smart,2018-19,-0.02959972404910613
203939,Dwight Powell,2018-19,0.05266227710763183
203943,Noah Vonleh,2018-19,-0.019784353950552946
203944,Julius Randle,2018-19,0.003357317202671961
203952,Andrew Wiggins,2018-19,-0.04530321911489554
203953,Jabari Parker,2018-19,-0.010983478711352329
203954,Joel Embiid,2018-19,-0.023007781229093194
203967,Dario Šarić,2018-19,-0.04410252977666029
203991,Clint Capela,2018-19,0.20155338599874079
203992,Bogdan Bogdanović,2018-19,-0.035483434722437535
203994,Jusuf Nurkić,2018-19,-0.0630302503648956
203999,Nikola Jokić,2018-19,0.014506707912358807
204020,Tyler Johnson,2018-19,-0.01889358369822891
204038,Langston Galloway,2018-19,-0.04372342401759019
204060,Joe Ingles,2018-19,0.03150056044591526
1626144,Emmanuel Mudiay,2018-19,-0.05471841363020172
1626145,Tyus Jones,2018-19,-0.07710382834654697
1626149,Montrezl Harrell,2018-19,0.16556474963510442
1626153,Delon Wright,2018-19,-0.043827992300379454
1626156,D'Angelo Russell,2018-19,-0.003356020129111986
1626157,Karl-Anthony Towns,2018-19,0.041553565424578054
1626159,Justise Winslow,2018-19,-0.02208939146919009
1626161,Willie Cauley-Stein,2018-19,0.008589017034371815
1626162,Kelly Oubre Jr.,2018-19,-0.05040509814007124
1626164,Devin Booker,2018-19,0.03992965994900577
1626167,Myles Turner,2018-19,0.0010667464402162596
1626171,Bobby Portis,2018-19,-0.024601100038098234
1626178,Rondae Hollis-Jefferson,2018-19,-0.17792305524294438
1626179,Terry Rozier,2018-19,-0.0555154296477641
1626192,Pat Connaughton,2018-19,0.022618883493372155
1626196,Josh Richardson,2018-19,-0.01637051822203847
1626204,Larry Nance Jr.,2018-19,0.013893453338808093
1626209,Mario Hezonja,2018-19,-0.10413783657179215
1626220,Royce O'Neale,2018-19,0.04005693713510444
1626224,Cedi Osman,2018-19,-0.04668308273483779
1627732,Ben Simmons,2018-19,0.0759414229952115
1627734,Domantas Sabonis,2018-19,0.029942737682913168
1627736,Malik Beasley,2018-19,0.0689559612392
1627741,Buddy Hield,2018-19,0.05248677933807466
1627742,Brandon Ingram,2018-19,0.014036911207156832
1627750,Jamal Murray,2018-19,-0.02427508552973079
1627752,Taurean Prince,2018-19,0.01568974963510439
1627759,Jaylen Brown,2018-19,-0.023026503808421805
1627761,DeAndre' Bembry,2018-19,-0.025574633926539414
1627763,Malcolm Brogdon,2018-19,0.07073615334740146
1627783,Pascal Siakam,2018-19,0.05911340735322518
1627827,Dorian Finney-Smith,2018-19,-0.01794723666626541
1627832,Fred VanVleet,2018-19,-0.01845889901354425
1627853,Ryan Arcidiacono,2018-19,0.019201113271468034
1627854,Bryn Forbes,2018-19,0.026470340352404004
1628367,Josh Jackson,2018-19,-0.040777891283475975
1628368,De'Aaron Fox,2018-19,-0.008436360489229522
1628369,Jayson Tatum,2018-19,0.04651500216035695
1628371,Jonathan Isaac,2018-19,-0.03634330821613524
1628372,Dennis Smith Jr.,2018-19,-0.03771146617036672
1628374,Lauri Markkanen,2018-19,0.01437637916156681
1628378,Donovan Mitchell,2018-19,0.01694306688480282
1628379,Luke Kennard,2018-19,0.008468321063675815
1628381,John Collins,2018-19,0.034733227895973995
1628384,OG Anunoby,2018-19,0.012514608392166615
1628386,Jarrett Allen,2018-19,-0.014493545028468696
1628389,Bam Adebayo,2018-19,0.018063699214936335
1628390,Terrance Ferguson,2018-19,0.009516852438842732
1628398,Kyle Kuzma,2018-19,-0.013265240580159765
1628401,Derrick White,2018-19,-0.005592859060547739
1628404,Josh Hart,2018-19,-0.0315872773919226
1628418,Thomas Bryant,2018-19,0.07994432838968318
1628420,Monté Morris,2018-19,0.020952907529841247
1628422,Damyean Dotson,2018-19,0.004458344676426695
1628467,Maxi Kleber,2018-19,0.015606416301771009
1628470,Torrey Craig,2018-19,-0.016302897423719154
1628963,Marvin Bagley III,2018-19,-0.05873702860757343
1628969,Mikal Bridges,2018-19,-0.047594438399083644
1628970,Miles Bridges,2018-19,0.011819379264734031
1628973,Jalen Brunson,2018-19,0.0015988405441952902
1628983,Shai Gilgeous-Alexander,2018-19,0.003692527412882146
1628989,Kevin Huerter,2018-19,-0.01770901069547412
1628991,Jaren Jackson Jr.,2018-19,0.035531521787003084
1628995,Kevin Knox II,2018-19,-0.05257346875570015
1629006,Josh Okogie,2018-19,-0.08773212536489564
1629011,Mitchell Robinson,2018-19,0.08434346485759414
1629012,Collin Sexton,2018-19,-0.027098051052180827
1629013,Landry Shamet,2018-19,0.038560439290276805
1629019,Allonzo Trier,2018-19,0.0026439481083868344
1629027,Trae Young,2018-19,-0.04854772877594912
1629028,Deandre Ayton,2018-19,0.041185355961993686
1629029,Luka Dončić,2018-19,-0.031033841914191368
1629066,Rodions Kurucs,2018-19,-0.03020195543401999
2544,LeBron James,2019-20,0.021797001840549002
2546,Carmelo Anthony,2019-20,-0.019314397123181587
2772,Trevor Ariza,2019-20,-0.011558103618183435
101108,Chris Paul,2019-20,0.02789977412835415
101150,Lou Williams,2019-20,-0.029005313536391047
200746,LaMarcus Aldridge,2019-20,0.0205367647329176
200752,Rudy Gay,2019-20,-0.05891115972671393
200755,JJ Redick,2019-20,0.12600200124726507
200768,Kyle Lowry,2019-20,-0.02102001303493159
200782,P.J. Tucker,2019-20,-0.0233296904542864
200794,Paul Millsap,2019-20,0.0421893711292913
201143,Al Horford,2019-20,-0.007546182077192043
201152,Thaddeus Young,2019-20,-0.020995943556023383
201565,Derrick Rose,2019-20,0.047098779163118
201566,Russell Westbrook,2019-20,-0.004088956560211132
201567,Kevin Love,2019-20,0.0006472344338699643
201568,Danilo Gallinari,2019-20,0.032820242341412564
201571,D.J. Augustin,2019-20,0.009392042169591275
201572,Brook Lopez,2019-20,-0.03558769992252375
201586,Serge Ibaka,2019-20,0.03271267377601167
201588,George Hill,2019-20,0.092330220411588
201599,DeAndre Jordan,2019-20,0.06309461257042909
201609,Goran Dragic,2019-20,0.006905781557098839
201935,James Harden,2019-20,0.022439837064267554
201937,Ricky Rubio,2019-20,-0.0695304804477031
201942,DeMar DeRozan,2019-20,-0.00655279188011304
201950,Jrue Holiday,2019-20,0.002095727930384955
201952,Jeff Teague,2019-20,-0.0446560538040815
201976,Patrick Beverley,2019-20,0.008508738718224135
201980,Danny Green,2019-20,0.00300129274061417
201988,Patty Mills,2019-20,0.04773256323130698
202066,Garrett Temple,2019-20,-0.043681404691746306
202083,Wesley Matthews,2019-20,-0.019326495079971112
202324,Derrick Favors,2019-20,0.07357680180976117
202330,Gordon Hayward,2019-20,0.037536195537759554
202339,Eric Bledsoe,2019-20,-0.017417492206048768
202355,Hassan Whiteside,2019-20,0.07144979688395892
202357,Nemanja Bjelica,2019-20,0.04137768281760307
202397,Ish Smith,2019-20,-0.008265174325254115
202684,Tristan Thompson,2019-20,0.020425202243783525
202685,Jonas Valančiūnas,2019-20,0.04337118931110956
202689,Kemba Walker,2019-20,0.04457670601662622
202692,Alec Burks,2019-20,-0.071887252247332
202693,Markieff Morris,2019-20,-0.026992447052526874
202694,Marcus Morris Sr.,2019-20,-0.01366296438050274
202695,Kawhi Leonard,2019-20,0.0349828571708089
202696,Nikola Vučević,2019-20,-0.0385558719996727
202699,Tobias Harris,2019-20,0.020349741960895062
202709,Cory Joseph,2019-20,-0.02976827991531622
202710,Jimmy Butler III,2019-20,-0.0075061509706893514
202711,Bojan Bogdanovic,2019-20,0.05557458471089047
202722,Davis Bertans,2019-20,0.08026829847809319
203076,Anthony Davis,2019-20,0.009293129561671665
203078,Bradley Beal,2019-20,0.02083940582741764
203081,Damian Lillard,2019-20,0.030965594905515093
203082,Terrence Ross,2019-20,0.020756352093532604
203083,Andre Drummond,2019-20,-0.06458856522007358
203084,Harrison Barnes,2019-20,0.011795976753882553
203085,Austin Rivers,2019-20,-0.04923215545732959
203086,Meyers Leonard,2019-20,0.07361129626298119
203090,Maurice Harkless,2019-20,0.008766272215626425
203095,Evan Fournier,2019-20,0.05781875852846291
203107,Tomas Satoransky,2019-20,-0.019569609809125088
203109,Jae Crowder,2019-20,-0.03726517432525406
203114,Khris Middleton,2019-20,0.06365648466092097
203115,Will Barton,2019-20,0.011294349484269717
203145,Kent Bazemore,2019-20,-0.1018622617038949
203200,Justin Holiday,2019-20,0.013250749241624893
203210,JaMychal Green,2019-20,0.015110825674745865
203463,Ben McLemore,2019-20,0.08370149234141255
203468,CJ McCollum,2019-20,0.0076638286958939095
203469,Cody Zeller,2019-20,-0.0493357957941806
203471,Dennis Schröder,2019-20,0.022240572801182718
203484,Kentavious Caldwell-Pope,2019-20,0.017559001498921673
203496,Robert Covington,2019-20,-0.012954099406687347
203497,Rudy Gobert,2019-20,0.08094296609974494
203500,Steven Adams,2019-20,0.03220187687719461
203501,Tim Hardaway Jr.,2019-20,0.03345412392035996
203503,Tony Snell,2019-20,-0.060923069062096186
203507,Giannis Antetokounmpo,2019-20,0.029135747333732087
203552,Seth Curry,2019-20,0.04912087218637373
203894,Shabazz Napier,2019-20,-0.059843018636631384
203897,Zach LaVine,2019-20,0.00484293378285397
203903,Jordan Clarkson,2019-20,0.010734825674745874
203914,Gary Harris,2019-20,-0.026109572665503122
203915,Spencer Dinwiddie,2019-20,-0.08739940251317357
203922,Glenn Robinson III,2019-20,0.03152557457342431
203924,Jerami Grant,2019-20,0.05277273181193004
203925,Joe Harris,2019-20,0.11406700160067185
203932,Aaron Gordon,2019-20,-0.032581223707970175
203933,T.J. Warren,2019-20,0.05096574936952497
203935,Marcus Smart,2019-20,-0.05966593768403272
203944,Julius Randle,2019-20,-0.03539689475536162
203952,Andrew Wiggins,2019-20,0.024742330365177367
203954,Joel Embiid,2019-20,-0.004683924325254163
203967,Dario Šarić,2019-20,0.04077053996046015
203992,Bogdan Bogdanović,2019-20,0.005676521787820049
203999,Nikola Jokić,2019-20,0.039205466244140896
204001,Kristaps Porziņģis,2019-20,-0.0044015379616177686
204038,Langston Galloway,2019-20,0.01110555738206298
204060,Joe Ingles,2019-20,0.004811748751668954
1626149,Montrezl Harrell,2019-20,0.040007668036193156
1626153,Delon Wright,2019-20,-0.016667829192510752
1626161,Willie Cauley-Stein,2019-20,-0.07518051824059799
1626162,Kelly Oubre Jr.,2019-20,0.0013181590080792172
1626164,Devin Booker,2019-20,0.031085154622114308
1626167,Myles Turner,2019-20,-0.015223341655931366
1626168,Trey Lyles,2019-20,-0.003368777928857758
1626171,Bobby Portis,2019-20,-0.03729716085724066
1626174,Christian Wood,2019-20,0.08810938397863283
1626179,Terry Rozier,2019-20,-0.001846672122610915
1626181,Norman Powell,2019-20,0.10352649234141253
1626196,Josh Richardson,2019-20,-0.04492306906209623
1626204,Larry Nance Jr.,2019-20,0.05851260345252368
1626220,Royce O'Neale,2019-20,-0.012050888610968452
1626224,Cedi Osman,2019-20,-0.0003062998663796723
1627732,Ben Simmons,2019-20,0.11885335157116023
1627734,Domantas Sabonis,2019-20,-0.015765174325254094
1627736,Malik Beasley,2019-20,0.009159394640263135
1627737,Marquese Chriss,2019-20,-0.0854496761702726
1627739,Kris Dunn,2019-20,-0.06815579932525409
1627741,Buddy Hield,2019-20,0.004077100352857493
1627742,Brandon Ingram,2019-20,0.03968712550438813
1627749,Dejounte Murray,2019-20,-0.018482415704564492
1627750,Jamal Murray,2019-20,-0.02243077942079552
1627752,Taurean Prince,2019-20,-0.060777320074242
1627759,Jaylen Brown,2019-20,0.044660662995320066
1627763,Malcolm Brogdon,2019-20,-0.06924343519481935
1627783,Pascal Siakam,2019-20,-0.018460826499167193
1627788,Furkan Korkmaz,2019-20,0.027239800799123998
1627827,Dorian Finney-Smith,2019-20,0.04004381443879079
1627832,Fred VanVleet,2019-20,-0.011044179850115993
1627854,Bryn Forbes,2019-20,0.009205413910039983
1627863,Danuel House Jr.,2019-20,0.04090389042294734
1627884,Derrick Jones Jr.,2019-20,0.02103737344544651
1628365,Markelle Fultz,2019-20,-0.07066052316246338
1628366,Lonzo Ball,2019-20,-0.03776517432525414
1628368,De'Aaron Fox,2019-20,-0.03560996105511191
1628369,Jayson Tatum,2019-20,0.024365326433471224
1628370,Malik Monk,2019-20,0.0028207985254246615
1628373,Frank Ntilikina,2019-20,-0.04399398788457615
1628374,Lauri Markkanen,2019-20,-0.010781771835627535
1628378,Donovan Mitchell,2019-20,-0.007602523722844451
1628384,OG Anunoby,2019-20,0.04389520303323646
1628386,Jarrett Allen,2019-20,0.06080191160051296
1628389,Bam Adebayo,2019-20,0.0018380151681792745
1628390,Terrance Ferguson,2019-20,-0.07731168595316107
1628398,Kyle Kuzma,2019-20,-0.016238147298227062
1628401,Derrick White,2019-20,-0.0040067473589619484
1628404,Josh Hart,2019-20,0.019873379891613363
1628415,Dillon Brooks,2019-20,-0.045351416625048796
1628420,Monté Morris,2019-20,-0.026639684129175695
1628464,Daniel Theis,2019-20,0.04636231571458649
1628467,Maxi Kleber,2019-20,0.03820214593618376
1628969,Mikal Bridges,2019-20,0.044101637901820145
1628970,Miles Bridges,2019-20,-0.016845326997009885
1628971,Bruce Brown,2019-20,-0.08094058416131969
1628972,Troy Brown Jr.,2019-20,-0.018495943556023353
1628978,Donte DiVincenzo,2019-20,-0.0045118409919208124
1628983,Shai Gilgeous-Alexander,2019-20,-0.012192710557138192
1628984,Devonte' Graham,2019-20,-0.0391894919431201
1628988,Aaron Holiday,2019-20,-0.0182327856612865
1628989,Kevin Huerter,2019-20,0.0007545301082434452
1628991,Jaren Jackson Jr.,2019-20,0.04384327637897123
1629004,Svi Mykhailiuk,2019-20,0.04613482567474589
1629006,Josh Okogie,2019-20,-0.06796761334964435
1629011,Mitchell Robinson,2019-20,0.10016062210046739
1629012,Collin Sexton,2019-20,0.0356151406353758
1629013,Landry Shamet,2019-20,0.0076833550865105515
1629014,Anfernee Simons,2019-20,-0.07138150085586636
1629018,Gary Trent Jr.,2019-20,-0.0034069066087187017
1629023,P.J. Washington,2019-20,0.005796745179389828
1629027,Trae Young,2019-20,0.03166443732523133
1629029,Luka Dončić,2019-20,0.000721189311109538
1629130,Duncan Robinson,2019-20,0.1032348256747459
1629134,Kendrick Nunn,2019-20,0.007677648059174119
1629628,RJ Barrett,2019-20,-0.0779245946151092
1629629,Cam Reddish,2019-20,-0.07915573226516828
1629630,Ja Morant,2019-20,-0.025550641453281814
1629631,De'Andre Hunter,2019-20,-0.0390484507757661
1629632,Coby White,2019-20,-0.0644664321868893
1629633,Jarrett Culver,2019-20,-0.06174074435782742
1629634,Brandon Clarke,2019-20,0.0834241460630954
1629636,Darius Garland,2019-20,-0.046932982544432233
1629639,Tyler Herro,2019-20,0.01777783642743405
1629645,Kevin Porter Jr.,2019-20,-0.027940612921745323
1629661,Cameron Johnson,2019-20,0.0021821940957985064
1629672,Eric Paschall,2019-20,-0.05390310535973683
1629673,Jordan Poole,2019-20,-0.12580615793181152
2546,Carmelo Anthony,2020-21,-0.016838731840201265
2738,Andre Iguodala,2020-21,-0.10837934185362924
101108,Chris Paul,2020-21,0.039347655473368104
101150,Lou Williams,2020-21,-0.08163264245373839
200752,Rudy Gay,2020-21,-0.06018819366358405
200782,P.J. Tucker,2020-21,-0.07701539954593695
200794,Paul Millsap,2020-21,-0.01714507949762778
201144,Mike Conley,2020-21,0.019665306975802183
201145,Jeff Green,2020-21,0.04146925954497216
201152,Thaddeus Young,2020-21,-0.05270600759295327
201565,Derrick Rose,2020-21,0.01681276971751916
201566,Russell Westbrook,2020-21,-0.04174664954593693
201568,Danilo Gallinari,2020-21,0.026710926211638758
201572,Brook Lopez,2020-21,0.02142107772679036
201587,Nicolas Batum,2020-21,0.06667656473977734
201599,DeAndre Jordan,2020-21,0.11345608736242796
201609,Goran Dragic,2020-21,0.019357517120729723
201937,Ricky Rubio,2020-21,-0.07910106131064282
201939,Stephen Curry,2020-21,0.0756192193789526
201942,DeMar DeRozan,2020-21,-0.10311124686137318
201949,James Johnson,2020-21,-0.0497987681900047
201950,Jrue Holiday,2020-21,0.049657527511419663
201980,Danny Green,2020-21,-0.01657571931337881
201988,Patty Mills,2020-21,0.01140853913330836
202066,Garrett Temple,2020-21,-0.018530804475514417
202331,Paul George,2020-21,0.06212078164672363
202339,Eric Bledsoe,2020-21,-0.04543804298855991
202681,Kyrie Irving,2020-21,0.058771388428746574
202683,Enes Freedom,2020-21,0.04138361074042857
202684,Tristan Thompson,2020-21,-0.00825503322430235
202685,Jonas Valančiūnas,2020-21,0.01305220366507226
202687,Bismack Biyombo,2020-21,0.024113962101979358
202694,Marcus Morris Sr.,2020-21,0.04640581524279541
202695,Kawhi Leonard,2020-21,0.03152698059104936
202696,Nikola Vučević,2020-21,0.010954167447527086
202699,Tobias Harris,2020-21,0.01796821059392323
202704,Reggie Jackson,2020-21,0.03176313306275866
202709,Cory Joseph,2020-21,-0.00962235377128906
202710,Jimmy Butler III,2020-21,-0.00970856937716058
202711,Bojan Bogdanovic,2020-21,0.003217239342951983
202722,Davis Bertans,2020-21,0.04027721409042667
203078,Bradley Beal,2020-21,0.002280608518579197
203081,Damian Lillard,2020-21,0.07316352395564035
203084,Harrison Barnes,2020-21,0.03833139923455087
203107,Tomas Satoransky,2020-21,0.030875818808493438
203109,Jae Crowder,2020-21,-0.01525164954593694
203110,Draymond Green,2020-21,-0.06656295389376302
203114,Khris Middleton,2020-21,0.051117720532803224
203115,Will Barton,2020-21,-0.06075914954593692
203200,Justin Holiday,2020-21,-0.003433554307841702
203457,Nerlens Noel,2020-21,0.044455738989094884
203471,Dennis Schröder,2020-21,-0.06179928112488425
203482,Kelly Olynyk,2020-21,0.04672120759692017
203484,Kentavious Caldwell-Pope,2020-21,-0.035645159479711835
203486,Mason Plumlee,2020-21,-0.039578459581779246
203493,Reggie Bullock Jr.,2020-21,0.02319331395771268
203496,Robert Covington,2020-21,-0.05629736383165124
203497,Rudy Gobert,2020-21,0.074331746193463
203500,Steven Adams,2020-21,0.04933420362580404
203501,Tim Hardaway Jr.,2020-21,-0.011392461728678083
203507,Giannis Antetokounmpo,2020-21,0.009712602422566996
203524,Solomon Hill,2020-21,-0.10385346772775514
203526,Raul Neto,2020-21,0.01767301064823784
203552,Seth Curry,2020-21,0.07301944993050286
203897,Zach LaVine,2020-21,0.0820281628368022
203901,Elfrid Payton,2020-21,-0.09341327634019533
203903,Jordan Clarkson,2020-21,-0.020012804780594
203920,Khem Birch,2020-21,-0.06672164954593698
203924,Jerami Grant,2020-21,-0.039142173563404214
203925,Joe Harris,2020-21,0.1189026747783874
203926,Doug McDermott,2020-21,0.04388594207709967
203932,Aaron Gordon,2020-21,-0.043818708369466386
203937,Kyle Anderson,2020-21,-0.03413072427903302
203944,Julius Randle,2020-21,-0.016078476114202628
203952,Andrew Wiggins,2020-21,0.012030882099632656
203954,Joel Embiid,2020-21,-0.003490356243396553
203991,Clint Capela,2020-21,0.03231520485735495
203999,Nikola Jokić,2020-21,0.08942249010493586
204060,Joe Ingles,2020-21,0.0706186730347082
204456,T.J. McConnell,2020-21,0.034442418895127724
1626149,Montrezl Harrell,2020-21,0.06189858390093045
1626153,Delon Wright,2020-21,-0.003388256044131871
1626157,Karl-Anthony Towns,2020-21,0.0263123687189033
1626158,Richaun Holmes,2020-21,0.09139935637122282
1626162,Kelly Oubre Jr.,2020-21,-0.009965521412232226
1626164,Devin Booker,2020-21,0.02103971409042671
1626171,Bobby Portis,2020-21,0.11554629917201176
1626179,Terry Rozier,2020-21,0.02960978757981156
1626181,Norman Powell,2020-21,0.09293300161685375
1626192,Pat Connaughton,2020-21,0.009310493311205925
1626196,Josh Richardson,2020-21,-0.05429460036560907
1626220,Royce O'Neale,2020-21,0.030518350454063037
1626224,Cedi Osman,2020-21,-0.09611463200207732
1627732,Ben Simmons,2020-21,0.1147606303637696
1627734,Domantas Sabonis,2020-21,-0.0027631988417116116
1627741,Buddy Hield,2020-21,0.033242507080569084
1627742,Brandon Ingram,2020-21,0.023431827275255113
1627749,Dejounte Murray,2020-21,-0.020979500785606398
1627751,Jakob Poeltl,2020-21,0.05649104202609567
1627759,Jaylen Brown,2020-21,0.03480008190282635
1627763,Malcolm Brogdon,2020-21,-0.0061759230502104745
1627783,Pascal Siakam,2020-21,-0.02970472347589803
1627826,Ivica Zubac,2020-21,0.05711762472998827
1627827,Dorian Finney-Smith,2020-21,0.05454972449986456
1627832,Fred VanVleet,2020-21,-0.0800666075291302
1627884,Derrick Jones Jr.,2020-21,-0.02096600438464663
1627936,Alex Caruso,2020-21,-0.007616093990381406
1628366,Lonzo Ball,2020-21,-0.05624593526022262
1628367,Josh Jackson,2020-21,-0.057041323731400556
1628368,De'Aaron Fox,2020-21,-0.029439352482033665
1628369,Jayson Tatum,2020-21,0.0904976139101537
1628374,Lauri Markkanen,2020-21,0.057252034664589335
1628378,Donovan Mitchell,2020-21,0.010778549657250308
1628381,John Collins,2020-21,0.07120504728664223
1628386,Jarrett Allen,2020-21,0.03297045571722096
1628389,Bam Adebayo,2020-21,-0.0015164771321438675
1628398,Kyle Kuzma,2020-21,0.025256921882634453
1628407,Dwayne Bacon,2020-21,-0.08928905286085406
1628408,PJ Dozier,2020-21,-0.04525164954593694
1628415,Dillon Brooks,2020-21,-0.03924307811736555
1628425,Sterling Brown,2020-21,-0.02307842920695391
1628449,Chris Boucher,2020-21,0.055103264543410135
1628464,Daniel Theis,2020-21,0.05707582520153781
1628467,Maxi Kleber,2020-21,-0.043322812336634625
1628960,Grayson Allen,2020-21,-0.00931128918557661
1628969,Mikal Bridges,2020-21,0.0854533504540631
1628970,Miles Bridges,2020-21,0.06371537974276598
1628971,Bruce Brown,2020-21,-0.010144671128670735
1628973,Jalen Brunson,2020-21,0.04685432448003707
1628976,Wendell Carter Jr.,2020-21,-0.026153855951630944
1628977,Hamidou Diallo,2020-21,0.021775085849252085
1628978,Donte DiVincenzo,2020-21,-0.013748752349675264
1628984,Devonte' Graham,2020-21,-0.05285284220648745
1628989,Kevin Huerter,2020-21,-0.04107839557768292
1629001,De'Anthony Melton,2020-21,-0.011956943663584046
1629003,Shake Milton,2020-21,-0.01704664954593696
1629004,Svi Mykhailiuk,2020-21,-0.0427925797784951
1629006,Josh Okogie,2020-21,-0.09132612109065238
1629008,Michael Porter Jr.,2020-21,0.13384908216138014
1629012,Collin Sexton,2020-21,0.04130991727433955
1629013,Landry Shamet,2020-21,-0.007191649545936957
1629018,Gary Trent Jr.,2020-21,0.0014783504540630266
1629022,Lonnie Walker IV,2020-21,-0.050158774009456286
1629023,P.J. Washington,2020-21,-0.03355070559313461
1629026,Kenrich Williams,2020-21,0.06842835045406304
1629027,Trae Young,2020-21,-0.042812304651909966
1629028,Deandre Ayton,2020-21,0.01695878523667177
1629029,Luka Dončić,2020-21,0.012563742774597264
1629060,Rui Hachimura,2020-21,-0.06225263546142992
1629130,Duncan Robinson,2020-21,0.08820491295406302
1629134,Kendrick Nunn,2020-21,0.05312246810112192
1629308,Juan Toscano-Anderson,2020-21,0.12049501712072974
1629627,Zion Williamson,2020-21,0.013306275398875467
1629628,RJ Barrett,2020-21,-0.0071185522008042346
1629630,Ja Morant,2020-21,-0.06998822802918211
1629632,Coby White,2020-21,-0.04343341425181932
1629634,Brandon Clarke,2020-21,-0.10268327745291372
1629636,Darius Garland,2020-21,-0.015985603034309015
1629639,Tyler Herro,2020-21,-0.04452512386617863
1629640,Keldon Johnson,2020-21,-0.03428178170452728
1629647,Darius Bazley,2020-21,-0.08092874733773503
1629652,Luguentz Dort,2020-21,-0.0616190179669896
1629659,Talen Horton-Tucker,2020-21,-0.056445234451597326
1629661,Cameron Johnson,2020-21,0.04955057267628521
1629676,Isaiah Roby,2020-21,-0.04136705184478756
1629680,Matisse Thybulle,2020-21,-0.010495973870261244
1630162,Anthony Edwards,2020-21,-0.05870997071382014
1630163,LaMelo Ball,2020-21,-0.05375791152676759
1630166,Deni Avdija,2020-21,-0.06539806464027656
1630169,Tyrese Haliburton,2020-21,0.0527361174443543
1630171,Isaac Okoro,2020-21,-0.07443573405297921
1630172,Patrick Williams,2020-21,-0.002173508281996417
1630177,Theo Maledon,2020-21,-0.1018818536275696
1630178,Tyrese Maxey,2020-21,-0.06983831621260361
1630180,Saddiq Bey,2020-21,-0.034697422741813255
1630183,Jaden McDaniels,2020-21,0.01491851438848929
1630191,Isaiah Stewart,2020-21,0.0029044374105847703
1630217,Desmond Bane,2020-21,0.040385727503243346
1630256,Jae'Sean Tate,2020-21,-0.038334379204729624
1630267,Facundo Campazzo,2020-21,-0.0054674241938242885
2544,LeBron James,2021-22,0.11422381811437565
2546,Carmelo Anthony,2021-22,0.03619990528207309
101108,Chris Paul,2021-22,0.021951346204263283
200768,Kyle Lowry,2021-22,0.001506474409391445
200782,P.J. Tucker,2021-22,0.015096407932658373
201142,Kevin Durant,2021-22,0.1505903784623278
201143,Al Horford,2021-22,0.005614190240960548
201144,Mike Conley,2021-22,-0.00018564009710661522
201145,Jeff Green,2021-22,0.025405359582189757
201566,Russell Westbrook,2021-22,-0.06632589974566311
201567,Kevin Love,2021-22,0.025455958750388752
201568,Danilo Gallinari,2021-22,0.03567960707382853
201569,Eric Gordon,2021-22,0.047405049907966956
201587,Nicolas Batum,2021-22,0.0781133462042633
201588,George Hill,2021-22,-0.0424818221125684
201935,James Harden,2021-22,-0.026606140426752745
201939,Stephen Curry,2021-22,0.02745134620426326
201942,DeMar DeRozan,2021-22,0.015275364331151453
201950,Jrue Holiday,2021-22,0.027974073476990546
201976,Patrick Beverley,2021-22,-0.050870510083161846
201980,Danny Green,2021-22,0.023414112161710104
201988,Patty Mills,2021-22,0.00682914889484626
202339,Eric Bledsoe,2021-22,-0.034159944118317354
202340,Avery Bradley,2021-22,-0.028915320462403388
202685,Jonas Valančiūnas,2021-22,0.032716103148707654
202692,Alec Burks,2021-22,0.00358650521486395
202694,Marcus Morris Sr.,2021-22,-0.009626522648195746
202696,Nikola Vučević,2021-22,-0.013770931023459554
202699,Tobias Harris,2021-22,-0.013385500338738449
202704,Reggie Jackson,2021-22,-0.07725641411007858
202709,Cory Joseph,2021-22,0.006347687667677904
202710,Jimmy Butler III,2021-22,-0.002831321672324749
202711,Bojan Bogdanovic,2021-22,0.0001926613407396971
203082,Terrence Ross,2021-22,-0.04660859531620451
203084,Harrison Barnes,2021-22,0.024320033072950165
203085,Austin Rivers,2021-22,0.029906703347120367
203095,Evan Fournier,2021-22,0.02240903851195561
203109,Jae Crowder,2021-22,-0.05459575524501206
203114,Khris Middleton,2021-22,-0.002270616412559129
203115,Will Barton,2021-22,-0.027690861587944537
203200,Justin Holiday,2021-22,-0.03529616623354767
203463,Ben McLemore,2021-22,-0.013557190381102563
203468,CJ McCollum,2021-22,0.048698618931535986
203471,Dennis Schröder,2021-22,-0.06932643157351451
203484,Kentavious Caldwell-Pope,2021-22,-0.0017565485325787833
203486,Mason Plumlee,2021-22,0.044844831032086085
203490,Otto Porter Jr.,2021-22,0.03467149545799464
203493,Reggie Bullock Jr.,2021-22,-0.032386889089854376
203496,Robert Covington,2021-22,0.017846507494585828
203497,Rudy Gobert,2021-22,0.2261944968891948
203500,Steven Adams,2021-22,0.011149376486631557
203507,Giannis Antetokounmpo,2021-22,0.01724131815377239
203552,Seth Curry,2021-22,0.07372643580999805
203897,Zach LaVine,2021-22,0.051324875616028054
203903,Jordan Clarkson,2021-22,-0.0004574257255612335
203914,Gary Harris,2021-22,0.021973846204263292
203915,Spencer Dinwiddie,2021-22,-0.02157865379573673
203926,Doug McDermott,2021-22,0.041563337154489566
203932,Aaron Gordon,2021-22,0.013203671785658622
203935,Marcus Smart,2021-22,0.004415161993736982
203937,Kyle Anderson,2021-22,-0.06402475673691319
203939,Dwight Powell,2021-22,0.07187495731537441
203944,Julius Randle,2021-22,-0.08727792840713566
203952,Andrew Wiggins,2021-22,0.05489148704933372
203954,Joel Embiid,2021-22,0.012935573333600792
203991,Clint Capela,2021-22,0.19820838845778443
203992,Bogdan Bogdanović,2021-22,0.014556746901127404
203994,Jusuf Nurkić,2021-22,-0.02381632531340827
203999,Nikola Jokić,2021-22,0.07281158242473573
204001,Kristaps Porziņģis,2021-22,-0.04268429209360908
1626145,Tyus Jones,2021-22,0.02227221234599558
1626149,Montrezl Harrell,2021-22,0.07915778818987085
1626156,D'Angelo Russell,2021-22,-0.02670879872327292
1626157,Karl-Anthony Towns,2021-22,0.0931769559603608
1626162,Kelly Oubre Jr.,2021-22,-0.014722978120061014
1626164,Devin Booker,2021-22,0.0379669033677944
1626166,Cameron Payne,2021-22,-0.07990786881280157
1626168,Trey Lyles,2021-22,-0.0012913545256637016
1626171,Bobby Portis,2021-22,0.054477167800507376
1626172,Kevon Looney,2021-22,-0.011214067329571309
1626174,Christian Wood,2021-22,0.0477868725200527
1626179,Terry Rozier,2021-22,0.0395447424306784
1626192,Pat Connaughton,2021-22,0.05585213985505688
1626196,Josh Richardson,2021-22,0.004586138830991432
1626220,Royce O'Neale,2021-22,0.03586498256789966
1626224,Cedi Osman,2021-22,0.020806609362157946
1627734,Domantas Sabonis,2021-22,0.03073467953759662
1627736,Malik Beasley,2021-22,-0.027897468024985744
1627741,Buddy Hield,2021-22,-0.03798338285977612
1627742,Brandon Ingram,2021-22,0.003833979792049552
1627747,Caris LeVert,2021-22,-0.06550345928772758
1627749,Dejounte Murray,2021-22,-0.005640759058894607
1627751,Jakob Poeltl,2021-22,0.14638351674689898
1627759,Jaylen Brown,2021-22,0.008436883394345951
1627777,Georges Niang,2021-22,0.016736557471868918
1627783,Pascal Siakam,2021-22,-0.004839890909138722
1627788,Furkan Korkmaz,2021-22,-0.05249865379573668
1627826,Ivica Zubac,2021-22,0.054919641638146666
1627827,Dorian Finney-Smith,2021-22,0.02465589165880877
1627832,Fred VanVleet,2021-22,-0.0407422628182931
1628368,De'Aaron Fox,2021-22,-0.040068707271672555
1628369,Jayson Tatum,2021-22,0.04200134620426332
1628370,Malik Monk,2021-22,0.07238619468911178
1628374,Lauri Markkanen,2021-22,0.029641563595567633
1628378,Donovan Mitchell,2021-22,0.002386671469013668
1628379,Luke Kennard,2021-22,0.05911801287092994
1628381,John Collins,2021-22,0.0356703602887703
1628386,Jarrett Allen,2021-22,0.15166563191854893
1628389,Bam Adebayo,2021-22,0.005528676712737823
1628398,Kyle Kuzma,2021-22,-0.022600023658750357
1628401,Derrick White,2021-22,-0.03458436808145102
1628402,Frank Jackson,2021-22,-0.052008760178715446
1628404,Josh Hart,2021-22,0.040548321293231215
1628420,Monté Morris,2021-22,0.02173238068702188
1628449,Chris Boucher,2021-22,-0.03141340789409741
1628467,Maxi Kleber,2021-22,0.03284023509315215
1628470,Torrey Craig,2021-22,0.017868012870929928
1628960,Grayson Allen,2021-22,0.010390695316689291
1628964,Mo Bamba,2021-22,0.05241064852984467
1628969,Mikal Bridges,2021-22,0.06675352011730679
1628970,Miles Bridges,2021-22,0.011899315747410433
1628971,Bruce Brown,2021-22,0.01669814107605816
1628973,Jalen Brunson,2021-22,0.029161631336646177
1628976,Wendell Carter Jr.,2021-22,0.04284832026766383
1628977,Hamidou Diallo,2021-22,-0.04739762990495175
1628983,Shai Gilgeous-Alexander,2021-22,-0.011252707849790822
1628984,Devonte' Graham,2021-22,-0.02502258017610484
1628989,Kevin Huerter,2021-22,0.026974073476990545
1628991,Jaren Jackson Jr.,2021-22,-0.050733094355177255
1628997,Caleb Martin,2021-22,0.06122239883584224
1628998,Cody Martin,2021-22,0.016420803217837954
1629001,De'Anthony Melton,2021-22,-0.01101398226289002
1629002,Chimezie Metu,2021-22,-0.04942751977511817
1629003,Shake Milton,2021-22,-0.010043751834952375
1629011,Mitchell Robinson,2021-22,0.10994690984064953
1629013,Landry Shamet,2021-22,-0.0372326160598877
1629014,Anfernee Simons,2021-22,0.051860437113354196
1629018,Gary Trent Jr.,2021-22,-0.022305550347460845
1629020,Jarred Vanderbilt,2021-22,0.058727368509096045
1629022,Lonnie Walker IV,2021-22,-0.07059277144279555
1629023,P.J. Washington,2021-22,0.024369592649760907
1629027,Trae Young,2021-22,-0.0008126340588946179
1629028,Deandre Ayton,2021-22,0.10251647225468347
1629029,Luka Dončić,2021-22,0.02027739515531224
1629052,Oshae Brissett,2021-22,-0.027633331215091594
1629057,Robert Williams III,2021-22,0.10431054076095364
1629130,Duncan Robinson,2021-22,0.021622398835842216
1629216,Gabe Vincent,2021-22,0.009271859024776063
1629599,Amir Coffey,2021-22,0.033269247438831195
1629604,CJ Elleby,2021-22,-0.07909865379573672
1629611,Terance Mann,2021-22,0.01984080198657623
1629622,Max Strus,2021-22,0.08943193981156922
1629628,RJ Barrett,2021-22,-0.0027216732277247357
1629630,Ja Morant,2021-22,0.002177682082125848
1629631,De'Andre Hunter,2021-22,0.0038002055198526064
1629632,Coby White,2021-22,-0.009686458673785509
1629636,Darius Garland,2021-22,-0.009671060434740891
1629637,Jaxson Hayes,2021-22,0.08163109827037901
1629638,Nickeil Alexander-Walker,2021-22,-0.08646652383183778
1629639,Tyler Herro,2021-22,0.049932248982041044
1629640,Keldon Johnson,2021-22,0.015393368467714108
1629643,Chuma Okeke,2021-22,-0.06520431417309519
1629645,Kevin Porter Jr.,2021-22,-0.004384641056883215
1629647,Darius Bazley,2021-22,-0.05268550394864188
1629652,Luguentz Dort,2021-22,-0.049228231260525473
1629655,Daniel Gafford,2021-22,0.07834510321499294
1629659,Talen Horton-Tucker,2021-22,-0.09455174021548982
1629661,Cameron Johnson,2021-22,0.022360855406717284
1629673,Jordan Poole,2021-22,0.006575730440716465
1629680,Matisse Thybulle,2021-22,0.004728131918548983
1629684,Grant Williams,2021-22,0.056593963653927715
1629726,Garrison Mathews,2021-22,-0.01703745976588597
1629750,Javonte Green,2021-22,0.03740844679597927
1630162,Anthony Edwards,2021-22,0.02265321260897843
1630163,LaMelo Ball,2021-22,-0.022777253017526616
1630165,Killian Hayes,2021-22,-0.1072633002603832
1630166,Deni Avdija,2021-22,-0.022591757244012606
1630169,Tyrese Haliburton,2021-22,0.002444589447506501
1630170,Devin Vassell,2021-22,-0.03972144791338375
1630171,Isaac Okoro,2021-22,-0.014120082367165221
1630173,Precious Achiuwa,2021-22,-0.014617895778244044
1630175,Cole Anthony,2021-22,-0.07779865379573672
1630178,Tyrese Maxey,2021-22,0.032568012870929974
1630180,Saddiq Bey,2021-22,-0.058803916953631435
1630181,R.J. Hampton,2021-22,-0.0685648229499656
1630183,Jaden McDaniels,2021-22,0.009438634339856478
1630191,Isaiah Stewart,2021-22,-0.03960028423051931
1630193,Immanuel Quickley,2021-22,-0.07446258822196625
1630197,Aleksej Pokusevski,2021-22,-0.09125202167138441
1630217,Desmond Bane,2021-22,0.02435415285706996
1630224,Jalen Green,2021-22,0.009959966893918482
1630231,KJ Martin,2021-22,0.02860587694859984
1630245,Ayo Dosunmu,2021-22,0.04540134620426323
1630256,Jae'Sean Tate,2021-22,-0.014071381068464006
1630529,Herbert Jones,2021-22,-0.040291804480668214
1630532,Franz Wagner,2021-22,-0.015189776073793682
1630533,Ziaire Williams,2021-22,-0.012954903795736772
1630537,Chris Duarte,2021-22,0.0013673839401123489
1630544,Tre Mann,2021-22,-0.04064075905889461
1630557,Corey Kispert,2021-22,0.041060241909784745
1630558,Davion Mitchell,2021-22,-0.06921363938651481
1630559,Austin Reaves,2021-22,-0.01740242738064235
1630567,Scottie Barnes,2021-22,-0.051513195986041954
1630578,Alperen Sengun,2021-22,-0.08580424038791545
1630581,Josh Giddey,2021-22,-0.09731788456496748
1630595,Cade Cunningham,2021-22,-0.05918326918035213
1630596,Evan Mobley,2021-22,-0.05252865379573671
1630598,Aaron Wiggins,2021-22,-0.0401115192928127
2544,LeBron James,2022-23,0.04280525966001919
101108,Chris Paul,2022-23,-0.020681737244005544
200768,Kyle Lowry,2022-23,-0.08897110516508705
200782,P.J. Tucker,2022-23,-0.030364641655770297
201143,Al Horford,2022-23,0.04255836970786614
201144,Mike Conley,2022-23,-0.020684812110315726
201566,Russell Westbrook,2022-23,-0.07324008446953545
201567,Kevin Love,2022-23,-0.027868169881576726
201569,Eric Gordon,2022-23,-0.01799227964278327
201572,Brook Lopez,2022-23,0.09584388176272124
201587,Nicolas Batum,2022-23,-0.017838599989103615
201935,James Harden,2022-23,0.010840339044942332
201939,Stephen Curry,2022-23,0.07142951595292535
201942,DeMar DeRozan,2022-23,-0.022309377901235772
201950,Jrue Holiday,2022-23,0.03056401740889486
201976,Patrick Beverley,2022-23,-0.08708218973269335
202330,Gordon Hayward,2022-23,-0.03576406062561949
202331,Paul George,2022-23,-0.01722061846813694
202681,Kyrie Irving,2022-23,0.033746862816120715
202685,Jonas Valančiūnas,2022-23,-0.005065960297388761
202691,Klay Thompson,2022-23,0.023296320645817048
202692,Alec Burks,2022-23,0.014788850991288544
202694,Marcus Morris Sr.,2022-23,-0.0250815378422109
202695,Kawhi Leonard,2022-23,0.09176346719435896
202696,Nikola Vučević,2022-23,0.022464993567278102
202699,Tobias Harris,2022-23,0.01712949404951941
202704,Reggie Jackson,2022-23,-0.0420965075316827
202710,Jimmy Butler III,2022-23,0.0625497495254595
202711,Bojan Bogdanovic,2022-23,0.07007552959715713
203076,Anthony Davis,2022-23,-0.008127061527565094
203078,Bradley Beal,2022-23,0.026500203803748346
203081,Damian Lillard,2022-23,0.010586016238966545
203082,Terrence Ross,2022-23,-0.00884509349559709
203084,Harrison Barnes,2022-23,-0.001992869961555399
203110,Draymond Green,2022-23,-0.006781266655770279
203468,CJ McCollum,2022-23,-0.014126553784483159
203471,Dennis Schröder,2022-23,-0.06369362282015387
203482,Kelly Olynyk,2022-23,0.026403824253320607
203484,Kentavious Caldwell-Pope,2022-23,0.005804378014280492
203486,Mason Plumlee,2022-23,0.07128134054741908
203493,Reggie Bullock Jr.,2022-23,-0.012123448473952136
203497,Rudy Gobert,2022-23,0.05554553268715712
203501,Tim Hardaway Jr.,2022-23,-0.0002387103643795574
203507,Giannis Antetokounmpo,2022-23,-0.037781965684896474
203897,Zach LaVine,2022-23,0.05681065800176399
203903,Jordan Clarkson,2022-23,-0.00986906278933794
203915,Spencer Dinwiddie,2022-23,-0.006024609015538196
203924,Jerami Grant,2022-23,0.06267445684653389
203925,Joe Harris,2022-23,0.06497550257499896
203926,Doug McDermott,2022-23,0.006117684163901876
203932,Aaron Gordon,2022-23,-0.0027765084858356603
203935,Marcus Smart,2022-23,-0.04474976004784076
203937,Kyle Anderson,2022-23,0.036106244135596655
203944,Julius Randle,2022-23,-0.00384685081418612
203954,Joel Embiid,2022-23,0.026032659040824135
203991,Clint Capela,2022-23,0.051557738062947056
203992,Bogdan Bogdanović,2022-23,0.04785410834422976
203994,Jusuf Nurkić,2022-23,-0.026559552370055972
203999,Nikola Jokić,2022-23,0.10055181725069468
204001,Kristaps Porziņģis,2022-23,0.018078507594670667
204456,T.J. McConnell,2022-23,0.02099975006663779
1626145,Tyus Jones,2022-23,0.013998077825835092
1626153,Delon Wright,2022-23,-0.027998322211325866
1626156,D'Angelo Russell,2022-23,0.038386625236121685
1626164,Devin Booker,2022-23,0.00793083558065144
1626167,Myles Turner,2022-23,0.04417165642115278
1626171,Bobby Portis,2022-23,0.00436342021291658
1626172,Kevon Looney,2022-23,0.02019888559336469
1626174,Christian Wood,2022-23,0.04819502152866778
1626179,Terry Rozier,2022-23,-0.02331105177973719
1626181,Norman Powell,2022-23,0.08858406336904368
1626192,Pat Connaughton,2022-23,-0.023701695227198838
1626196,Josh Richardson,2022-23,0.012068909168405528
1626204,Larry Nance Jr.,2022-23,0.03227251112200752
1626220,Royce O'Neale,2022-23,-0.06819971110021472
1626224,Cedi Osman,2022-23,0.009268744643664784
1627734,Domantas Sabonis,2022-23,0.047480569038280684
1627736,Malik Beasley,2022-23,-0.0343246736638565
1627741,Buddy Hield,2022-23,0.041467706317202674
1627747,Caris LeVert,2022-23,-0.024584736854445788
1627749,Dejounte Murray,2022-23,-0.007561132577557972
1627750,Jamal Murray,2022-23,0.008796299923864215
1627751,Jakob Poeltl,2022-23,0.06187509054741913
1627752,Taurean Prince,2022-23,0.029716955566451986
1627759,Jaylen Brown,2022-23,0.03321911007553163
1627763,Malcolm Brogdon,2022-23,0.02050888428762601
1627783,Pascal Siakam,2022-23,-0.02117834357884718
1627814,Damion Lee,2022-23,0.019789059585364477
1627826,Ivica Zubac,2022-23,0.04493046335443668
1627827,Dorian Finney-Smith,2022-23,-0.037705266655770286
1627832,Fred VanVleet,2022-23,-0.047610653072632125
1627936,Alex Caruso,2022-23,-0.019528851561430638
1628365,Markelle Fultz,2022-23,-0.041419740339980804
1628368,De'Aaron Fox,2022-23,0.0013901802244996042
1628369,Jayson Tatum,2022-23,0.035870965545763134
1628370,Malik Monk,2022-23,-0.02223603588653955
1628372,Dennis Smith Jr.,2022-23,-0.12306526665577028
1628374,Lauri Markkanen,2022-23,0.05053270802777404
1628378,Donovan Mitchell,2022-23,0.0277626658336812
1628379,Luke Kennard,2022-23,0.04383344302164904
1628380,Zach Collins,2022-23,0.0167741451089356
1628381,John Collins,2022-23,-0.01719019816261963
1628384,OG Anunoby,2022-23,0.019035097927563083
1628386,Jarrett Allen,2022-23,-9.617574667933337e-05
1628389,Bam Adebayo,2022-23,-0.04790485400102473
1628398,Kyle Kuzma,2022-23,-0.05427428335335843
1628401,Derrick White,2022-23,0.015062300911797277
1628404,Josh Hart,2022-23,0.022565628866617782
1628415,Dillon Brooks,2022-23,-0.06613090117353676
1628420,Monté Morris,2022-23,-0.032555517912051635
1628449,Chris Boucher,2022-23,0.0642319347094174
1628470,Torrey Craig,2022-23,-0.013028582717946435
1628960,Grayson Allen,2022-23,0.014994733344229683
1628966,Keita Bates-Diop,2022-23,0.0679874340741567
1628969,Mikal Bridges,2022-23,-0.0007797027459958694
1628971,Bruce Brown,2022-23,0.022474480179672796
1628972,Troy Brown Jr.,2022-23,-0.007874394172548788
1628973,Jalen Brunson,2022-23,0.025657683601519626
1628975,Jevon Carter,2022-23,-0.020833391655770223
1628976,Wendell Carter Jr.,2022-23,0.019088596160114213
1628978,Donte DiVincenzo,2022-23,0.021983622233118616
1628983,Shai Gilgeous-Alexander,2022-23,0.0006293228462485589
1628989,Kevin Huerter,2022-23,0.07308657007892366
1628991,Jaren Jackson Jr.,2022-23,-0.002883752711547116
1628997,Caleb Martin,2022-23,-0.020105266655770226
1629001,De'Anthony Melton,2022-23,-0.02052169858065292
1629003,Shake Milton,2022-23,0.023408526447678046
1629008,Michael Porter Jr.,2022-23,0.11239056667756309
1629011,Mitchell Robinson,2022-23,0.0617408547174596
1629014,Anfernee Simons,2022-23,0.031743174092670495
1629018,Gary Trent Jr.,2022-23,-0.017336016009775468
1629020,Jarred Vanderbilt,2022-23,-0.008671933322436931
1629022,Lonnie Walker IV,2022-23,0.013397233344229709
1629023,P.J. Washington,2022-23,-0.034305473695107724
1629026,Kenrich Williams,2022-23,0.08048140001089643
1629027,Trae Young,2022-23,-0.04290234931379297
1629028,Deandre Ayton,2022-23,0.020454660484484743
1629029,Luka Dončić,2022-23,-0.02705848794428567
1629060,Rui Hachimura,2022-23,-0.01872960125653067
1629216,Gabe Vincent,2022-23,-0.030675657717222804
1629234,Drew Eubanks,2022-23,0.017482075116381668
1629611,Terance Mann,2022-23,0.028589560930436575
1629614,Andrew Nembhard,2022-23,-0.03958497680069781
1629622,Max Strus,2022-23,-0.009445633628247296
1629626,Bol Bol,2022-23,0.0407568692665598
1629628,RJ Barrett,2022-23,-0.06500674376064469
1629630,Ja Morant,2022-23,-0.04058352752533548
1629631,De'Andre Hunter,2022-23,-0.036416261420168156
1629632,Coby White,2022-23,0.0026755243046816535
1629636,Darius Garland,2022-23,0.005915785975808663
1629639,Tyler Herro,2022-23,0.031048636689954667
1629640,Keldon Johnson,2022-23,-0.04933135361229202
1629645,Kevin Porter Jr.,2022-23,-0.03866805735344475
1629651,Nic Claxton,2022-23,0.08152419769027625
1629652,Luguentz Dort,2022-23,-0.0884247039959237
1629655,Daniel Gafford,2022-23,0.09407409417060753
1629656,Quentin Grimes,2022-23,0.05755723334422974
1629659,Talen Horton-Tucker,2022-23,-0.0760521980637125
1629667,Jalen McDaniels,2022-23,-0.02397971921051481
1629673,Jordan Poole,2022-23,-0.029720736269029963
1629684,Grant Williams,2022-23,0.021148579498075915
1629723,John Konchar,2022-23,-0.06532423217301164
1630162,Anthony Edwards,2022-23,0.01481072814266926
1630165,Killian Hayes,2022-23,-0.11858167861590316
1630166,Deni Avdija,2022-23,-0.06070018191000756
1630168,Onyeka Okongwu,2022-23,0.040896372688492
1630169,Tyrese Haliburton,2022-23,0.041420820300751504
1630171,Isaac Okoro,2022-23,0.015083549133703467
1630172,Patrick Williams,2022-23,-0.026380266655770312
1630173,Precious Achiuwa,2022-23,-0.047681232321006295
1630174,Aaron Nesmith,2022-23,-0.060812029940794404
1630175,Cole Anthony,2022-23,-0.026540322006323808
1630178,Tyrese Maxey,2022-23,0.012396933833227264
1630180,Saddiq Bey,2022-23,0.0002913694298566638
1630182,Josh Green,2022-23,0.07487371423594946
1630183,Jaden McDaniels,2022-23,0.06184576579260731
1630191,Isaiah Stewart,2022-23,-0.031285878900668196
1630193,Immanuel Quickley,2022-23,-0.0030658727163763444
1630200,Tre Jones,2022-23,-0.11022168456621803
1630217,Desmond Bane,2022-23,0.033330749440809215
1630224,Jalen Green,2022-23,-0.022937859248362863
1630228,Jonathan Kuminga,2022-23,0.012704960616956973
1630230,Naji Marshall,2022-23,-0.03775526665577028
1630231,KJ Martin,2022-23,0.012612031922428768
1630245,Ayo Dosunmu,2022-23,-0.009868903019406572
1630529,Herbert Jones,2022-23,-0.055192766655770276
1630530,Trey Murphy III,2022-23,0.04958469150322553
1630532,Franz Wagner,2022-23,0.024155475229855672
1630534,Ochai Agbaji,2022-23,0.005523304772801191
1630557,Corey Kispert,2022-23,0.09712806667756302
1630559,Austin Reaves,2022-23,0.04541321160509926
1630567,Scottie Barnes,2022-23,-0.06272343303947148
1630578,Alperen Sengun,2022-23,0.010700983344229698
1630581,Josh Giddey,2022-23,-0.038104410735656125
1630583,Santi Aldama,2022-23,-0.026323239006000643
1630587,Isaiah Livers,2022-23,-0.0235578982347176
1630591,Jalen Suggs,2022-23,-0.10581848504657487
1630596,Evan Mobley,2022-23,-0.05496836361669652
1630631,Jose Alvarado,2022-23,-0.06221708931586881
1631093,Jaden Ivey,2022-23,-0.06689477558434173
1631094,Paolo Banchero,2022-23,-0.05680944622233372
1631095,Jabari Smith Jr.,2022-23,-0.04713739100810185
1631097,Bennedict Mathurin,2022-23,-0.060020730573296016
1631099,Keegan Murray,2022-23,0.048565217925727544
1631101,Shaedon Sharpe,2022-23,0.016599695176290785
1631103,Malaki Branham,2022-23,-0.04916564401426082
1631105,Jalen Duren,2022-23,0.046782917834485405
1631106,Tari Eason,2022-23,-0.04895160811918492
1631110,Jeremy Sochan,2022-23,-0.09457283422333784
1631114,Jalen Williams,2022-23,0.015415039021085597
1631117,Walker Kessler,2022-23,0.08743463567635895
2544,LeBron James,2023-24,0.07741783305859729
101108,Chris Paul,2023-24,-0.07172918594827987
200768,Kyle Lowry,2023-24,0.0593852208313812
201142,Kevin Durant,2023-24,0.11370317454928963
201143,Al Horford,2023-24,0.10865216998392352
201144,Mike Conley,2023-24,0.019864348263898407
201566,Russell Westbrook,2023-24,-0.08039704774749762
201569,Eric Gordon,2023-24,0.0076844540840042
201572,Brook Lopez,2023-24,0.0509225493220995
201587,Nicolas Batum,2023-24,0.02391990381945397
201935,James Harden,2023-24,0.00919258559213576
201939,Stephen Curry,2023-24,0.03726600500381766
201942,DeMar DeRozan,2023-24,-0.04280172103120311
201950,Jrue Holiday,2023-24,0.01036811343986277
201976,Patrick Beverley,2023-24,-0.05392800792207478
202330,Gordon Hayward,2023-24,0.015910644560194698
202331,Paul George,2023-24,0.03191893426351067
202681,Kyrie Irving,2023-24,0.06941160241460087
202685,Jonas Valančiūnas,2023-24,-0.0003056475746367471
202691,Klay Thompson,2023-24,-0.009702100537844538
202695,Kawhi Leonard,2023-24,0.05709601870985459
202696,Nikola Vučević,2023-24,-0.04170185543980531
202699,Tobias Harris,2023-24,-0.0243646965704096
202704,Reggie Jackson,2023-24,-0.04654881489926474
202710,Jimmy Butler III,2023-24,0.08598207313162332
202711,Bojan Bogdanovic,2023-24,-0.017135907163943254
203076,Anthony Davis,2023-24,-0.03558428988557408
203078,Bradley Beal,2023-24,0.02592535044254768
203081,Damian Lillard,2023-24,-0.022677639268188138
203084,Harrison Barnes,2023-24,0.02846805196760216
203109,Jae Crowder,2023-24,-0.07891727751772737
203110,Draymond Green,2023-24,0.02450476220725356
203114,Khris Middleton,2023-24,0.030536531085017415
203468,CJ McCollum,2023-24,0.02659326867366993
203471,Dennis Schröder,2023-24,-0.05863429214866603
203482,Kelly Olynyk,2023-24,0.028662510231836524
203484,Kentavious Caldwell-Pope,2023-24,0.03462939456019476
203497,Rudy Gobert,2023-24,0.09271002727624411
203501,Tim Hardaway Jr.,2023-24,-0.0012652813657312023
203507,Giannis Antetokounmpo,2023-24,0.03688274521664986
203903,Jordan Clarkson,2023-24,-0.10534935543980525
203914,Gary Harris,2023-24,0.024419903819454053
203915,Spencer Dinwiddie,2023-24,-0.029695287643195095
203924,Jerami Grant,2023-24,0.05179894243253513
203932,Aaron Gordon,2023-24,0.015385980883064698
203937,Kyle Anderson,2023-24,-0.10467556233635697
203952,Andrew Wiggins,2023-24,-0.042302801915001076
203991,Clint Capela,2023-24,0.01310629455305462
203992,Bogdan Bogdanović,2023-24,0.019862979190544916
203994,Jusuf Nurkić,2023-24,-0.09929096834303108
203999,Nikola Jokić,2023-24,0.06816705481660496
204001,Kristaps Porziņģis,2023-24,0.05330741072934897
1626145,Tyus Jones,2023-24,0.021038693340682535
1626156,D'Angelo Russell,2023-24,0.023082122620240925
1626157,Karl-Anthony Towns,2023-24,0.07075006763711778
1626162,Kelly Oubre Jr.,2023-24,-0.026306022106471955
1626164,Devin Booker,2023-24,0.04796064456019472
1626167,Myles Turner,2023-24,0.030522713525711953
1626168,Trey Lyles,2023-24,0.022681921155939366
1626171,Bobby Portis,2023-24,0.057691523420052127
1626179,Terry Rozier,2023-24,-0.0014550579191441315
1626181,Norman Powell,2023-24,0.05846173447845088
1626192,Pat Connaughton,2023-24,0.03308445408400418
1626220,Royce O'Neale,2023-24,-0.052032903826902094
1627734,Domantas Sabonis,2023-24,0.02240803359413729
1627736,Malik Beasley,2023-24,0.023425484742843117
1627741,Buddy Hield,2023-24,0.021689490714040943
1627742,Brandon Ingram,2023-24,-0.013047976129460459
1627747,Caris LeVert,2023-24,-0.06527259794661724
1627749,Dejounte Murray,2023-24,0.005800359185640619
1627750,Jamal Murray,2023-24,-0.0100197678109393
1627751,Jakob Poeltl,2023-24,0.0684375904693959
1627752,Taurean Prince,2023-24,-0.0100254019514332
1627759,Jaylen Brown,2023-24,-0.01154367198656786
1627777,Georges Niang,2023-24,-0.0015587431949073416
1627783,Pascal Siakam,2023-24,0.010823497857637532
1627826,Ivica Zubac,2023-24,0.05074207004254233
1627827,Dorian Finney-Smith,2023-24,-0.019339355439805306
1627832,Fred VanVleet,2023-24,-0.024582346094010887
1627884,Derrick Jones Jr.,2023-24,-0.009018781277125854
1627936,Alex Caruso,2023-24,0.03421486142766461
1628368,De'Aaron Fox,2023-24,0.004243977893528039
1628369,Jayson Tatum,2023-24,0.059852468459565766
1628370,Malik Monk,2023-24,-0.03270479453328973
1628374,Lauri Markkanen,2023-24,0.04809681477296074
1628378,Donovan Mitchell,2023-24,-0.0026880784260528423
1628380,Zach Collins,2023-24,-0.03795403433888789
1628381,John Collins,2023-24,0.032780448961172715
1628384,OG Anunoby,2023-24,0.03896020403156042
1628386,Jarrett Allen,2023-24,0.031681921155939374
1628389,Bam Adebayo,2023-24,-0.008010932562855566
1628392,Isaiah Hartenstein,2023-24,0.051742762883188964
1628398,Kyle Kuzma,2023-24,0.010438509552345432
1628401,Derrick White,2023-24,0.00994189456019473
1628404,Josh Hart,2023-24,-0.050577060357838044
1628415,Dillon Brooks,2023-24,-0.054583617734887235
1628960,Grayson Allen,2023-24,0.06486004932209943
1628963,Marvin Bagley III,2023-24,0.1059147162214325
1628969,Mikal Bridges,2023-24,-0.014047303683797918
1628970,Miles Bridges,2023-24,-0.029279146015721458
1628971,Bruce Brown,2023-24,-0.073555443767881
1628973,Jalen Brunson,2023-24,0.026861943261493437
1628976,Wendell Carter Jr.,2023-24,0.046790644560194716
1628978,Donte DiVincenzo,2023-24,0.023507959996436345
1628983,Shai Gilgeous-Alexander,2023-24,0.027495390322906543
1628989,Kevin Huerter,2023-24,-0.004372322472772305
1628991,Jaren Jackson Jr.,2023-24,-0.045945374591652044
1628997,Caleb Martin,2023-24,-0.031757076958792624
1629008,Michael Porter Jr.,2023-24,0.04359411649366668
1629012,Collin Sexton,2023-24,0.03259422389598815
1629018,Gary Trent Jr.,2023-24,0.04599785386252031
1629023,P.J. Washington,2023-24,-0.02073612963335364
1629027,Trae Young,2023-24,-0.03258734471594471
1629028,Deandre Ayton,2023-24,0.021174696082442934
1629029,Luka Dončić,2023-24,0.0617056373033007
1629060,Rui Hachimura,2023-24,0.07259597579047866
1629130,Duncan Robinson,2023-24,0.04639115303477104
1629312,Haywood Highsmith,2023-24,-0.014686974487424342
1629599,Amir Coffey,2023-24,0.026473728672344266
1629611,Terance Mann,2023-24,0.015329726685798573
1629614,Andrew Nembhard,2023-24,0.015888968259616665
1629622,Max Strus,2023-24,-0.013952398918066128
1629627,Zion Williamson,2023-24,0.10335801298124736
1629628,RJ Barrett,2023-24,0.01981006984755107
1629631,De'Andre Hunter,2023-24,0.009785644560194706
1629632,Coby White,2023-24,-0.001154211315636755
1629636,Darius Garland,2023-24,-0.02550602210647193
1629638,Nickeil Alexander-Walker,2023-24,-0.028151855439805307
1629640,Keldon Johnson,2023-24,-0.024699083946592648
1629651,Nic Claxton,2023-24,0.123126784515048
1629652,Luguentz Dort,2023-24,0.014915030525107037
1629655,Daniel Gafford,2023-24,0.08780773750247833
1629656,Quentin Grimes,2023-24,-0.02528763130187428
1629661,Cameron Johnson,2023-24,-0.0026337479631697858
1629673,Jordan Poole,2023-24,-0.03883125827381337
1629675,Naz Reid,2023-24,0.024171540443972017
1629680,Matisse Thybulle,2023-24,-0.04553653853839679
1629684,Grant Williams,2023-24,0.0160009586963204
1629723,John Konchar,2023-24,-0.03415986826031814
1629731,Dean Wade,2023-24,0.03984246274201286
1630162,Anthony Edwards,2023-24,-0.005338034435842298
1630166,Deni Avdija,2023-24,0.035446358845909076
1630167,Obi Toppin,2023-24,0.08833207313162328
1630168,Onyeka Okongwu,2023-24,0.06998932981915884
1630169,Tyrese Haliburton,2023-24,0.030760644560194728
1630170,Devin Vassell,2023-24,0.02583228635123952
1630171,Isaac Okoro,2023-24,0.0051886819433722975
1630173,Precious Achiuwa,2023-24,-0.04402872421056947
1630174,Aaron Nesmith,2023-24,0.05013135585726586
1630175,Cole Anthony,2023-24,-0.06002837983004916
1630178,Tyrese Maxey,2023-24,-0.022286723860857893
1630180,Saddiq Bey,2023-24,-0.037078326028040565
1630182,Josh Green,2023-24,0.029838063915033408
1630183,Jaden McDaniels,2023-24,-0.014489874470947128
1630193,Immanuel Quickley,2023-24,-0.021445124670574495
1630200,Tre Jones,2023-24,0.028200708662758756
1630202,Payton Pritchard,2023-24,0.028932249498466345
1630208,Nick Richards,2023-24,0.08815106853102955
1630224,Jalen Green,2023-24,-0.06801792686837668
1630228,Jonathan Kuminga,2023-24,0.012875356289816953
1630245,Ayo Dosunmu,2023-24,0.021818457060194696
1630529,Herbert Jones,2023-24,0.03162760491261768
1630530,Trey Murphy III,2023-24,0.011333576891021768
1630532,Franz Wagner,2023-24,-0.040647282269073604
1630533,Ziaire Williams,2023-24,-0.07791989235255695
1630534,Ochai Agbaji,2023-24,-0.07228744287149927
1630552,Jalen Johnson,2023-24,0.001782266181816261
1630557,Corey Kispert,2023-24,0.07793650662916024
1630559,Austin Reaves,2023-24,0.03785659050614065
1630560,Cam Thomas,2023-24,0.0016704806257685223
1630567,Scottie Barnes,2023-24,-0.004456885320283377
1630573,Sam Hauser,2023-24,0.004475459375009538
1630578,Alperen Sengun,2023-24,-0.0214132015936514
1630581,Josh Giddey,2023-24,-0.03498628526436667
1630583,Santi Aldama,2023-24,-0.012089355439805327
1630591,Jalen Suggs,2023-24,0.02501548326987213
1630595,Cade Cunningham,2023-24,-0.02838088638443073
1630596,Evan Mobley,2023-24,0.08805267540852374
1630700,Dyson Daniels,2023-24,-0.03997845318416615
1630703,Scoot Henderson,2023-24,-0.11958935543980528
1631093,Jaden Ivey,2023-24,-0.06694251077961108
1631094,Paolo Banchero,2023-24,-0.018276938441133317
1631095,Jabari Smith Jr.,2023-24,0.030893628853388477
1631096,Chet Holmgren,2023-24,0.01856021259475199
1631097,Bennedict Mathurin,2023-24,-0.0002297297713560742
1631099,Keegan Murray,2023-24,0.022838063915033457
1631103,Malaki Branham,2023-24,-0.03629422908601462
1631105,Jalen Duren,2023-24,0.04970303074033183
1631110,Jeremy Sochan,2023-24,-0.07151643877313862
1631114,Jalen Williams,2023-24,0.07919516338864657
1631117,Walker Kessler,2023-24,0.03411652691313588
1631128,Christian Braun,2023-24,-0.01690089390134375
1631133,Jabari Walker,2023-24,-0.06444877793220649
1631170,Jaime Jaquez Jr.,2023-24,-0.00860331483066823
1631200,Kris Murray,2023-24,-0.10370777649243684
1631246,Vince Williams Jr.,2023-24,-0.002576944092287564
1631323,Simone Fontecchio,2023-24,0.013825880611696872
1641705,Victor Wembanyama,2023-24,-0.03178182582897615
1641706,Brandon Miller,2023-24,-0.015240010461639336
1641708,Amen Thompson,2023-24,-0.09757089906396638
1641709,Ausar Thompson,2023-24,-0.11439409996535274
1641711,Gradey Dick,2023-24,-0.028647738673338224
1641717,Cason Wallace,2023-24,0.0707856445601947
1641718,Keyonte George,2023-24,-0.05050262074592779
1641726,Dereck Lively II,2023-24,0.11464689511459392
1641731,Bilal Coulibaly,2023-24,-0.022593124284026406
1641739,Toumani Camara,2023-24,-0.09008935543980529
1641764,Brandin Podziemski,2023-24,-0.04670299180344162
